# Stint car part
o paint
usemtl paint
v -0.0538 0.5421 1.4056
v -0.0450 0.5894 1.5819
v -0.0167 0.6163 1.5796
v 0.0409 0.5876 1.4302
v 0.0331 0.6049 1.5806
v 0.0522 0.5635 1.4406
v 0.0492 0.5576 1.5847
v 0.0323 0.5172 1.4975
v 0.0289 0.5243 1.5877
v 0.0126 0.5108 1.5256
v 0.0102 0.5161 1.5884
v -0.0249 0.5074 1.4453
v -0.0118 0.5167 1.5883
v -0.0361 0.5312 1.5871
v -0.0345 0.6014 1.5809
v 0.0373 0.5841 1.5824
v 0.0542 0.5672 1.5839
v 0.0000 0.5143 1.5885
v 0.0393 0.5282 1.5873
v 0.0069 0.5148 1.5885
v -0.0207 0.5179 1.5882
v -0.0399 0.5322 1.5870
v -0.0510 0.5502 1.5854
v -0.0521 0.5834 1.5825
v -0.0289 0.6133 1.5798
v -0.0236 0.6113 1.5392
v -0.0063 0.6213 1.5791
v 0.0252 0.6152 1.5797
v 0.0482 0.5911 1.5818
v -0.0506 0.5834 1.4927
v -0.0266 0.5993 1.4226
v 0.0207 0.6029 1.4242
v 0.0427 0.5858 1.4235
v 0.0333 0.5114 1.4527
v -0.0000 0.4931 1.3550
v 0.0000 0.5003 1.4289
v -0.0453 0.5256 1.4634
v -0.0523 0.5489 1.3121
v -0.0418 0.5739 1.3107
v -0.0202 0.5904 1.3098
v 0.0202 0.5904 1.3098
v 0.0418 0.5739 1.3107
v 0.0523 0.5353 1.3129
v 0.0321 0.5006 1.3149
v -0.0202 0.4938 1.3153
v -0.0487 0.5221 1.3137
v -0.0384 0.5934 1.4462
v 0.0018 0.6043 1.3792
v 0.0497 0.5382 1.4646
v 0.0000 0.5010 1.4289
v 0.0222 0.5011 1.3542
v 0.0471 0.5264 1.3517
v 0.0506 0.5523 1.3491
v 0.0405 0.5765 1.3467
v 0.0195 0.5924 1.3451
v -0.0067 0.5958 1.3447
v -0.0391 0.5754 1.3468
v -0.0506 0.5392 1.3504
v -0.0405 0.5150 1.3528
v -0.0195 0.4991 1.3544
v -0.0000 0.4948 1.3548
v -0.0029 0.4876 1.3769
v -0.0013 0.4876 1.3769
v -0.0013 0.4956 1.3769
v -0.0029 0.4956 1.3769
v 0.0029 0.4876 1.3769
v 0.0029 0.4956 1.3769
v 0.0013 0.4956 1.3769
v 0.0013 0.4876 1.3769
v -0.7200 0.1891 -2.5326
v -0.7209 0.1988 -2.6926
v -0.7155 0.1997 -2.5196
v -0.7190 0.1893 -2.4492
v -0.7250 0.1909 -2.6804
v -0.7261 0.1806 -2.4824
v -0.7153 0.2056 -2.1569
v -0.7148 0.2174 -2.1514
v -0.7186 0.1915 -2.1345
v -0.7162 0.1974 -2.1443
v -0.7147 0.4420 -2.1630
v -0.7154 0.3956 -2.1704
v -0.7155 0.3631 -2.1742
v -0.7151 0.4312 -2.1568
v -0.7149 0.4401 -2.1571
v -0.7155 0.3114 -2.4383
v -0.7200 0.3516 -2.5300
v -0.7162 0.3599 -2.3909
v -0.7167 0.3039 -2.5231
v -0.7211 0.2029 -2.6921
v -0.7204 0.2917 -2.6243
v -0.7187 0.2718 -2.6088
v -0.8091 0.1620 -2.3848
v -0.7965 0.1614 -2.4302
v -0.7744 0.1631 -2.4719
v -0.8154 0.1633 -2.4263
v -0.8319 0.1657 -2.3966
v -0.7916 0.1683 -2.6131
v -0.7717 0.1698 -2.6448
v -0.8141 0.1712 -2.6067
v -0.9206 0.2952 -2.1276
v -0.8966 0.2047 -2.4103
v -0.9026 0.2145 -2.4044
v -0.8962 0.2071 -2.4600
v -0.9099 0.2269 -2.3679
v -0.8833 0.1965 -2.5146
v -0.8942 0.2044 -2.4603
v -0.8776 0.1946 -2.5891
v -0.8792 0.1956 -2.5787
v -0.8833 0.1990 -2.5954
v -0.9014 0.2080 -2.4661
v -0.9428 0.2060 -2.1761
v -0.9463 0.2037 -2.1762
v -0.9511 0.1983 -2.0997
v -0.9426 0.2057 -2.2592
v -0.9381 0.2065 -2.3264
v -0.9504 0.1989 -2.4002
v -0.9478 0.2040 -2.5660
v -0.9183 0.2890 -2.1232
v -0.9163 0.2415 -2.0896
v -0.9379 0.2082 -2.0644
v -0.9391 0.2074 -2.1240
v -0.9423 0.2059 -2.0901
v -0.9376 0.2090 -2.1177
v -0.9379 0.2080 -2.1424
v -0.9398 0.2068 -2.1475
v -0.7157 0.3570 -2.3587
v -0.7176 0.4151 -2.3686
v -0.7148 0.2126 -2.3382
v -0.7156 0.2016 -2.3230
v -0.7147 0.2240 -2.4489
v -0.7190 0.1891 -2.4636
v -0.9361 0.2123 -2.1157
v -0.9261 0.2611 -2.2092
v -0.9369 0.2091 -2.1450
v -0.9377 0.2090 -2.1112
v -0.9355 0.2108 -2.0718
v -0.9149 0.2100 -2.4834
v -0.9156 0.2115 -2.5633
v -0.9208 0.2105 -2.5071
v -0.9235 0.2096 -2.4703
v -0.9261 0.2088 -2.4328
v -0.9246 0.2091 -2.4333
v -0.9206 0.2096 -2.4386
v -0.9287 0.2189 -2.3091
v -0.9216 0.2115 -2.4058
v -0.9285 0.2084 -2.3969
v -0.9305 0.2084 -2.3618
v -0.9267 0.2117 -2.3629
v -0.9329 0.2110 -2.2821
v -0.9324 0.2093 -2.3080
v -0.9350 0.2174 -2.1282
v -0.9342 0.2106 -2.2432
v -0.9359 0.2097 -2.1831
v -0.8080 0.1619 -2.1602
v -0.7820 0.1616 -2.2576
v -0.7742 0.1626 -2.2341
v -0.8373 0.1667 -2.1291
v -0.8606 0.1813 -2.6009
v -0.8717 0.1870 -2.5232
v -0.8677 0.1833 -2.6110
v -0.8793 0.1858 -2.3555
v -0.8829 0.1907 -2.4080
v -0.8637 0.1768 -2.3983
v -0.8819 0.1863 -2.3005
v -0.8833 0.1868 -2.2413
v -0.8723 0.1795 -2.1731
v -0.9041 0.2123 -2.3787
v -0.8829 0.1867 -2.2610
v -0.8841 0.1874 -2.1785
v -0.8843 0.1875 -2.1539
v -0.7119 0.1751 -2.6104
v -0.7104 0.1760 -2.6731
v -0.7084 0.1889 -2.6921
v -0.7126 0.2624 -2.3743
v -0.7133 0.1899 -2.4737
v -0.7154 0.1939 -2.1362
v -0.7142 0.1785 -2.1422
v -0.7112 0.3548 -2.1725
v -0.7118 0.4350 -2.1579
v -0.7074 0.3864 -2.4538
v -0.7079 0.3515 -2.4995
v -0.7094 0.3011 -2.5437
v -0.7071 0.2891 -2.6261
v -0.7074 0.2459 -2.6769
v -0.8187 0.1603 -2.2594
v -0.8113 0.1583 -2.4342
v -0.8489 0.1659 -2.4211
v -0.8049 0.1499 -2.6011
v -0.9068 0.1968 -2.1569
v -0.9052 0.2084 -2.2680
v -0.9135 0.2416 -2.2717
v -0.9104 0.2236 -2.3677
v -0.9038 0.2109 -2.4040
v -0.9035 0.2087 -2.4214
v -0.8915 0.1927 -2.5358
v -0.9001 0.1997 -2.5999
v -0.8918 0.1923 -2.5315
v -0.8728 0.1734 -2.5898
v -0.9436 0.2020 -2.1617
v -0.9502 0.1950 -2.3108
v -0.9404 0.2028 -2.2841
v -0.9461 0.1993 -2.3470
v -0.9428 0.1940 -2.5519
v -0.9337 0.1971 -2.5492
v -0.8486 0.1699 -2.1191
v -0.9131 0.2286 -2.1337
v -0.9186 0.2831 -2.1234
v -0.9211 0.2914 -2.1207
v -0.9416 0.2025 -2.0952
v -0.9365 0.2051 -2.0613
v -0.9364 0.2044 -2.1588
v -0.9359 0.2062 -2.1075
v -0.7103 0.4374 -2.2899
v -0.7107 0.3739 -2.3393
v -0.7114 0.3207 -2.3809
v -0.7133 0.1951 -2.4716
v -0.7134 0.1877 -2.3229
v -0.7134 0.1782 -2.4657
v -0.9342 0.2095 -2.1018
v -0.9359 0.2063 -2.1068
v -0.9355 0.2061 -2.1348
v -0.9341 0.2105 -2.1173
v -0.9161 0.2017 -2.4857
v -0.9196 0.2024 -2.4700
v -0.9223 0.2038 -2.4328
v -0.9211 0.2023 -2.4696
v -0.9238 0.2036 -2.4324
v -0.9182 0.2009 -2.5060
v -0.9123 0.1994 -2.5607
v -0.9054 0.1990 -2.5468
v -0.9293 0.2111 -2.2979
v -0.9181 0.2076 -2.4136
v -0.9248 0.2086 -2.3628
v -0.9215 0.2146 -2.3551
v -0.9284 0.2053 -2.3618
v -0.9263 0.2046 -2.3967
v -0.9298 0.2124 -2.2812
v -0.9318 0.2061 -2.2788
v -0.7821 0.1587 -2.1822
v -0.7740 0.1598 -2.1116
v -0.8154 0.1602 -2.1308
v -0.8167 0.1603 -2.1850
v -0.8653 0.1681 -2.5702
v -0.8718 0.1725 -2.5819
v -0.8814 0.1835 -2.4634
v -0.8742 0.1747 -2.5543
v -0.8734 0.1779 -2.3495
v -0.8844 0.1866 -2.4261
v -0.8987 0.2023 -2.3915
v -0.8954 0.1912 -2.2751
v -0.8860 0.1879 -2.4079
v -0.8589 0.1703 -2.3603
v -0.7158 0.3340 -2.5636
v -0.7126 0.2917 -2.6243
v -0.7141 0.3127 -2.5955
v -0.7139 0.2729 -2.6479
v -0.7204 0.2823 -2.6361
v -0.7203 0.3340 -2.5636
v -0.7133 0.3536 -2.5303
v -0.7068 0.3181 -2.5867
v -0.7074 0.2519 -2.6710
v -0.7133 0.3763 -2.4836
v -0.7138 0.3951 -2.4335
v -0.7193 0.3826 -2.4653
v -0.7145 0.4050 -2.4034
v -0.7107 0.4050 -2.4034
v -0.7076 0.3951 -2.4335
v -0.7067 0.3701 -2.4972
v -0.7116 0.3536 -2.5303
v -0.7147 0.3781 -2.1677
v -0.7137 0.4118 -2.1609
v -0.7134 0.3933 -2.1651
v -0.7134 0.3703 -2.1684
v -0.7126 0.4106 -2.1619
v -0.7125 0.3928 -2.1658
v -0.7153 0.3819 -2.1669
v -0.7142 0.3438 -2.1693
v -0.7129 0.3569 -2.1689
v -0.7128 0.3145 -2.1645
v -0.7125 0.3814 -2.1673
v -0.7124 0.4162 -2.1609
v -0.7117 0.4386 -2.1577
v -0.7117 0.4219 -2.3490
v -0.7133 0.4284 -2.3268
v -0.7110 0.4140 -2.3749
v -0.7170 0.4244 -2.3400
v -0.7128 0.4333 -2.3093
v -0.7098 0.4308 -2.3180
v -0.7089 0.4179 -2.3619
v -0.7092 0.2506 -2.6729
v -0.7073 0.2313 -2.6863
v -0.7141 0.2155 -2.1395
v -0.7155 0.2018 -2.1362
v -0.7153 0.2014 -2.1356
v -0.7144 0.2158 -2.1401
v -0.7168 0.1961 -2.1339
v -0.7243 0.1827 -2.1287
v -0.7220 0.1811 -2.1308
v -0.7136 0.2159 -2.1416
v -0.7139 0.2341 -2.1448
v -0.7733 0.1544 -2.6708
v -0.7108 0.1750 -2.6652
v -0.7406 0.1685 -2.6907
v -0.8025 0.1606 -2.0759
v -0.7886 0.1600 -2.0871
v -0.7886 0.1605 -2.0877
v -0.8026 0.1601 -2.0753
v -0.8155 0.1619 -2.0649
v -0.8157 0.1614 -2.0643
v -0.7951 0.1612 -2.0818
v -0.8334 0.1654 -2.0532
v -0.8271 0.1637 -2.0558
v -0.7637 0.1614 -2.1082
v -0.8007 0.1588 -2.0780
v -0.8892 0.1967 -2.6081
v -0.8739 0.1815 -2.6144
v -0.8763 0.1817 -2.6110
v -0.8683 0.1726 -2.6118
v -0.8911 0.1942 -2.5917
v -0.8900 0.1952 -2.6027
v -0.8900 0.1873 -2.0388
v -0.8935 0.1897 -2.0311
v -0.8759 0.1787 -2.0381
v -0.9542 0.1881 -2.3975
v -0.9656 0.1685 -2.3980
v -0.9544 0.1884 -2.3534
v -0.9566 0.1903 -2.0205
v -0.9509 0.1983 -2.0614
v -0.9665 0.1725 -2.1071
v -0.9001 0.1884 -2.1109
v -0.9337 0.1988 -2.5821
v -0.9141 0.2025 -2.5986
v -0.9423 0.2036 -2.0132
v -0.9333 0.2061 -2.0152
v -0.9261 0.2060 -2.0177
v -0.7137 0.4332 -2.1563
v -0.7126 0.4417 -2.1589
v -0.7150 0.4356 -2.1563
v -0.7126 0.4420 -2.1611
v -0.7115 0.4420 -2.1610
v -0.9557 0.1936 -2.4432
v -0.8942 0.1997 -2.6063
v -0.8919 0.1941 -2.5825
v -0.8444 0.1593 -2.6173
v -0.8403 0.1568 -2.5938
v -0.8202 0.1619 -2.6435
v -0.8437 0.1754 -2.6144
v -0.8386 0.1754 -2.5881
v -0.8384 0.1695 -2.6298
v -0.8981 0.2079 -2.5980
v -0.9103 0.2069 -2.6013
v -0.9147 0.2068 -2.5992
v -0.9175 0.2112 -2.5661
v -0.9242 0.2093 -2.5872
v -0.9218 0.2064 -2.5958
v -0.8727 0.1887 -2.6080
v -0.8963 0.2042 -2.6062
v -0.8770 0.1924 -2.6079
v -0.7287 0.1827 -2.6933
v -0.7364 0.1798 -2.6792
v -0.7296 0.1843 -2.6834
v -0.7963 0.1638 -2.6581
v -0.9127 0.2009 -2.0235
v -0.9056 0.1956 -2.0259
v -0.9129 0.2004 -2.0226
v -0.9160 0.2034 -2.0222
v -0.9212 0.2052 -2.0194
v -0.9126 0.2014 -2.0264
v -0.9175 0.2045 -2.0231
v -0.7224 0.1909 -2.6918
v -0.7164 0.1935 -2.7022
v -0.7181 0.1897 -2.7024
v -0.7169 0.1999 -2.6990
v -0.7159 0.1895 -2.7032
v -0.7215 0.1854 -2.7011
v -0.7276 0.1807 -2.6983
v -0.7228 0.1874 -2.6971
v -0.7138 0.3294 -2.1675
v -0.7124 0.2712 -2.1581
v -0.7148 0.2770 -2.1595
v -0.7146 0.3293 -2.1681
v -0.7142 0.2582 -2.1523
v -0.7142 0.2344 -2.1453
v -0.7150 0.1817 -2.6979
v -0.7117 0.1899 -2.6991
v -0.7363 0.1641 -2.6887
v -0.7086 0.1857 -2.6919
v -0.7138 0.1900 -2.7022
v -0.7100 0.1771 -2.6809
v -0.7127 0.2574 -2.3297
v -0.7109 0.3058 -2.4760
v -0.7124 0.2662 -2.4064
v -0.7121 0.2573 -2.4928
v -0.7114 0.2266 -2.5615
v -0.7108 0.2603 -2.5567
v -0.7119 0.1876 -2.5852
v -0.7077 0.1998 -2.6924
v -0.7074 0.2198 -2.6892
v -0.7148 0.2844 -2.3803
v -0.7153 0.3584 -2.3315
v -0.7152 0.3078 -2.1678
v -0.7151 0.2515 -2.5004
v -0.7174 0.2484 -2.5934
v -0.7174 0.2272 -2.5994
v -0.9567 0.1856 -2.0612
v -0.9546 0.1889 -2.0582
v -0.9503 0.1951 -2.0798
v -0.9659 0.1690 -2.0285
v -0.7147 0.2373 -2.2474
v -0.7146 0.2441 -2.3266
v -0.7147 0.2313 -2.2791
v -0.7153 0.3676 -2.2651
v -0.7128 0.2487 -2.2567
v -0.7111 0.3469 -2.2058
v -0.7112 0.3293 -2.1815
v -0.9576 0.1770 -2.5341
v -0.9641 0.1719 -2.3843
v -0.9526 0.1849 -2.5354
v -0.9618 0.1706 -2.5313
v -0.9525 0.1848 -2.5487
v -0.9047 0.1907 -2.0614
v -0.9118 0.1966 -2.0651
v -0.8067 0.1588 -2.0982
v -0.7950 0.1584 -2.1225
v -0.9102 0.1953 -2.0517
v -0.9209 0.2071 -2.0556
v -0.9418 0.2026 -2.0410
v -0.7134 0.4413 -2.1899
v -0.7128 0.4393 -2.2646
v -0.7131 0.4404 -2.2241
v -0.7157 0.4393 -2.2646
v -0.7149 0.4414 -2.1846
v -0.7126 0.4414 -2.1846
v -0.7112 0.4414 -2.1845
v -0.7108 0.4401 -2.2349
v -0.7103 0.4380 -2.2876
v -0.7109 0.4036 -2.2505
v -0.7112 0.4414 -2.1842
v -0.8746 0.1805 -2.0903
v -0.8859 0.1854 -2.0646
v -0.8985 0.1939 -2.0694
v -0.9325 0.2102 -2.0516
v -0.9333 0.2129 -2.0626
v -0.9355 0.2099 -2.0619
v -0.8266 0.1646 -2.0962
v -0.8109 0.1621 -2.1290
v -0.9122 0.2047 -2.0618
v -0.8916 0.1914 -2.0938
v -0.9089 0.1993 -2.0544
v -0.9090 0.2001 -2.0585
v -0.9188 0.2081 -2.0533
v -0.9204 0.2092 -2.0527
v -0.9087 0.1991 -2.0500
v -0.9416 0.2063 -2.0427
v -0.9511 0.1982 -2.0312
v -0.9456 0.2039 -2.0262
v -0.7134 0.2003 -2.2098
v -0.7134 0.1784 -2.3009
v -0.7156 0.4395 -2.2553
v -0.9254 0.2106 -2.0519
v -0.9260 0.2108 -2.0573
v -0.9289 0.2084 -2.0527
v -0.9260 0.2070 -2.0486
v -0.9292 0.2176 -2.0691
v -0.9092 0.2099 -2.5938
v -0.9095 0.2027 -2.6007
v -0.9095 0.2005 -2.5932
v -0.9203 0.2048 -2.0215
v -0.9233 0.2305 -2.3033
v -0.9210 0.2943 -2.1244
v -0.9125 0.2184 -2.3837
v -0.9205 0.2148 -2.3640
v -0.8972 0.1959 -2.5079
v -0.9055 0.2012 -2.4870
v -0.9107 0.2028 -2.4724
v -0.9247 0.2853 -2.1223
v -0.9241 0.2868 -2.1317
v -0.9238 0.2832 -2.1157
v -0.9194 0.2770 -2.1991
v -0.9222 0.2705 -2.2104
v -0.9136 0.2214 -2.3837
v -0.9201 0.2537 -2.2742
v -0.9226 0.2207 -2.3510
v -0.9096 0.2102 -2.4602
v -0.9251 0.2890 -2.1252
v -0.9240 0.2863 -2.1152
v -0.9206 0.2973 -2.1239
v -0.9321 0.2253 -2.0866
v -0.9300 0.2208 -2.0685
v -0.9278 0.2245 -2.0725
v -0.9216 0.2094 -2.0563
v -0.9302 0.2191 -2.0767
v -0.9342 0.2078 -2.0721
v -0.9336 0.2077 -2.0625
v -0.9150 0.2004 -2.0593
v -0.9344 0.2146 -2.0793
v -0.9295 0.2238 -2.0701
v -0.9369 0.2092 -2.0800
v -0.9066 0.2226 -2.1099
v -0.9207 0.2427 -2.0823
v -0.7152 0.2048 -2.2574
v -0.7188 0.1910 -2.2912
v -0.7154 0.2038 -2.1825
v -0.7246 0.1832 -2.2056
v -0.8458 0.1692 -2.0611
v -0.8546 0.1721 -2.0608
v -0.8666 0.1748 -2.0634
v -0.8564 0.1711 -2.0629
v -0.8594 0.1725 -2.0809
v -0.8741 0.1773 -2.0500
v -0.8425 0.1668 -2.0470
v -0.8465 0.1684 -2.0455
v -0.8740 0.1794 -2.0395
v -0.8521 0.1686 -2.0454
v -0.8647 0.1805 -2.6119
v -0.8681 0.1812 -2.6162
v -0.8651 0.1785 -2.6172
v -0.8658 0.1708 -2.6127
v -0.8889 0.1836 -2.1577
v -0.8570 0.1703 -2.3017
v -0.8542 0.1613 -2.5951
v -0.8424 0.1579 -2.5628
v -0.8457 0.1692 -2.2965
v -0.8452 0.1694 -2.3887
v -0.8611 0.1746 -2.2200
v -0.8450 0.1711 -2.4497
v -0.8474 0.1753 -2.5292
v -0.8895 0.1901 -2.0972
v -0.8962 0.2008 -2.1149
v -0.9104 0.1949 -2.0625
v -0.9027 0.1901 -2.1335
v -0.9029 0.1900 -2.1187
v -0.9114 0.2008 -2.1019
v -0.7164 0.2018 -2.6983
v -0.7140 0.2253 -2.6910
v -0.7138 0.2044 -2.6959
v -0.7158 0.2038 -2.6977
v -0.7127 0.2007 -2.6977
v -0.7144 0.1991 -2.6997
v -0.7141 0.2089 -2.6955
v -0.7207 0.2132 -2.6922
v -0.7207 0.2331 -2.6863
v -0.7073 0.2175 -2.6909
v -0.7075 0.2084 -2.6921
v -0.7102 0.2002 -2.6950
v -0.7339 0.1762 -2.1373
v -0.7596 0.1656 -2.1251
v -0.7246 0.1833 -2.1645
v -0.7459 0.1702 -2.1357
v -0.7409 0.1682 -2.1281
v -0.7134 0.1783 -2.1476
v -0.7555 0.1637 -2.1159
v -0.8067 0.1672 -2.6417
v -0.7495 0.1686 -2.1145
v -0.7593 0.1638 -2.1087
v -0.8029 0.1517 -2.6373
v -0.7899 0.1570 -2.6627
v -0.8038 0.1570 -2.6533
v -0.8035 0.1602 -2.6548
v -0.7899 0.1600 -2.6642
v -0.7753 0.1584 -2.6719
v -0.7757 0.1612 -2.6734
v -0.7638 0.1597 -2.4932
v -0.7115 0.1744 -2.6402
v -0.7125 0.1760 -2.5713
v -0.7402 0.1683 -2.4560
v -0.7817 0.1583 -2.4387
v -0.7132 0.1779 -2.4991
v -0.7590 0.1629 -2.2720
v -0.7439 0.1673 -2.2887
v -0.7287 0.1726 -2.2926
v -0.7134 0.1784 -2.3160
v -0.7382 0.1733 -2.2900
v -0.7246 0.1827 -2.3319
v -0.7415 0.1787 -2.6519
v -0.7596 0.1656 -2.4406
v -0.7457 0.1702 -2.4668
v -0.7596 0.1656 -2.1982
v -0.7792 0.1618 -2.1105
v -0.7134 0.1783 -2.1698
v -0.7134 0.1784 -2.2514
v -0.7134 0.1784 -2.2251
v -0.7246 0.1830 -2.2902
v -0.7151 0.3490 -2.3179
v -0.7149 0.3144 -2.3131
v -0.7159 0.4388 -2.2778
v -0.7160 0.4381 -2.2876
v -0.7133 0.2064 -2.2876
v -0.7133 0.2023 -2.2564
v -0.7111 0.3784 -2.2947
v -0.7109 0.3872 -2.3048
v -0.7153 0.4376 -2.2911
v -0.7129 0.4388 -2.2778
v -0.7118 0.4380 -2.2876
v -0.7117 0.4364 -2.2971
v -0.7161 0.4372 -2.2924
v -0.7130 0.2398 -2.3054
v -0.8627 0.1736 -2.1402
v -0.8429 0.1671 -2.1341
v -0.8386 0.1659 -2.0909
v -0.8039 0.1591 -2.1395
v -0.8367 0.1667 -2.1078
v -0.8023 0.1616 -2.1490
v -0.7333 0.1730 -2.1259
v -0.7308 0.1733 -2.1290
v -0.7177 0.1796 -2.1355
v -0.7225 0.1810 -2.1310
v -0.7325 0.1739 -2.1256
v -0.7412 0.1716 -2.1246
v -0.7569 0.1659 -2.1178
v -0.8465 0.1689 -2.0481
v -0.9282 0.2058 -2.0315
v -0.9244 0.2071 -2.0197
v -0.9241 0.2084 -2.0315
v -0.9300 0.2085 -2.0281
v -0.9438 0.2044 -2.0141
v -0.9510 0.1982 -2.0218
v -0.9508 0.1977 -2.0147
v -0.9177 0.2054 -2.0268
v -0.9024 0.1948 -2.0511
v -0.9167 0.2053 -2.0419
v -0.7858 0.1610 -2.0942
v -0.8279 0.1646 -2.0655
v -0.8069 0.1614 -2.0742
v -0.9332 0.2081 -2.0259
v -0.9369 0.2067 -2.0159
v -0.8825 0.1840 -2.0475
v -0.9402 0.2041 -2.0151
v -0.9444 0.2012 -2.0458
v -0.9503 0.1953 -2.0179
v -0.9504 0.1951 -2.0303
v -0.9382 0.2038 -2.0284
v -0.9084 0.1931 -2.0632
v -0.9174 0.2025 -2.0265
v -0.9174 0.2024 -2.0365
v -0.9119 0.1975 -2.0420
v -0.9055 0.1941 -2.0282
v -0.9177 0.2027 -2.0427
v -0.9089 0.1948 -2.0465
v -0.8160 0.1595 -2.0671
v -0.7814 0.1580 -2.1053
v -0.8221 0.1610 -2.0779
v -0.9308 0.2055 -2.0182
v -0.9331 0.2054 -2.0344
v -0.9317 0.2057 -2.0344
v -0.8965 0.1874 -2.0465
v -0.9511 0.1983 -2.0361
v -0.9631 0.1793 -2.0540
v -0.7149 0.2355 -2.1904
v -0.7153 0.3851 -2.2631
v -0.7148 0.2336 -2.1632
v -0.7155 0.3201 -2.1751
v -0.7114 0.3189 -2.1704
v -0.7120 0.2784 -2.1885
v -0.7131 0.4419 -2.1663
v -0.7131 0.4417 -2.1728
v -0.7147 0.4420 -2.1610
v -0.7112 0.4011 -2.1670
v -0.7109 0.3709 -2.1815
v -0.7114 0.4419 -2.1629
v -0.7133 0.2046 -2.1491
v -0.7134 0.1783 -2.1527
v -0.7153 0.3908 -2.1898
v -0.7150 0.4411 -2.1960
v -0.7147 0.4419 -2.1663
v -0.7188 0.1917 -2.1564
v -0.7246 0.1834 -2.1389
v -0.9690 0.1651 -2.4845
v -0.9695 0.1671 -2.4589
v -0.9688 0.1684 -2.5378
v -0.9673 0.1685 -2.5526
v -0.9669 0.1663 -2.5378
v -0.9688 0.1654 -2.5077
v -0.9676 0.1651 -2.4589
v -0.9672 0.1747 -2.4472
v -0.9692 0.1648 -2.4193
v -0.9664 0.1724 -2.5657
v -0.9650 0.1707 -2.5657
v -0.9645 0.1689 -2.5568
v -0.9634 0.1686 -2.5466
v -0.9655 0.1662 -2.5267
v -0.9679 0.1653 -2.4184
v -0.9653 0.1681 -2.4360
v -0.9692 0.1648 -2.3442
v -0.9689 0.1664 -2.3083
v -0.9692 0.1648 -2.3807
v -0.9692 0.1648 -2.3083
v -0.9681 0.1656 -2.3441
v -0.9681 0.1656 -2.3083
v -0.9680 0.1655 -2.3803
v -0.9689 0.1664 -2.2711
v -0.9689 0.1670 -2.3648
v -0.9692 0.1648 -2.2711
v -0.9681 0.1656 -2.2711
v -0.9692 0.1648 -2.1534
v -0.9692 0.1648 -2.1915
v -0.9689 0.1664 -2.1699
v -0.9689 0.1664 -2.2315
v -0.9692 0.1648 -2.2315
v -0.9681 0.1656 -2.1724
v -0.9681 0.1656 -2.2315
v -0.9689 0.1664 -2.1197
v -0.9570 0.1851 -2.1740
v -0.9681 0.1656 -2.1534
v -0.9659 0.1690 -2.1447
v -0.9681 0.1656 -2.1197
v -0.9692 0.1648 -2.1061
v -0.9689 0.1664 -2.0751
v -0.9692 0.1648 -2.0485
v -0.9688 0.1670 -2.0269
v -0.9687 0.1652 -2.1061
v -0.9692 0.1648 -2.0274
v -0.9681 0.1656 -2.0574
v -0.9684 0.1663 -2.0196
v -0.9647 0.1715 -2.0176
v -0.9661 0.1708 -2.0144
v -0.9621 0.1753 -2.5751
v -0.9521 0.1879 -2.5813
v -0.9474 0.1943 -2.5852
v -0.9624 0.1695 -2.5376
v -0.9599 0.1850 -2.5807
v -0.9678 0.1763 -2.5627
v -0.9582 0.1879 -2.3514
v -0.9661 0.1732 -2.3259
v -0.9545 0.1955 -2.4426
v -0.9508 0.1983 -2.3462
v -0.9590 0.1867 -2.1595
v -0.9561 0.1869 -2.0171
v -0.9503 0.1956 -2.0147
v -0.9669 0.1713 -2.0162
v -0.9510 0.1982 -2.0239
v -0.9591 0.1814 -2.1126
v -0.9506 0.1950 -2.1754
v -0.9514 0.1982 -2.1754
v -0.9616 0.1804 -2.0127
v -0.9574 0.1873 -2.0131
v -0.9632 0.1763 -2.0127
v -0.9445 0.2016 -2.0129
v -0.9553 0.1909 -2.0124
v -0.9667 0.1686 -2.0185
v -0.9592 0.1828 -2.0125
v -0.9548 0.1889 -2.0321
v -0.9504 0.1951 -2.0239
v -0.9363 0.2081 -2.5794
v -0.9481 0.1985 -2.5853
v -0.9354 0.1997 -2.5895
v -0.9196 0.2008 -2.5054
v -0.9225 0.2021 -2.4690
v -0.9241 0.2019 -2.4681
v -0.9261 0.2005 -2.4925
v -0.9169 0.1998 -2.5383
v -0.9209 0.1987 -2.5656
v -0.9252 0.2034 -2.4318
v -0.9267 0.2031 -2.4309
v -0.9393 0.2020 -2.3938
v -0.9295 0.2048 -2.3612
v -0.9311 0.2050 -2.3258
v -0.9308 0.2043 -2.3603
v -0.9322 0.2045 -2.3249
v -0.9324 0.2040 -2.3589
v -0.9276 0.2042 -2.3961
v -0.9289 0.2039 -2.3952
v -0.9307 0.2036 -2.3939
v -0.9316 0.2061 -2.2892
v -0.9324 0.2052 -2.2887
v -0.9334 0.2046 -2.2878
v -0.9353 0.2046 -2.2091
v -0.9353 0.2052 -2.1732
v -0.9344 0.2052 -2.2098
v -0.9362 0.2042 -2.2163
v -0.9335 0.2052 -2.2492
v -0.9344 0.2046 -2.2484
v -0.9352 0.2062 -2.1451
v -0.9289 0.2086 -2.4417
v -0.9221 0.2105 -2.5064
v -0.9254 0.2108 -2.5343
v -0.9195 0.2112 -2.5396
v -0.9346 0.2101 -2.5455
v -0.9275 0.2086 -2.4322
v -0.9289 0.2084 -2.4313
v -0.9328 0.2075 -2.3604
v -0.9342 0.2074 -2.3249
v -0.9332 0.2079 -2.3258
v -0.9316 0.2079 -2.3612
v -0.9310 0.2078 -2.3954
v -0.9297 0.2081 -2.3963
v -0.9413 0.2058 -2.3949
v -0.9345 0.2080 -2.2886
v -0.9354 0.2074 -2.2878
v -0.9376 0.2073 -2.1962
v -0.9379 0.2074 -2.1729
v -0.9371 0.2081 -2.1731
v -0.9363 0.2081 -2.2097
v -0.9363 0.2075 -2.2483
v -0.9355 0.2081 -2.2492
v -0.9386 0.2070 -2.1861
v -0.9337 0.2089 -2.2892
v 0.7177 0.1941 -2.5578
v 0.7218 0.1946 -2.6906
v 0.7150 0.2227 -2.5096
v 0.7258 0.1827 -2.5298
v 0.7281 0.1844 -2.6041
v 0.7293 0.1840 -2.6799
v 0.7163 0.1944 -2.5006
v 0.7188 0.1902 -2.3649
v 0.7248 0.1821 -2.4609
v 0.7251 0.1823 -2.4942
v 0.7179 0.1934 -2.1364
v 0.7153 0.2045 -2.1401
v 0.7185 0.1912 -2.1327
v 0.7154 0.3935 -2.1698
v 0.7146 0.3293 -2.1681
v 0.7190 0.3885 -2.4497
v 0.7170 0.3068 -2.5271
v 0.7185 0.3308 -2.5293
v 0.7180 0.2776 -2.5845
v 0.7204 0.2944 -2.6181
v 0.7206 0.2416 -2.6805
v 0.7742 0.1626 -2.2480
v 0.7947 0.1612 -2.3501
v 0.8202 0.1635 -2.3930
v 0.7742 0.1626 -2.4151
v 0.8246 0.1669 -2.4705
v 0.7944 0.1639 -2.5259
v 0.7745 0.1639 -2.4932
v 0.8233 0.1726 -2.6021
v 0.9076 0.2240 -2.3373
v 0.9184 0.2706 -2.2215
v 0.9020 0.2153 -2.3917
v 0.9101 0.2185 -2.4019
v 0.8984 0.2049 -2.2993
v 0.8864 0.1991 -2.5141
v 0.8937 0.2051 -2.5444
v 0.8714 0.1887 -2.5769
v 0.9422 0.2058 -2.2653
v 0.9430 0.2058 -2.1599
v 0.9472 0.2025 -2.1921
v 0.9474 0.2025 -2.1438
v 0.9512 0.1981 -2.2594
v 0.9466 0.2025 -2.3308
v 0.9456 0.2033 -2.4014
v 0.9374 0.2067 -2.3216
v 0.9397 0.2061 -2.3799
v 0.9363 0.2068 -2.3570
v 0.9471 0.2022 -2.3882
v 0.9488 0.2012 -2.5699
v 0.9360 0.2093 -2.5744
v 0.9122 0.2196 -2.0805
v 0.9181 0.2889 -2.1230
v 0.9108 0.2325 -2.1001
v 0.9207 0.2944 -2.1201
v 0.9420 0.2060 -2.0891
v 0.9403 0.2068 -2.1175
v 0.9381 0.2085 -2.0970
v 0.9464 0.2029 -2.0834
v 0.9386 0.2072 -2.1550
v 0.9364 0.2109 -2.1149
v 0.9364 0.2097 -2.1505
v 0.9391 0.2078 -2.1041
v 0.7162 0.4364 -2.2971
v 0.7158 0.3770 -2.3378
v 0.7147 0.2099 -2.4638
v 0.7145 0.2158 -2.3786
v 0.7247 0.1825 -2.3766
v 0.9307 0.2420 -2.1040
v 0.9206 0.2096 -2.4386
v 0.9151 0.2103 -2.4975
v 0.9153 0.2099 -2.4725
v 0.9257 0.2089 -2.4153
v 0.9261 0.2088 -2.4328
v 0.9235 0.2096 -2.4703
v 0.9208 0.2105 -2.5071
v 0.9182 0.2112 -2.5403
v 0.9147 0.2113 -2.5677
v 0.9135 0.2103 -2.5149
v 0.9183 0.2189 -2.3823
v 0.9335 0.2099 -2.2778
v 0.9322 0.2086 -2.3264
v 0.9337 0.2089 -2.2892
v 0.9284 0.2100 -2.3625
v 0.9305 0.2084 -2.3618
v 0.9285 0.2084 -2.3969
v 0.9252 0.2098 -2.3977
v 0.9282 0.2122 -2.3470
v 0.9339 0.2168 -2.1948
v 0.9355 0.2095 -2.2056
v 0.9287 0.2249 -2.2841
v 0.7885 0.1614 -2.1466
v 0.8024 0.1616 -2.1943
v 0.8152 0.1628 -2.1688
v 0.8225 0.1639 -2.1579
v 0.8630 0.1823 -2.5613
v 0.8777 0.1893 -2.4671
v 0.8938 0.2031 -2.4064
v 0.8713 0.1796 -2.3231
v 0.8849 0.1882 -2.3156
v 0.8921 0.1957 -2.2514
v 0.8941 0.1984 -2.1554
v 0.7114 0.1865 -2.6064
v 0.7084 0.1889 -2.6921
v 0.7100 0.1771 -2.6809
v 0.7123 0.1755 -2.5899
v 0.7123 0.2088 -2.5409
v 0.7134 0.1783 -2.4502
v 0.7122 0.2526 -2.4988
v 0.7140 0.2076 -2.1392
v 0.7149 0.1787 -2.1410
v 0.7113 0.4017 -2.1664
v 0.7110 0.3692 -2.1755
v 0.7112 0.3660 -2.1733
v 0.7118 0.3543 -2.1710
v 0.7119 0.4314 -2.1582
v 0.7101 0.3005 -2.5225
v 0.7111 0.3135 -2.4339
v 0.7067 0.3619 -2.5137
v 0.7110 0.3029 -2.4657
v 0.7084 0.3665 -2.4563
v 0.7077 0.2650 -2.6432
v 0.7073 0.2597 -2.6605
v 0.7888 0.1586 -2.2934
v 0.8289 0.1613 -2.4256
v 0.7905 0.1576 -2.4057
v 0.7752 0.1570 -2.5216
v 0.8060 0.1499 -2.6204
v 0.8295 0.1561 -2.5367
v 0.9080 0.2207 -2.2968
v 0.9210 0.2943 -2.1244
v 0.9188 0.2849 -2.1225
v 0.8979 0.2010 -2.3800
v 0.9074 0.2199 -2.3689
v 0.9063 0.2171 -2.3677
v 0.8900 0.1908 -2.4912
v 0.9135 0.2346 -2.3323
v 0.8978 0.1970 -2.4960
v 0.8904 0.1913 -2.5699
v 0.9461 0.1995 -2.1014
v 0.9407 0.2031 -2.1154
v 0.9505 0.1953 -2.1990
v 0.9461 0.1992 -2.2946
v 0.9460 0.1992 -2.3131
v 0.9393 0.2029 -2.3242
v 0.9529 0.1866 -2.5781
v 0.9392 0.2013 -2.4128
v 0.9365 0.1969 -2.5780
v 0.9464 0.1936 -2.4825
v 0.8481 0.1695 -2.1111
v 0.8605 0.1744 -2.1324
v 0.9388 0.2041 -2.1035
v 0.9367 0.2049 -2.1312
v 0.9380 0.2045 -2.0760
v 0.9370 0.2052 -2.0966
v 0.9360 0.2062 -2.1078
v 0.9347 0.2074 -2.1355
v 0.9509 0.1944 -2.0501
v 0.7075 0.3930 -2.4381
v 0.7107 0.3443 -2.3878
v 0.7107 0.3645 -2.3549
v 0.7106 0.4148 -2.2979
v 0.7133 0.1928 -2.4861
v 0.7134 0.1784 -2.3057
v 0.7129 0.2367 -2.4220
v 0.9344 0.2094 -2.1138
v 0.9288 0.2093 -2.3173
v 0.9163 0.2026 -2.4705
v 0.9079 0.1991 -2.5495
v 0.9125 0.1994 -2.5567
v 0.9182 0.2009 -2.5060
v 0.9211 0.2023 -2.4696
v 0.9238 0.2036 -2.4324
v 0.9239 0.2047 -2.4103
v 0.9223 0.2074 -2.3891
v 0.9085 0.2142 -2.4021
v 0.9263 0.2046 -2.3967
v 0.9223 0.2065 -2.3977
v 0.9293 0.2056 -2.3441
v 0.9316 0.2061 -2.2892
v 0.9327 0.2194 -2.1367
v 0.9244 0.2181 -2.3293
v 0.9328 0.2062 -2.2498
v 0.9325 0.2071 -2.2444
v 0.9341 0.2070 -2.1770
v 0.7888 0.1586 -2.2355
v 0.8165 0.1601 -2.1853
v 0.8196 0.1611 -2.1355
v 0.8693 0.1700 -2.5867
v 0.8839 0.1861 -2.3876
v 0.8924 0.1918 -2.3371
v 0.8846 0.1821 -2.2514
v 0.8974 0.1901 -2.2215
v 0.7131 0.3127 -2.5955
v 0.7121 0.2917 -2.6243
v 0.7139 0.3340 -2.5636
v 0.7139 0.2729 -2.6479
v 0.7167 0.3536 -2.5303
v 0.7204 0.3028 -2.6078
v 0.7150 0.3701 -2.4972
v 0.7147 0.3837 -2.4648
v 0.7119 0.3951 -2.4335
v 0.7099 0.3536 -2.5303
v 0.7069 0.3769 -2.4810
v 0.7085 0.4114 -2.3826
v 0.7117 0.4050 -2.4034
v 0.7194 0.3797 -2.4732
v 0.7134 0.3933 -2.1651
v 0.7137 0.4118 -2.1609
v 0.7126 0.4106 -2.1619
v 0.7125 0.3928 -2.1658
v 0.7147 0.3781 -2.1677
v 0.7134 0.3703 -2.1684
v 0.7129 0.3569 -2.1689
v 0.7138 0.4333 -2.1562
v 0.7150 0.4356 -2.1563
v 0.7142 0.3438 -2.1693
v 0.7138 0.3294 -2.1675
v 0.7153 0.3819 -2.1669
v 0.7125 0.4140 -2.3749
v 0.7139 0.4219 -2.3490
v 0.7134 0.4284 -2.3268
v 0.7098 0.4308 -2.3180
v 0.7134 0.4333 -2.3093
v 0.7175 0.4179 -2.3619
v 0.7207 0.2258 -2.6897
v 0.7073 0.2359 -2.6842
v 0.7070 0.3020 -2.6071
v 0.7206 0.2521 -2.6710
v 0.7141 0.2155 -2.1395
v 0.7155 0.2018 -2.1362
v 0.7144 0.2158 -2.1401
v 0.7153 0.2014 -2.1356
v 0.7159 0.1881 -2.1357
v 0.7139 0.2341 -2.1448
v 0.7138 0.2580 -2.1518
v 0.7183 0.1907 -2.1321
v 0.7243 0.1827 -2.1287
v 0.7241 0.1822 -2.1281
v 0.7706 0.1520 -2.6418
v 0.7899 0.1570 -2.6627
v 0.7200 0.1762 -2.6959
v 0.7406 0.1685 -2.6907
v 0.7814 0.1601 -2.0933
v 0.8204 0.1609 -2.0617
v 0.8216 0.1623 -2.0598
v 0.8090 0.1613 -2.0704
v 0.8913 0.1999 -2.6089
v 0.8745 0.1792 -2.6081
v 0.8699 0.1771 -2.6160
v 0.8633 0.1743 -2.0400
v 0.8553 0.1714 -2.0437
v 0.8989 0.1913 -2.0281
v 0.8963 0.1907 -2.0325
v 0.9069 0.1969 -2.0251
v 0.9556 0.1869 -2.3704
v 0.9653 0.1688 -2.4116
v 0.9656 0.1697 -2.3325
v 0.9555 0.1928 -2.0680
v 0.9673 0.1705 -2.0568
v 0.8656 0.1746 -2.1403
v 0.8923 0.1852 -2.1199
v 0.9320 0.2006 -2.5909
v 0.9092 0.2005 -2.5930
v 0.9144 0.1993 -2.5654
v 0.9337 0.2061 -2.0151
v 0.9406 0.2043 -2.0135
v 0.9373 0.2049 -2.0154
v 0.9288 0.2055 -2.0216
v 0.9288 0.2076 -2.0182
v 0.7121 0.4390 -2.1575
v 0.7126 0.4420 -2.1611
v 0.7125 0.4419 -2.1605
v 0.9624 0.1870 -2.5272
v 0.9026 0.2022 -2.6033
v 0.8992 0.2002 -2.6013
v 0.9405 0.2040 -2.0139
v 0.9422 0.2030 -2.0140
v 0.9461 0.2004 -2.0133
v 0.9423 0.2036 -2.0132
v 0.9462 0.2010 -2.0126
v 0.9410 0.2051 -2.0144
v 0.9507 0.1972 -2.0127
v 0.9463 0.2016 -2.0133
v 0.9505 0.1967 -2.0120
v 0.9552 0.1924 -2.0133
v 0.9465 0.2023 -2.0172
v 0.8658 0.1734 -2.6176
v 0.8460 0.1598 -2.6163
v 0.8298 0.1550 -2.6193
v 0.8367 0.1690 -2.6305
v 0.8223 0.1698 -2.6271
v 0.8971 0.2071 -2.5994
v 0.8963 0.2042 -2.6062
v 0.9142 0.2089 -2.5949
v 0.9191 0.2098 -2.5883
v 0.9091 0.2068 -2.6018
v 0.9175 0.2112 -2.5661
v 0.8628 0.1768 -2.6180
v 0.7439 0.1771 -2.6774
v 0.9191 0.2038 -2.0211
v 0.9137 0.2020 -2.0237
v 0.7196 0.1944 -2.6975
v 0.7186 0.1927 -2.7006
v 0.7211 0.2029 -2.6921
v 0.7130 0.2854 -2.1597
v 0.7133 0.2442 -2.1487
v 0.7125 0.3625 -2.1683
v 0.7121 0.3144 -2.1673
v 0.7126 0.2792 -2.1598
v 0.7142 0.2344 -2.1453
v 0.7142 0.2582 -2.1523
v 0.7142 0.2858 -2.1597
v 0.7154 0.3218 -2.1709
v 0.7150 0.1817 -2.6979
v 0.7111 0.1885 -2.6977
v 0.7135 0.1840 -2.6994
v 0.7081 0.1921 -2.6924
v 0.7157 0.1885 -2.7028
v 0.7116 0.3226 -2.3490
v 0.7132 0.2171 -2.3803
v 0.7116 0.3026 -2.1693
v 0.7129 0.2322 -2.4350
v 0.7104 0.2335 -2.5900
v 0.7077 0.1998 -2.6924
v 0.7150 0.3124 -2.3603
v 0.7154 0.2668 -2.5268
v 0.7149 0.2553 -2.4930
v 0.7173 0.2270 -2.5969
v 0.9560 0.1867 -2.0605
v 0.9660 0.1689 -2.1088
v 0.9658 0.1694 -2.0257
v 0.7147 0.2359 -2.2738
v 0.7155 0.3673 -2.2028
v 0.7147 0.2419 -2.2563
v 0.7114 0.3198 -2.2030
v 0.7132 0.2194 -2.2658
v 0.7131 0.2255 -2.2311
v 0.9536 0.1867 -2.4454
v 0.9614 0.1711 -2.5494
v 0.9105 0.1949 -2.0665
v 0.8776 0.1787 -2.0492
v 0.9040 0.1904 -2.0609
v 0.9062 0.1911 -2.0635
v 0.9151 0.2007 -2.0584
v 0.9321 0.2079 -2.0560
v 0.9312 0.2098 -2.0599
v 0.9335 0.2052 -2.0320
v 0.9320 0.2065 -2.0478
v 0.8007 0.1583 -2.1277
v 0.7790 0.1591 -2.1201
v 0.9145 0.2031 -2.0651
v 0.9116 0.1964 -2.0629
v 0.9067 0.1920 -2.0578
v 0.9419 0.2026 -2.0405
v 0.9464 0.1994 -2.0351
v 0.9464 0.1994 -2.0895
v 0.9461 0.1996 -2.0190
v 0.7134 0.4402 -2.2286
v 0.7120 0.4393 -2.2646
v 0.7157 0.4393 -2.2646
v 0.7107 0.4398 -2.2459
v 0.7111 0.4409 -2.2024
v 0.7134 0.4414 -2.1871
v 0.7114 0.4419 -2.1662
v 0.7139 0.4414 -2.1846
v 0.7149 0.4414 -2.1846
v 0.7150 0.4410 -2.2025
v 0.7153 0.4404 -2.2241
v 0.7109 0.3933 -2.2714
v 0.7108 0.4401 -2.2342
v 0.8807 0.1836 -2.0976
v 0.8758 0.1796 -2.0857
v 0.9344 0.2091 -2.0465
v 0.9402 0.2071 -2.0550
v 0.9320 0.2185 -2.0734
v 0.8023 0.1616 -2.1197
v 0.8402 0.1673 -2.0549
v 0.9169 0.2050 -2.0498
v 0.9208 0.2109 -2.0560
v 0.9174 0.2115 -2.0610
v 0.9423 0.2058 -2.0325
v 0.9486 0.1997 -2.0140
v 0.9470 0.2027 -2.0442
v 0.7134 0.1879 -2.3103
v 0.7134 0.1784 -2.2343
v 0.7134 0.1994 -2.1919
v 0.7147 0.4419 -2.1663
v 0.9275 0.2108 -2.0518
v 0.9233 0.2090 -2.0451
v 0.9348 0.2102 -2.0586
v 0.9285 0.2191 -2.0641
v 0.9239 0.2227 -2.0656
v 0.9291 0.2101 -2.0572
v 0.9230 0.2073 -2.0528
v 0.9279 0.2160 -2.0647
v 0.9104 0.2094 -2.5954
v 0.9095 0.2027 -2.6007
v 0.9241 0.2058 -2.0184
v 0.9190 0.2045 -2.0202
v 0.9243 0.2055 -2.0203
v 0.9207 0.2695 -2.2113
v 0.9190 0.2450 -2.2940
v 0.9236 0.2600 -2.2257
v 0.9164 0.2210 -2.3654
v 0.9143 0.2058 -2.4381
v 0.9050 0.2002 -2.4999
v 0.9238 0.2832 -2.1157
v 0.9248 0.2855 -2.1252
v 0.9264 0.2317 -2.2936
v 0.9211 0.2684 -2.2230
v 0.9029 0.2096 -2.4632
v 0.9015 0.2088 -2.5462
v 0.9267 0.2410 -2.0810
v 0.9244 0.2918 -2.1237
v 0.9206 0.2973 -2.1239
v 0.9207 0.2915 -2.1164
v 0.9271 0.2207 -2.0646
v 0.9271 0.2302 -2.0744
v 0.9239 0.2345 -2.0754
v 0.9333 0.2226 -2.0932
v 0.9239 0.2667 -2.1036
v 0.9239 0.2196 -2.0664
v 0.9309 0.2138 -2.0702
v 0.9340 0.2097 -2.0968
v 0.9352 0.2066 -2.0834
v 0.9154 0.2398 -2.1065
v 0.9177 0.2460 -2.0960
v 0.9211 0.2194 -2.0676
v 0.9362 0.2102 -2.0794
v 0.9311 0.2125 -2.0563
v 0.9377 0.2087 -2.0887
v 0.9207 0.2345 -2.0760
v 0.7153 0.2049 -2.2059
v 0.7159 0.2020 -2.1619
v 0.7188 0.1913 -2.2229
v 0.8367 0.1667 -2.0715
v 0.8546 0.1721 -2.0592
v 0.8445 0.1674 -2.0749
v 0.8177 0.1606 -2.0956
v 0.8642 0.1741 -2.0756
v 0.8425 0.1668 -2.0470
v 0.8488 0.1678 -2.0457
v 0.8373 0.1659 -2.0496
v 0.8580 0.1729 -2.0421
v 0.8745 0.1906 -2.6085
v 0.8631 0.1693 -2.6137
v 0.8642 0.1682 -2.6025
v 0.8507 0.1678 -2.3262
v 0.8455 0.1654 -2.4146
v 0.8653 0.1739 -2.4156
v 0.8459 0.1588 -2.5732
v 0.8542 0.1721 -2.2836
v 0.8438 0.1686 -2.2610
v 0.8435 0.1687 -2.4026
v 0.8432 0.1763 -2.5769
v 0.8613 0.1813 -2.6019
v 0.8978 0.2003 -2.1042
v 0.8701 0.1784 -2.1133
v 0.9123 0.2076 -2.0663
v 0.9086 0.1940 -2.0921
v 0.9026 0.1897 -2.1210
v 0.9115 0.2010 -2.1027
v 0.9088 0.1943 -2.0984
v 0.9008 0.1889 -2.1099
v 0.7144 0.1991 -2.6997
v 0.7148 0.2065 -2.6965
v 0.7136 0.2369 -2.6856
v 0.7155 0.1967 -2.7011
v 0.7107 0.1949 -2.6973
v 0.7073 0.2221 -2.6897
v 0.7434 0.1702 -2.1276
v 0.7246 0.1834 -2.1456
v 0.7378 0.1736 -2.2368
v 0.7246 0.1834 -2.1514
v 0.7540 0.1641 -2.1173
v 0.7134 0.1783 -2.1476
v 0.7439 0.1672 -2.1326
v 0.7995 0.1663 -2.6502
v 0.8030 0.1662 -2.6477
v 0.8156 0.1648 -2.6444
v 0.8032 0.1634 -2.6533
v 0.8151 0.1677 -2.6388
v 0.7337 0.1758 -2.1253
v 0.7244 0.1831 -2.1305
v 0.7622 0.1662 -2.1057
v 0.7204 0.1892 -2.1310
v 0.7518 0.1654 -2.1144
v 0.7339 0.1721 -2.1262
v 0.7722 0.1526 -2.6666
v 0.7590 0.1629 -2.2526
v 0.7134 0.1784 -2.3137
v 0.7115 0.1744 -2.6402
v 0.7381 0.1691 -2.4414
v 0.7713 0.1588 -2.4276
v 0.7287 0.1726 -2.2942
v 0.7566 0.1634 -2.3488
v 0.7132 0.1779 -2.4991
v 0.7246 0.1830 -2.2618
v 0.7596 0.1656 -2.3061
v 0.7394 0.1727 -2.3137
v 0.7600 0.1664 -2.4906
v 0.7582 0.1714 -2.6586
v 0.7263 0.1831 -2.5484
v 0.7292 0.1851 -2.6382
v 0.7443 0.1708 -2.4829
v 0.7338 0.1758 -2.4614
v 0.7249 0.1822 -2.4620
v 0.7339 0.1759 -2.3494
v 0.7246 0.1829 -2.3086
v 0.7459 0.1702 -2.2079
v 0.7741 0.1626 -2.1146
v 0.7741 0.1626 -2.1966
v 0.7246 0.1833 -2.1808
v 0.7134 0.1784 -2.2186
v 0.7740 0.1599 -2.2439
v 0.7154 0.2034 -2.2624
v 0.7189 0.1909 -2.2998
v 0.7155 0.4111 -2.2702
v 0.7133 0.2034 -2.2923
v 0.7110 0.3878 -2.2996
v 0.7102 0.4364 -2.2971
v 0.7104 0.4388 -2.2778
v 0.7103 0.4380 -2.2876
v 0.7133 0.4364 -2.2971
v 0.7130 0.4380 -2.2876
v 0.7129 0.4388 -2.2778
v 0.7164 0.4336 -2.3076
v 0.7103 0.4380 -2.2851
v 0.7160 0.4381 -2.2876
v 0.7126 0.2638 -2.3206
v 0.7115 0.3430 -2.3124
v 0.7128 0.2533 -2.2872
v 0.7148 0.2887 -2.3055
v 0.8420 0.1668 -2.0847
v 0.8735 0.1777 -2.0982
v 0.8039 0.1591 -2.1299
v 0.7972 0.1585 -2.1780
v 0.8443 0.1686 -2.1026
v 0.8190 0.1633 -2.0943
v 0.8267 0.1646 -2.1153
v 0.7405 0.1683 -2.1306
v 0.7177 0.1796 -2.1355
v 0.7308 0.1733 -2.1290
v 0.7225 0.1810 -2.1310
v 0.7325 0.1739 -2.1256
v 0.7615 0.1638 -2.1117
v 0.7245 0.1833 -2.1334
v 0.7246 0.1834 -2.1407
v 0.7246 0.1834 -2.1370
v 0.8679 0.1748 -2.0406
v 0.8001 0.1600 -2.0789
v 0.8587 0.1736 -2.0521
v 0.8198 0.1633 -2.0698
v 0.9251 0.2066 -2.0433
v 0.9225 0.2079 -2.0304
v 0.9314 0.2084 -2.0271
v 0.9191 0.2060 -2.0242
v 0.9415 0.2059 -2.0217
v 0.9162 0.2047 -2.0328
v 0.8931 0.1894 -2.0541
v 0.7785 0.1611 -2.1061
v 0.9335 0.2081 -2.0258
v 0.8806 0.1829 -2.0424
v 0.8908 0.1879 -2.0641
v 0.9408 0.2029 -2.0245
v 0.9536 0.1917 -2.0125
v 0.9106 0.1970 -2.0300
v 0.9170 0.2022 -2.0305
v 0.7965 0.1572 -2.0867
v 0.9336 0.2050 -2.0245
v 0.8880 0.1834 -2.0470
v 0.7149 0.2480 -2.1533
v 0.7155 0.3404 -2.1843
v 0.7150 0.2073 -2.1430
v 0.7112 0.3209 -2.1782
v 0.7111 0.3390 -2.1844
v 0.7130 0.4417 -2.1729
v 0.7114 0.4419 -2.1629
v 0.7111 0.4182 -2.1762
v 0.7109 0.3733 -2.1803
v 0.7113 0.4417 -2.1724
v 0.7134 0.2019 -2.1929
v 0.7130 0.2243 -2.1617
v 0.7133 0.2136 -2.1470
v 0.7134 0.1783 -2.1527
v 0.7154 0.3820 -2.1760
v 0.7147 0.4420 -2.1630
v 0.7246 0.1834 -2.1470
v 0.7246 0.1830 -2.2883
v 0.9690 0.1651 -2.4845
v 0.9692 0.1667 -2.4134
v 0.9692 0.1648 -2.4403
v 0.9669 0.1652 -2.4972
v 0.9676 0.1651 -2.4589
v 0.9688 0.1654 -2.5077
v 0.9669 0.1663 -2.5378
v 0.9688 0.1684 -2.5378
v 0.9673 0.1685 -2.5526
v 0.9664 0.1724 -2.5657
v 0.9679 0.1653 -2.4184
v 0.9650 0.1707 -2.5657
v 0.9650 0.1730 -2.5709
v 0.9668 0.1782 -2.5714
v 0.9645 0.1689 -2.5568
v 0.9692 0.1648 -2.3442
v 0.9681 0.1656 -2.3441
v 0.9692 0.1648 -2.3083
v 0.9681 0.1656 -2.3083
v 0.9690 0.1665 -2.3717
v 0.9692 0.1648 -2.4000
v 0.9680 0.1655 -2.3803
v 0.9692 0.1648 -2.3807
v 0.9686 0.1677 -2.3060
v 0.9673 0.1705 -2.2707
v 0.9692 0.1648 -2.2711
v 0.9681 0.1656 -2.2711
v 0.9689 0.1664 -2.1915
v 0.9689 0.1664 -2.1534
v 0.9692 0.1648 -2.1915
v 0.9681 0.1656 -2.1534
v 0.9692 0.1648 -2.1534
v 0.9681 0.1656 -2.1915
v 0.9689 0.1664 -2.2315
v 0.9692 0.1648 -2.2315
v 0.9681 0.1656 -2.2315
v 0.9689 0.1664 -2.1197
v 0.9692 0.1648 -2.1366
v 0.9681 0.1656 -2.1197
v 0.9692 0.1648 -2.1197
v 0.9681 0.1656 -2.1461
v 0.9659 0.1691 -2.2383
v 0.9673 0.1705 -2.1267
v 0.9689 0.1664 -2.0637
v 0.9692 0.1648 -2.0925
v 0.9689 0.1668 -2.0263
v 0.9692 0.1648 -2.0542
v 0.9681 0.1656 -2.0485
v 0.9681 0.1657 -2.0240
v 0.9687 0.1657 -2.0214
v 0.9670 0.1688 -2.0166
v 0.9672 0.1709 -2.0160
v 0.9653 0.1745 -2.0170
v 0.9661 0.1708 -2.0144
v 0.9614 0.1736 -2.5686
v 0.9555 0.1811 -2.5694
v 0.9634 0.1686 -2.5466
v 0.9472 0.1925 -2.5798
v 0.9580 0.1932 -2.5599
v 0.9545 0.1922 -2.5835
v 0.9590 0.1834 -2.5824
v 0.9488 0.2014 -2.5653
v 0.9622 0.1810 -2.3586
v 0.9543 0.1941 -2.3629
v 0.9636 0.1738 -2.0141
v 0.9556 0.1876 -2.0279
v 0.9574 0.1892 -2.0295
v 0.9520 0.1972 -2.0270
v 0.9553 0.1882 -2.1531
v 0.9643 0.1768 -2.1374
v 0.9569 0.1902 -2.1422
v 0.9551 0.1904 -2.0118
v 0.9632 0.1763 -2.0127
v 0.9613 0.1798 -2.0123
v 0.9547 0.1889 -2.0363
v 0.9307 0.2055 -2.5918
v 0.9481 0.1985 -2.5853
v 0.9275 0.1985 -2.5766
v 0.9213 0.2006 -2.5045
v 0.9241 0.2019 -2.4681
v 0.9225 0.2021 -2.4690
v 0.9196 0.2008 -2.5054
v 0.9169 0.1998 -2.5383
v 0.9317 0.1976 -2.5433
v 0.9252 0.2034 -2.4318
v 0.9282 0.2035 -2.4142
v 0.9322 0.2045 -2.3249
v 0.9311 0.2050 -2.3258
v 0.9285 0.2045 -2.3808
v 0.9337 0.2041 -2.3235
v 0.9324 0.2052 -2.2887
v 0.9409 0.2029 -2.2366
v 0.9334 0.2046 -2.2878
v 0.9353 0.2052 -2.1732
v 0.9344 0.2052 -2.2098
v 0.9353 0.2046 -2.2091
v 0.9368 0.2044 -2.1536
v 0.9335 0.2052 -2.2492
v 0.9344 0.2046 -2.2484
v 0.9421 0.2026 -2.1536
v 0.9359 0.2042 -2.2348
v 0.9264 0.2093 -2.4688
v 0.9237 0.2104 -2.5055
v 0.9249 0.2095 -2.4697
v 0.9221 0.2105 -2.5064
v 0.9331 0.2104 -2.5487
v 0.9195 0.2112 -2.5396
v 0.9222 0.2110 -2.5379
v 0.9275 0.2086 -2.4322
v 0.9289 0.2084 -2.4313
v 0.9397 0.2077 -2.4725
v 0.9342 0.2074 -2.3249
v 0.9328 0.2075 -2.3604
v 0.9332 0.2079 -2.3258
v 0.9316 0.2079 -2.3612
v 0.9356 0.2071 -2.3236
v 0.9343 0.2072 -2.3590
v 0.9310 0.2078 -2.3954
v 0.9297 0.2081 -2.3963
v 0.9345 0.2080 -2.2886
v 0.9354 0.2074 -2.2878
v 0.9366 0.2070 -2.2864
v 0.9371 0.2081 -2.1731
v 0.9389 0.2070 -2.1747
v 0.9371 0.2074 -2.2090
v 0.9379 0.2074 -2.1729
v 0.9377 0.2071 -2.2348
v 0.9363 0.2075 -2.2483
v 0.9363 0.2081 -2.2097
v 0.9355 0.2081 -2.2492
v 0.9379 0.2080 -2.1424
v -0.2122 0.5798 -0.3952
v -0.2178 0.5733 -0.4050
v -0.0027 0.5738 -0.1637
v -0.2116 0.5798 -0.4109
v -0.1669 0.5841 -0.1694
v -0.1684 0.5734 -0.1634
v -0.2001 0.6026 -0.5866
v -0.2081 0.5880 -0.4853
v -0.2033 0.5957 -0.1975
v -0.2059 0.5733 -0.1836
v -0.2139 0.5728 -0.2128
v -0.1981 0.6122 -0.6055
v -0.2120 0.6109 -0.6272
v -0.1897 0.7004 -0.6321
v -0.1839 0.7000 -0.6848
v -0.1918 0.6979 -0.5887
v -0.1876 0.6928 -0.6266
v -0.1805 0.6954 -0.7008
v -0.1833 0.6983 -0.6751
v -0.2181 0.7960 -0.2939
v -0.2053 0.7968 -0.1898
v -0.2086 0.7903 -0.2145
v -0.1960 0.7022 -0.5874
v -0.1946 0.6973 -0.5537
v -0.1787 0.7721 -0.1701
v -0.1688 0.7973 -0.1614
v -0.2094 0.7009 -0.4184
v -0.2004 0.6884 -0.4886
v -0.0848 0.8429 -0.1656
v -0.0525 0.8501 -0.1682
v -0.2157 0.7557 -0.3485
v -0.2136 0.7184 -0.3819
v -0.1729 0.6927 -0.8096
v -0.1716 0.6988 -0.8068
v -0.1712 0.6946 -0.8055
v -0.2595 0.8053 -0.1877
v -0.2598 0.7908 -0.3072
v -0.2028 0.5695 -0.1558
v -0.1580 0.8058 -0.1284
v -0.1536 0.8056 -0.1409
v -0.0546 0.5646 -0.1160
v -0.1049 0.5685 -0.1451
v -0.0816 0.5731 -0.1629
v -0.1272 0.5663 -0.1300
v -0.0413 0.8564 -0.1225
v -0.0361 0.8557 -0.0867
v -0.1738 0.6722 -0.8080
v -0.1720 0.6720 -0.8059
v -0.2147 0.7020 -0.6683
v -0.2359 0.7025 -0.5842
v -0.2978 0.5627 -0.3363
v -0.2975 0.5625 -0.4380
v -0.2340 0.5691 -0.3641
v -0.2803 0.7211 -0.3862
v -0.2374 0.7751 -0.3340
v -0.2058 0.5838 -0.5631
v -0.2648 0.7026 -0.5488
v -0.2405 0.5680 -0.4350
v -0.2587 0.5660 -0.4274
v -0.2626 0.7058 -0.4236
v -0.2336 0.7025 -0.4414
v -0.1717 0.6736 -0.8069
v -0.1734 0.6763 -0.8099
v -0.1725 0.6729 -0.8082
v -0.3066 0.5621 -0.2687
v -0.0974 0.8380 -0.1566
v -0.0967 0.8445 -0.0964
v -0.1318 0.8165 -0.1569
v 0.0658 0.5685 -0.1451
v -0.0370 0.5632 -0.1034
v 0.0386 0.5664 -0.1307
v -0.1084 0.8086 -0.1698
v -0.1753 0.6985 -0.8094
v -0.1849 0.6994 -0.7823
v -0.1744 0.6867 -0.8110
v -0.1792 0.6902 -0.7994
v -0.3083 0.7126 -0.3998
v -0.2930 0.6999 -0.4883
v -0.2934 0.6899 -0.4859
v -0.3088 0.6990 -0.4076
v -0.3125 0.7211 -0.3810
v -0.3174 0.7697 -0.3322
v -0.3164 0.7443 -0.3496
v -0.0540 0.8401 -0.0832
v -0.0633 0.8485 -0.0834
v -0.3072 0.8092 -0.1540
v -0.3188 0.7993 -0.2676
v -0.3188 0.7886 -0.2567
v -0.3165 0.7936 -0.2092
v -0.2960 0.7956 -0.1249
v -0.2541 0.6986 -0.5865
v -0.2697 0.7013 -0.5468
v -0.2818 0.6895 -0.5202
v -0.1611 0.8071 -0.0837
v -0.2377 0.8072 -0.0859
v -0.2854 0.8075 -0.1103
v -0.2615 0.7954 -0.0946
v -0.2216 0.7951 -0.0838
v -0.1929 0.6972 -0.7601
v -0.2101 0.6973 -0.7104
v -0.1854 0.6944 -0.7817
v -0.2075 0.6996 -0.7166
v -0.2123 0.6995 -0.7031
v -0.1980 0.6995 -0.7443
v -0.2388 0.6895 -0.6287
v -0.2061 0.6947 -0.7222
v -0.1742 0.7008 -0.8083
v -0.2023 0.6469 -0.7333
v -0.1911 0.6462 -0.6742
v -0.1880 0.6619 -0.7797
v -0.1714 0.6729 -0.8050
v -0.1711 0.6994 -0.8035
v -0.1743 0.6859 -0.7722
v -0.1748 0.6725 -0.7798
v -0.1718 0.6722 -0.8052
v -0.1714 0.6862 -0.8009
v -0.1488 0.7940 -0.1698
v -0.1178 0.6002 -0.1698
v -0.1255 0.5980 -0.1698
v -0.1722 0.6731 -0.8075
v -0.1894 0.6762 -0.6255
v -0.1847 0.6647 -0.7078
v -0.1987 0.6475 -0.5460
v -0.2083 0.6911 -0.3973
v -0.2084 0.6122 -0.4415
v -0.0247 0.8310 -0.1699
v -0.2112 0.6539 -0.3536
v -0.2112 0.5805 -0.2441
v -0.2114 0.7400 -0.3476
v -0.1743 0.6739 -0.8106
v -0.1749 0.6791 -0.8112
v -0.2146 0.6362 -0.7165
v -0.2046 0.6473 -0.7443
v -0.2035 0.6476 -0.7441
v -0.2160 0.6357 -0.7166
v -0.1945 0.6570 -0.7684
v -0.2282 0.6228 -0.6871
v -0.2170 0.6357 -0.7167
v -0.2054 0.6473 -0.7443
v -0.1952 0.6569 -0.7685
v -0.1871 0.6642 -0.7872
v -0.1866 0.6642 -0.7871
v -0.2265 0.6232 -0.6870
v -0.1761 0.7004 -0.8062
v -0.1741 0.6983 -0.8107
v -0.1829 0.7004 -0.7871
v -0.1722 0.6996 -0.8079
v -0.0051 0.5601 -0.0855
v -0.0393 0.5593 -0.0832
v -0.1060 0.5593 -0.0832
v -0.0590 0.5601 -0.0855
v -0.0994 0.5610 -0.0889
v 0.0157 0.5615 -0.0911
v -0.1624 0.8092 -0.0895
v -0.1093 0.8351 -0.0852
v -0.3101 0.5611 -0.2068
v -0.3142 0.5593 -0.2098
v -0.2960 0.5593 -0.1249
v -0.2757 0.5629 -0.1147
v -0.1742 0.6857 -0.8109
v -0.3002 0.7058 -0.4337
v -0.2761 0.7279 -0.3776
v -0.3042 0.5617 -0.4019
v -0.2988 0.5625 -0.4790
v -0.2666 0.7026 -0.5410
v -0.2172 0.5718 -0.5391
v -0.2411 0.5672 -0.5209
v -0.2837 0.5675 -0.5459
v -0.3138 0.7707 -0.3353
v -0.3134 0.7955 -0.2901
v -0.3085 0.5614 -0.3479
v -0.3120 0.5600 -0.3868
v -0.2261 0.7015 -0.6590
v -0.2226 0.7020 -0.6573
v -0.2132 0.7018 -0.6869
v -0.2156 0.7015 -0.6870
v -0.1765 0.6725 -0.8090
v -0.1746 0.6726 -0.8092
v -0.1817 0.6689 -0.7994
v -0.1760 0.6732 -0.8104
v -0.0580 0.8521 -0.0841
v -0.1193 0.5601 -0.0855
v -0.1608 0.5601 -0.0855
v -0.1671 0.8086 -0.0859
v -0.2714 0.5605 -0.1041
v -0.2216 0.5593 -0.0838
v -0.2615 0.5593 -0.0946
v -0.1739 0.6943 -0.8108
v -0.1740 0.6965 -0.8107
v -0.2313 0.5611 -0.0898
v -0.1725 0.5593 -0.0832
v -0.1768 0.5623 -0.0964
v -0.1713 0.8078 -0.0851
v -0.2425 0.8069 -0.1056
v -0.1843 0.7733 -0.1714
v -0.1777 0.5835 -0.1695
v -0.1959 0.6810 -0.1818
v -0.1805 0.8031 -0.0834
v -0.1587 0.7982 -0.0832
v -0.2163 0.8014 -0.1509
v -0.1584 0.5685 -0.1451
v -0.1930 0.7896 -0.1750
v -0.1966 0.7963 -0.1709
v -0.1661 0.7917 -0.1678
v -0.1911 0.5776 -0.1722
v -0.1967 0.7012 -0.7441
v -0.1893 0.7005 -0.7683
v -0.1975 0.7006 -0.7442
v -0.1848 0.7010 -0.7798
v -0.2058 0.7014 -0.7165
v -0.2069 0.7008 -0.7166
v -0.1862 0.7012 -0.7722
v -0.2039 0.7016 -0.7163
v -0.1928 0.7014 -0.7510
v -0.1786 0.7010 -0.7974
v -0.2290 0.6198 -0.6793
v -0.2604 0.5676 -0.5555
v -0.2645 0.5833 -0.6018
v -0.2294 0.6227 -0.6872
v -0.2464 0.5806 -0.5880
v -0.2511 0.5940 -0.6248
v -0.1824 0.6738 -0.7128
v -0.2168 0.7005 -0.6886
v -0.2289 0.6949 -0.6563
v -0.2392 0.6969 -0.6272
v -0.1841 0.7013 -0.7587
v -0.1898 0.7015 -0.6800
v -0.1995 0.7017 -0.7043
v -0.1718 0.7004 -0.8048
v -0.1734 0.6997 -0.7818
v -0.1772 0.6978 -0.7355
v -0.1869 0.6603 -0.7310
v 0.2098 0.6018 -0.4190
v 0.2099 0.5772 -0.2143
v 0.2130 0.5752 -0.4403
v 0.2112 0.6081 -0.3544
v -0.0825 0.5834 -0.1686
v 0.0721 0.6253 -0.1699
v 0.2099 0.5868 -0.4443
v 0.2108 0.5778 -0.4861
v 0.2156 0.5720 -0.5193
v 0.1115 0.5819 -0.1682
v 0.1768 0.5853 -0.1695
v 0.1701 0.5741 -0.1642
v 0.1396 0.5965 -0.1698
v 0.2086 0.5771 -0.5478
v 0.2235 0.5701 -0.1953
v 0.2050 0.5813 -0.1962
v 0.1884 0.6584 -0.7016
v 0.1962 0.6208 -0.6237
v 0.1823 0.7001 -0.7012
v 0.1864 0.6982 -0.6442
v 0.1925 0.6979 -0.5823
v 0.1812 0.7011 -0.7560
v 0.1755 0.6977 -0.7519
v 0.1871 0.6927 -0.6321
v 0.1931 0.6915 -0.5678
v 0.1899 0.7009 -0.6368
v 0.2070 0.7792 -0.2086
v 0.2228 0.7947 -0.2991
v 0.2085 0.7972 -0.1964
v 0.2316 0.8022 -0.2440
v 0.1989 0.6974 -0.5140
v 0.2074 0.6878 -0.4099
v 0.2007 0.7016 -0.5404
v 0.1611 0.7935 -0.1678
v 0.1466 0.7848 -0.1698
v 0.2092 0.6674 -0.3964
v 0.2107 0.7005 -0.4159
v 0.2250 0.7018 -0.4478
v 0.0603 0.8532 -0.1637
v 0.0594 0.8433 -0.1690
v 0.0815 0.7981 -0.1699
v 0.2143 0.7869 -0.3131
v 0.2127 0.7204 -0.3811
v 0.2110 0.7171 -0.3544
v 0.2113 0.7521 -0.2962
v 0.2337 0.7750 -0.3342
v 0.1727 0.6990 -0.8091
v 0.1720 0.6995 -0.8073
v 0.1714 0.6932 -0.8066
v 0.2526 0.8064 -0.1193
v 0.2031 0.5701 -0.1589
v 0.2295 0.5682 -0.1584
v 0.1507 0.8096 -0.1312
v 0.1610 0.8046 -0.1274
v 0.1211 0.5710 -0.1569
v 0.1496 0.5664 -0.1307
v 0.1500 0.5646 -0.1160
v 0.1454 0.5632 -0.1034
v 0.0549 0.8550 -0.1214
v 0.0327 0.8559 -0.1418
v 0.2327 0.5695 -0.2669
v 0.2444 0.5676 -0.4184
v 0.3091 0.7697 -0.3386
v 0.2432 0.5672 -0.5224
v 0.2127 0.7025 -0.5972
v 0.2442 0.7026 -0.5733
v 0.2488 0.7027 -0.4921
v 0.2548 0.5662 -0.4641
v 0.1723 0.6745 -0.8082
v 0.1714 0.6755 -0.8058
v 0.1066 0.8106 -0.1697
v 0.1758 0.6973 -0.8086
v 0.1807 0.6990 -0.7946
v 0.1750 0.6880 -0.8104
v 0.1740 0.6973 -0.8109
v 0.3088 0.6990 -0.4076
v 0.2891 0.6899 -0.4966
v 0.2941 0.6996 -0.4832
v 0.3099 0.7110 -0.3969
v 0.3145 0.7353 -0.3648
v 0.3185 0.7807 -0.3199
v 0.3186 0.7819 -0.2981
v 0.3177 0.7631 -0.3282
v 0.3145 0.7254 -0.3671
v 0.3159 0.7705 -0.3338
v 0.0428 0.8499 -0.0834
v 0.0883 0.8317 -0.0832
v 0.0930 0.8411 -0.0836
v 0.0429 0.8537 -0.0844
v 0.3012 0.8062 -0.1350
v 0.3136 0.7933 -0.1979
v 0.3173 0.8028 -0.2253
v 0.2835 0.6991 -0.5153
v 0.2550 0.7011 -0.5829
v 0.1409 0.8174 -0.0840
v 0.1223 0.8193 -0.0832
v 0.1219 0.8281 -0.0843
v 0.1476 0.8029 -0.0832
v 0.2375 0.8042 -0.0850
v 0.2853 0.7956 -0.1128
v 0.2075 0.6996 -0.7166
v 0.2123 0.6995 -0.7031
v 0.2101 0.6973 -0.7104
v 0.2049 0.6964 -0.7255
v 0.2183 0.6898 -0.6872
v 0.1943 0.6901 -0.7564
v 0.1932 0.6995 -0.7584
v 0.1723 0.7006 -0.8058
v 0.1762 0.7010 -0.7977
v 0.1984 0.6479 -0.7107
v 0.1759 0.6695 -0.7957
v 0.1711 0.6993 -0.8026
v 0.1716 0.6727 -0.8058
v 0.1712 0.6869 -0.8050
v 0.1716 0.6816 -0.7991
v 0.1462 0.6892 -0.1699
v 0.1836 0.6779 -0.6933
v 0.1831 0.6699 -0.7141
v 0.2009 0.6328 -0.5337
v 0.2109 0.5852 -0.2471
v 0.2079 0.6675 -0.2227
v 0.2113 0.6754 -0.3238
v 0.1856 0.6634 -0.6988
v 0.1605 0.6903 -0.1699
v 0.2098 0.6247 -0.4068
v 0.0197 0.8066 -0.1699
v 0.2108 0.6656 -0.3719
v 0.1746 0.6746 -0.8109
v 0.1760 0.6732 -0.8104
v 0.1754 0.6730 -0.8102
v 0.1725 0.6723 -0.8076
v 0.1751 0.6762 -0.8112
v 0.1752 0.6748 -0.8111
v 0.2046 0.6473 -0.7443
v 0.2098 0.6410 -0.7271
v 0.2160 0.6357 -0.7166
v 0.1945 0.6570 -0.7684
v 0.2170 0.6357 -0.7167
v 0.2282 0.6228 -0.6871
v 0.2294 0.6227 -0.6872
v 0.2235 0.6176 -0.6562
v 0.1728 0.6722 -0.8073
v 0.1871 0.6642 -0.7872
v 0.1952 0.6569 -0.7685
v 0.2054 0.6473 -0.7443
v 0.1748 0.7001 -0.8092
v 0.1784 0.7009 -0.7983
v 0.1829 0.7004 -0.7871
v -0.0049 0.5593 -0.0832
v 0.0213 0.5620 -0.0945
v 0.1022 0.5610 -0.0889
v 0.0492 0.5601 -0.0855
v 0.0393 0.5593 -0.0832
v 0.0818 0.8488 -0.0864
v 0.0872 0.8436 -0.1606
v 0.3073 0.5611 -0.1840
v 0.2821 0.5609 -0.1139
v 0.2960 0.5593 -0.1249
v 0.3188 0.5593 -0.2567
v 0.3165 0.5593 -0.2092
v 0.1742 0.6821 -0.8110
v 0.1748 0.6839 -0.8110
v 0.2896 0.7094 -0.4149
v 0.3012 0.7047 -0.4336
v 0.3070 0.7223 -0.3853
v 0.3004 0.5622 -0.4436
v 0.2860 0.5637 -0.5138
v 0.3061 0.5612 -0.4281
v 0.2791 0.7020 -0.5193
v 0.2460 0.7021 -0.5966
v 0.2699 0.7026 -0.5227
v 0.2720 0.5673 -0.5530
v 0.2776 0.5709 -0.5665
v 0.2898 0.5641 -0.5253
v 0.3101 0.7379 -0.3672
v 0.3120 0.7914 -0.3008
v 0.3139 0.5610 -0.2538
v 0.3037 0.5618 -0.3960
v 0.3177 0.5593 -0.3282
v 0.2254 0.7017 -0.6574
v 0.2349 0.7012 -0.6344
v 0.2283 0.7021 -0.6394
v 0.2435 0.7001 -0.6139
v 0.2169 0.7009 -0.6871
v 0.2268 0.6996 -0.6609
v 0.2156 0.7015 -0.6870
v 0.2132 0.7018 -0.6869
v 0.1817 0.6689 -0.7994
v 0.1785 0.6714 -0.8062
v 0.0261 0.8566 -0.0884
v 0.1281 0.5620 -0.0945
v 0.1193 0.5601 -0.0855
v 0.0834 0.5593 -0.0832
v 0.1563 0.5610 -0.0889
v 0.1534 0.5601 -0.0855
v 0.1652 0.8076 -0.0975
v 0.2347 0.5605 -0.0881
v 0.2216 0.5593 -0.0838
v 0.2615 0.5593 -0.0946
v 0.3135 0.8069 -0.2229
v 0.1742 0.6840 -0.8112
v 0.1740 0.6951 -0.8109
v 0.1744 0.5606 -0.0872
v 0.1436 0.5593 -0.0832
v 0.2140 0.5615 -0.0908
v 0.2726 0.8078 -0.1009
v 0.1731 0.8077 -0.0854
v 0.1811 0.7689 -0.1706
v 0.1904 0.7625 -0.1739
v 0.1744 0.8076 -0.0841
v 0.2350 0.7952 -0.0861
v 0.1910 0.8057 -0.0976
v 0.1620 0.5685 -0.1451
v 0.1935 0.7924 -0.1748
v 0.1718 0.7958 -0.1638
v 0.1915 0.5913 -0.1754
v 0.1955 0.5771 -0.1730
v 0.1887 0.7010 -0.7682
v 0.1967 0.7012 -0.7441
v 0.1893 0.7005 -0.7683
v 0.1975 0.7006 -0.7442
v 0.2058 0.7014 -0.7165
v 0.2069 0.7008 -0.7166
v 0.2039 0.7016 -0.7163
v 0.1853 0.7012 -0.7743
v 0.2521 0.5954 -0.6288
v 0.2453 0.6017 -0.6417
v 0.2525 0.5849 -0.6021
v 0.2404 0.6089 -0.6576
v 0.2645 0.5833 -0.6018
v 0.2418 0.6089 -0.6576
v 0.2536 0.5953 -0.6288
v 0.1762 0.6877 -0.7537
v 0.1794 0.6745 -0.7397
v 0.2355 0.6928 -0.6377
v 0.2285 0.6955 -0.6576
v 0.2489 0.6894 -0.6011
v 0.1779 0.7006 -0.7574
v 0.1727 0.6985 -0.7828
v 0.0169 0.7706 -1.5900
v 0.0268 0.6596 -1.5700
v 0.0256 0.6594 -1.5709
v 0.0156 0.7703 -1.5914
v 0.0244 0.6596 -1.5698
v 0.0144 0.7703 -1.5902
v 0.0042 0.7892 -1.5969
v 0.0130 0.7799 -1.5930
v 0.0066 0.7882 -1.5950
v 0.0248 0.6596 -1.5606
v 0.0283 0.6582 -1.5617
v 0.0167 0.7716 -1.5826
v 0.0048 0.7885 -1.5860
v 0.0071 0.7898 -1.5869
v 0.0256 0.6563 -1.5720
v 0.0168 0.7715 -1.5838
v 0.0268 0.6607 -1.5636
v 0.0271 0.6599 -1.5684
v 0.0171 0.7709 -1.5879
v 0.0141 0.7706 -1.5879
v 0.0242 0.6601 -1.5673
v 0.0246 0.6607 -1.5634
v 0.0145 0.7712 -1.5838
v 0.0043 0.7877 -1.5899
v 0.0032 0.7925 -1.5873
v 0.0304 0.6571 -1.5613
v 0.0299 0.6562 -1.5686
v 0.0246 0.6609 -1.5622
v 0.0135 0.7770 -1.5837
v 0.0030 0.7869 -1.5950
v 0.0228 0.6574 -1.5652
v 0.0226 0.6551 -1.5726
v 0.0304 0.6554 -1.5712
v 0.0272 0.6580 -1.5556
v 0.0251 0.6579 -1.5576
v 0.0207 0.6563 -1.5655
v 0.0035 0.7892 -1.5842
v 0.0035 0.7911 -1.5824
v 0.0038 0.7862 -1.6058
v 0.0019 0.7930 -1.5998
v 0.0033 0.7926 -1.5721
v 0.0031 0.7874 -1.5946
v 0.0020 0.7859 -1.5953
v 0.0033 0.7807 -1.6590
v 0.0010 0.7854 -1.6596
v 0.0003 0.7939 -1.5621
v 0.0021 0.7869 -1.5891
v 0.0000 0.7830 -1.6146
v 0.0012 0.6563 -1.6033
v 0.0012 0.7807 -1.6100
v 0.0017 0.7811 -1.6083
v 0.0023 0.6534 -1.6030
v 0.0017 0.6572 -1.5979
v 0.0017 0.7815 -1.6049
v -0.0000 0.6561 -1.6041
v 0.0012 0.7832 -1.6120
v 0.0015 0.7840 -1.6006
v 0.0014 0.6578 -1.5947
v 0.0070 0.6513 -1.5946
v 0.0045 0.6497 -1.6058
v -0.0000 0.6510 -1.6065
v 0.0066 0.6492 -1.6060
v 0.0013 0.6530 -1.5849
v 0.0020 0.7827 -1.6101
v 0.0013 0.7820 -1.6000
v 0.0013 0.7842 -1.5991
v 0.0013 0.7856 -1.5962
v 0.0000 0.7854 -1.5952
v 0.0022 0.7849 -1.6056
v 0.0013 0.6580 -1.5933
v 0.0024 0.6534 -1.5911
v -0.0000 0.6538 -1.5896
v 0.0000 0.7820 -1.6000
v 0.0000 0.7841 -1.5991
v -0.0169 0.7706 -1.5900
v -0.0156 0.7703 -1.5914
v -0.0263 0.6594 -1.5709
v -0.0274 0.6596 -1.5700
v -0.0251 0.6596 -1.5698
v -0.0144 0.7703 -1.5902
v -0.0070 0.7876 -1.5945
v -0.0135 0.7799 -1.5934
v -0.0096 0.7872 -1.5929
v -0.0167 0.7716 -1.5826
v -0.0048 0.7885 -1.5860
v -0.0256 0.6583 -1.5590
v -0.0280 0.6585 -1.5609
v -0.0280 0.6573 -1.5708
v -0.0168 0.7715 -1.5838
v -0.0171 0.7709 -1.5879
v -0.0278 0.6599 -1.5684
v -0.0274 0.6607 -1.5636
v -0.0141 0.7706 -1.5879
v -0.0145 0.7712 -1.5838
v -0.0252 0.6607 -1.5634
v -0.0248 0.6601 -1.5673
v -0.0049 0.7876 -1.5909
v -0.0041 0.7900 -1.5965
v -0.0074 0.7900 -1.5869
v -0.0253 0.6609 -1.5622
v -0.0135 0.7770 -1.5837
v -0.0234 0.6573 -1.5660
v -0.0309 0.6553 -1.5717
v -0.0311 0.6569 -1.5621
v -0.0257 0.6579 -1.5576
v -0.0279 0.6580 -1.5556
v -0.0224 0.6554 -1.5712
v -0.0215 0.6566 -1.5641
v -0.0028 0.7881 -1.5870
v -0.0030 0.7869 -1.5950
v -0.0035 0.7892 -1.5842
v -0.0034 0.7917 -1.5835
v -0.0028 0.7926 -1.5690
v -0.0035 0.7863 -1.6042
v -0.0032 0.7870 -1.5989
v -0.0038 0.7917 -1.5959
v -0.0019 0.7942 -1.5846
v -0.0004 0.7938 -1.5621
v -0.0030 0.7927 -1.5900
v -0.0020 0.7859 -1.5953
v -0.0023 0.7865 -1.5927
v -0.0027 0.7891 -1.5863
v -0.0035 0.7850 -1.6149
v -0.0020 0.7835 -1.6147
v -0.0033 0.7807 -1.6590
v -0.0012 0.6563 -1.6033
v -0.0017 0.7811 -1.6083
v -0.0012 0.7807 -1.6100
v -0.0017 0.6572 -1.5979
v -0.0017 0.7815 -1.6049
v -0.0014 0.6578 -1.5947
v -0.0014 0.7818 -1.6015
v -0.0021 0.6532 -1.5901
v -0.0000 0.6497 -1.6079
v -0.0034 0.6516 -1.6032
v -0.0066 0.6503 -1.5999
v -0.0013 0.6530 -1.5849
v -0.0020 0.7827 -1.6101
v -0.0013 0.7820 -1.6000
v -0.0013 0.7842 -1.5991
v -0.0012 0.7832 -1.6120
v -0.0024 0.7841 -1.6125
v -0.0013 0.7856 -1.5962
v -0.0013 0.6580 -1.5933
v -0.0019 0.7857 -1.5987
v 0.0038 0.7790 -1.6583
v 0.0043 0.7818 -1.6635
v -0.0038 0.7790 -1.6583
v -0.0049 0.7803 -1.6625
v -0.0005 0.7864 -1.6591
v 0.0000 0.7816 -1.6586
v 0.0010 0.7766 -1.6581
v 0.0010 0.7865 -1.6591
v -0.0025 0.7811 -1.6585
v 0.0002 0.7941 -1.5621
v 0.0000 0.7936 -1.5620
v -0.0003 0.7940 -1.5621
v -0.0001 0.7933 -1.5620
v -0.1620 0.7787 1.9692
v -0.1273 0.7798 1.9099
v -0.0875 0.7786 1.9693
v 0.0389 0.7762 1.8244
v -0.0971 0.7743 1.8406
v -0.1754 0.7737 1.8690
v -0.3582 0.7746 1.8326
v -0.1873 0.7803 1.8123
v -0.1134 0.7771 1.9705
v -0.1748 0.7779 1.9738
v -0.0558 0.7770 1.9705
v -0.0557 0.7778 1.9738
v -0.2086 0.7771 1.9705
v 0.0000 0.7769 1.9697
v -0.0846 0.7778 1.9738
v 0.0004 0.7786 1.9694
v -0.2689 0.7786 1.9705
v -0.2420 0.7780 1.9738
v -0.3740 0.7795 1.9260
v -0.2868 0.7818 1.8885
v -0.4162 0.7840 1.8771
v -0.5653 0.7813 1.9003
v -0.4797 0.7794 1.9604
v -0.2216 0.7789 1.9605
v -0.5653 0.7752 1.8385
v -0.5653 0.7867 1.8053
v -0.4175 0.7806 1.8123
v -0.5030 0.7751 1.9142
v -0.4911 0.7761 1.9503
v -0.5654 0.7751 1.9006
v -0.3420 0.7926 1.8026
v -0.4797 0.7865 1.8053
v -0.4797 0.7929 1.8026
v -0.4125 0.7980 1.8045
v -0.2979 0.7862 1.8053
v -0.5653 0.7930 1.8026
v -0.5653 0.7995 1.8077
v -0.3697 0.8003 1.8109
v -0.1896 0.8001 1.8109
v -0.2644 0.7977 1.8045
v -0.1837 0.7924 1.8026
v -0.3960 0.7788 1.9705
v -0.3162 0.7781 1.9738
v -0.4797 0.7790 1.9705
v -0.3960 0.7782 1.9738
v -0.3162 0.7773 1.9705
v -0.4797 0.7784 1.9738
v -0.3961 0.7774 1.9705
v -0.5653 0.7792 1.9705
v -0.5653 0.7785 1.9738
v -0.4798 0.7776 1.9705
v -0.5654 0.7777 1.9705
v -0.3282 0.7887 1.8562
v -0.2270 0.7985 1.8222
v -0.5653 0.7930 1.8442
v -0.1441 0.7760 1.9569
v -0.1175 0.7976 1.8045
v 0.0000 0.7923 1.8026
v -0.1201 0.7860 1.8053
v -0.0454 0.8000 1.8109
v -0.1123 0.7848 1.8702
v 0.1196 0.7980 1.8229
v 0.1299 0.7792 1.9259
v 0.0846 0.7806 1.9003
v 0.1803 0.7805 1.8953
v 0.1315 0.7746 1.8385
v -0.0043 0.7737 1.8621
v 0.1840 0.7803 1.8123
v 0.0476 0.7802 1.8123
v 0.0846 0.7778 1.9738
v 0.0967 0.7771 1.9705
v 0.2088 0.7786 1.9705
v 0.1748 0.7779 1.9738
v 0.1229 0.7787 1.9692
v 0.0557 0.7778 1.9738
v 0.1783 0.7769 1.9694
v 0.0996 0.7760 1.9579
v 0.2420 0.7780 1.9738
v 0.4264 0.7805 1.8991
v 0.2987 0.7852 1.8692
v 0.5653 0.7999 1.8165
v 0.3408 0.7791 1.9604
v 0.2890 0.7747 1.8385
v 0.3162 0.7767 1.8236
v 0.2880 0.7739 1.8614
v 0.3281 0.7760 1.8263
v 0.3631 0.7805 1.8123
v 0.4852 0.7755 1.9315
v 0.3465 0.7757 1.9496
v 0.5654 0.7777 1.9705
v 0.2979 0.7862 1.8053
v 0.4797 0.7865 1.8053
v 0.2871 0.7978 1.8045
v 0.3625 0.7926 1.8026
v 0.5653 0.7752 1.8385
v 0.4797 0.7981 1.8045
v 0.5653 0.7930 1.8026
v 0.4220 0.8004 1.8109
v 0.5653 0.7983 1.8045
v 0.2420 0.7924 1.8026
v 0.3162 0.7781 1.9738
v 0.3960 0.7788 1.9705
v 0.3161 0.7787 1.9705
v 0.4379 0.7783 1.9738
v 0.4797 0.7790 1.9705
v 0.3162 0.7773 1.9705
v 0.3960 0.7782 1.9738
v 0.3961 0.7774 1.9705
v 0.4797 0.7784 1.9738
v 0.5653 0.7813 1.9003
v 0.5653 0.7792 1.9705
v 0.4798 0.7776 1.9705
v 0.5653 0.7785 1.9738
v 0.2721 0.7985 1.8223
v 0.0372 0.7742 1.9000
v 0.1459 0.7976 1.8045
v 0.1508 0.7924 1.8026
v 0.0557 0.7976 1.8045
v 0.1349 0.7860 1.8053
v 0.1954 0.8001 1.8109
v 0.1705 0.7885 1.8562
v -0.4379 0.7783 1.9738
v -0.2511 0.7274 -0.8683
v -0.2487 0.7322 -0.8690
v -0.2476 0.7275 -0.8690
v -0.2436 0.7227 -0.8680
v -0.2529 0.7137 -0.8426
v -0.2530 0.7226 -0.8426
v -0.2546 0.7226 -0.8618
v -0.2537 0.7273 -0.8659
v -0.2534 0.7226 -0.8659
v -0.2522 0.7250 -0.8315
v -0.2526 0.7159 -0.8389
v -0.2436 0.7180 -0.8423
v -0.2423 0.7227 -0.8494
v -0.2419 0.7277 -0.8654
v -0.2427 0.7328 -0.8612
v -0.2412 0.7278 -0.8612
v -0.2430 0.7277 -0.8494
v -0.2563 0.7354 -0.8659
v -0.2623 0.7390 -0.8683
v -0.2541 0.7358 -0.8683
v -0.3004 0.7415 -0.8315
v -0.2555 0.7354 -0.8351
v -0.2540 0.7316 -0.8426
v -0.2534 0.7317 -0.8351
v -0.2568 0.7352 -0.8499
v -0.2838 0.7400 -0.8564
v -0.2562 0.7334 -0.8531
v -0.2466 0.7373 -0.8654
v -0.2554 0.7416 -0.8612
v -0.2460 0.7374 -0.8612
v -0.2560 0.7413 -0.8654
v -0.2762 0.7450 -0.8612
v -0.3136 0.7474 -0.8558
v -0.2812 0.7418 -0.8125
v -0.2621 0.7391 -0.8135
v -0.2617 0.7392 -0.8125
v -0.3169 0.7438 -0.8134
v -0.2535 0.7360 -0.8125
v -0.2517 0.7319 -0.8135
v -0.2512 0.7320 -0.8125
v -0.2804 0.7423 -0.8164
v -0.6389 0.7674 -0.8423
v -0.6464 0.7846 -0.8314
v -0.6369 0.7601 -0.8164
v -0.4392 0.7420 -0.8499
v -0.5959 0.7424 -0.8427
v -0.4430 0.7419 -0.8566
v -0.5050 0.7421 -0.8619
v -0.6417 0.7661 -0.8315
v -0.6370 0.7579 -0.8215
v -0.6438 0.7691 -0.8618
v -0.6456 0.7727 -0.8563
v -0.6474 0.7767 -0.8618
v -0.3708 0.7471 -0.8349
v -0.5036 0.7486 -0.8422
v -0.4373 0.7476 -0.8348
v -0.4370 0.7484 -0.8422
v -0.3592 0.7473 -0.8437
v -0.4196 0.7470 -0.8319
v -0.6424 0.7709 -0.8134
v -0.6457 0.7774 -0.8125
v -0.6426 0.7706 -0.8125
v -0.6397 0.7644 -0.8125
v -0.6399 0.7641 -0.8135
v -0.6482 0.7846 -0.8134
v -0.6453 0.7776 -0.8134
v -0.3453 0.7429 -0.8231
v -0.6156 0.7446 -0.8215
v -0.3600 0.7418 -0.8591
v -0.4378 0.7460 -0.8690
v -0.3715 0.7456 -0.8690
v -0.4372 0.7476 -0.8680
v -0.3706 0.7471 -0.8680
v -0.6055 0.7502 -0.8633
v -0.6276 0.7526 -0.8654
v -0.6244 0.7520 -0.8612
v -0.6243 0.7513 -0.8654
v -0.5592 0.7488 -0.8422
v -0.5773 0.7500 -0.8585
v -0.6353 0.7618 -0.8526
v -0.6301 0.7549 -0.8493
v -0.6324 0.7564 -0.8423
v -0.6302 0.7543 -0.8422
v -0.6244 0.7499 -0.8680
v -0.6154 0.7502 -0.8654
v -0.6155 0.7489 -0.8680
v -0.6156 0.7477 -0.8213
v -0.6156 0.7502 -0.8439
v -0.6245 0.7504 -0.8348
v -0.6279 0.7509 -0.8277
v -0.6245 0.7495 -0.8277
v -0.6156 0.7473 -0.8189
v -0.5594 0.7473 -0.8277
v -0.6278 0.7501 -0.8213
v -0.6312 0.7525 -0.8189
v -0.6058 0.7425 -0.8496
v -0.6373 0.7566 -0.8619
v -0.6300 0.7469 -0.8619
v -0.6278 0.7462 -0.8659
v -0.6277 0.7453 -0.8619
v -0.5958 0.7457 -0.8134
v -0.6156 0.7464 -0.8134
v -0.6245 0.7469 -0.8125
v -0.6156 0.7459 -0.8125
v -0.6346 0.7556 -0.8134
v -0.6322 0.7517 -0.8135
v -0.6322 0.7512 -0.8165
v -0.6156 0.7434 -0.8352
v -0.5902 0.7428 -0.8335
v -0.6345 0.7537 -0.8215
v -0.6370 0.7574 -0.8279
v -0.6379 0.7578 -0.8529
v -0.6372 0.7659 -0.8612
v -0.6419 0.7776 -0.8599
v -0.2516 0.7102 -0.8279
v -0.2512 0.6870 -0.8215
v -0.2512 0.7102 -0.8215
v -0.2522 0.7102 -0.8351
v -0.2516 0.6870 -0.8279
v -0.2530 0.7102 -0.8426
v -0.2522 0.6870 -0.8351
v -0.2450 0.7102 -0.8349
v -0.2463 0.6870 -0.8277
v -0.2450 0.6870 -0.8349
v -0.2463 0.7102 -0.8277
v -0.2473 0.6870 -0.8214
v -0.2473 0.7102 -0.8214
v -0.2482 0.6870 -0.8165
v -0.2435 0.7102 -0.8423
v -0.2435 0.6870 -0.8423
v -0.2490 0.7102 -0.8134
v -0.2496 0.6870 -0.8125
v -0.2490 0.6870 -0.8134
v -0.2496 0.6845 -0.8125
v -0.2490 0.6845 -0.8134
v -0.2502 0.7102 -0.8135
v -0.2507 0.6870 -0.8165
v -0.2502 0.6870 -0.8135
v -0.2496 0.6822 -0.8125
v -0.2490 0.6822 -0.8134
v -0.2482 0.7102 -0.8165
v -0.2400 0.7102 -0.8612
v -0.2405 0.6870 -0.8558
v -0.2400 0.6870 -0.8612
v -0.2405 0.7102 -0.8558
v -0.2419 0.6870 -0.8494
v -0.2419 0.7102 -0.8494
v -0.2408 0.6845 -0.8654
v -0.2408 0.6870 -0.8654
v -0.2408 0.7102 -0.8654
v -0.2505 0.7102 -0.8683
v -0.2469 0.6870 -0.8690
v -0.2505 0.6870 -0.8683
v -0.2433 0.6870 -0.8680
v -0.2469 0.6845 -0.8690
v -0.2433 0.7102 -0.8680
v -0.2505 0.6845 -0.8683
v -0.2469 0.6822 -0.8690
v -0.2505 0.6822 -0.8683
v -0.2532 0.7102 -0.8659
v -0.2532 0.6870 -0.8659
v -0.2546 0.7102 -0.8564
v -0.2539 0.6870 -0.8498
v -0.2539 0.7102 -0.8498
v -0.2545 0.7102 -0.8618
v -0.2546 0.6870 -0.8564
v -0.2545 0.6870 -0.8618
v -0.2545 0.6845 -0.8618
v -0.2532 0.6822 -0.8659
v -0.2545 0.6822 -0.8618
v -0.2530 0.6870 -0.8426
v 0.2529 0.7178 -0.8426
v 0.2534 0.7273 -0.8426
v 0.2528 0.7250 -0.8389
v 0.2485 0.7227 -0.8165
v 0.2481 0.7275 -0.8214
v 0.2482 0.7323 -0.8277
v 0.2463 0.7137 -0.8277
v 0.2451 0.7180 -0.8349
v 0.2409 0.7180 -0.8654
v 0.2404 0.7228 -0.8612
v 0.2412 0.7227 -0.8654
v 0.2490 0.7275 -0.8165
v 0.2623 0.7390 -0.8683
v 0.2798 0.7426 -0.8690
v 0.2816 0.7415 -0.8683
v 0.2599 0.7399 -0.8690
v 0.2563 0.7354 -0.8659
v 0.2641 0.7384 -0.8659
v 0.3161 0.7446 -0.8690
v 0.3175 0.7432 -0.8683
v 0.3179 0.7425 -0.8247
v 0.2744 0.7390 -0.8591
v 0.2466 0.7373 -0.8654
v 0.2554 0.7416 -0.8612
v 0.2560 0.7413 -0.8654
v 0.2540 0.7359 -0.8135
v 0.2617 0.7392 -0.8124
v 0.2535 0.7360 -0.8124
v 0.2621 0.7391 -0.8135
v 0.2812 0.7418 -0.8124
v 0.2608 0.7396 -0.8164
v 0.2980 0.7437 -0.8214
v 0.6433 0.7785 -0.8423
v 0.6419 0.7715 -0.8214
v 0.5599 0.7422 -0.8427
v 0.4393 0.7422 -0.8619
v 0.4430 0.7419 -0.8566
v 0.3464 0.7416 -0.8591
v 0.4509 0.7427 -0.8359
v 0.5599 0.7426 -0.8352
v 0.5600 0.7422 -0.8619
v 0.6438 0.7689 -0.8564
v 0.6388 0.7593 -0.8591
v 0.3726 0.7438 -0.8165
v 0.5956 0.7493 -0.8422
v 0.5041 0.7464 -0.8213
v 0.3712 0.7464 -0.8277
v 0.6424 0.7709 -0.8134
v 0.6457 0.7774 -0.8124
v 0.6453 0.7776 -0.8134
v 0.6421 0.7712 -0.8165
v 0.6482 0.7846 -0.8134
v 0.4058 0.7435 -0.8222
v 0.3728 0.7434 -0.8215
v 0.5778 0.7440 -0.8190
v 0.2826 0.7406 -0.8352
v 0.3725 0.7440 -0.8683
v 0.4378 0.7460 -0.8690
v 0.5037 0.7477 -0.8680
v 0.5319 0.7456 -0.8688
v 0.3715 0.7456 -0.8690
v 0.6155 0.7507 -0.8493
v 0.6244 0.7520 -0.8612
v 0.6276 0.7526 -0.8654
v 0.6243 0.7513 -0.8654
v 0.6244 0.7521 -0.8557
v 0.6278 0.7532 -0.8493
v 0.6277 0.7535 -0.8557
v 0.6358 0.7628 -0.8542
v 0.6299 0.7551 -0.8612
v 0.6320 0.7566 -0.8654
v 0.6298 0.7544 -0.8654
v 0.6276 0.7513 -0.8680
v 0.6244 0.7499 -0.8680
v 0.6154 0.7502 -0.8654
v 0.6155 0.7489 -0.8680
v 0.6320 0.7552 -0.8680
v 0.6299 0.7530 -0.8680
v 0.6156 0.7501 -0.8422
v 0.6156 0.7481 -0.8245
v 0.6307 0.7524 -0.8221
v 0.5960 0.7421 -0.8564
v 0.6156 0.7430 -0.8427
v 0.6245 0.7449 -0.8659
v 0.6277 0.7453 -0.8619
v 0.6245 0.7440 -0.8619
v 0.6058 0.7426 -0.8463
v 0.5958 0.7457 -0.8134
v 0.6156 0.7447 -0.8206
v 0.6244 0.7439 -0.8427
v 0.6343 0.7531 -0.8343
v 0.6298 0.7473 -0.8352
v 0.6277 0.7462 -0.8279
v 0.6428 0.7787 -0.8494
v 0.6394 0.7707 -0.8558
v 0.2512 0.6870 -0.8215
v 0.2516 0.7102 -0.8279
v 0.2512 0.7102 -0.8215
v 0.2516 0.6870 -0.8279
v 0.2522 0.7102 -0.8351
v 0.2513 0.7226 -0.8215
v 0.2522 0.7137 -0.8351
v 0.2522 0.6870 -0.8351
v 0.2530 0.7102 -0.8426
v 0.2507 0.6870 -0.8165
v 0.2507 0.7102 -0.8165
v 0.2450 0.7102 -0.8349
v 0.2463 0.6870 -0.8277
v 0.2463 0.7102 -0.8277
v 0.2473 0.6870 -0.8214
v 0.2473 0.7102 -0.8214
v 0.2450 0.6870 -0.8349
v 0.2463 0.6845 -0.8277
v 0.2482 0.6870 -0.8165
v 0.2482 0.7102 -0.8165
v 0.2482 0.6845 -0.8165
v 0.2450 0.6822 -0.8349
v 0.2435 0.7102 -0.8423
v 0.2490 0.7102 -0.8134
v 0.2496 0.6870 -0.8124
v 0.2496 0.7102 -0.8124
v 0.2502 0.6870 -0.8135
v 0.2502 0.7102 -0.8135
v 0.2490 0.6870 -0.8134
v 0.2496 0.6845 -0.8124
v 0.2490 0.6845 -0.8134
v 0.2496 0.6822 -0.8124
v 0.2490 0.6822 -0.8134
v 0.2405 0.7102 -0.8558
v 0.2419 0.6870 -0.8494
v 0.2419 0.7102 -0.8494
v 0.2435 0.6870 -0.8423
v 0.2408 0.6870 -0.8654
v 0.2400 0.7102 -0.8612
v 0.2408 0.7102 -0.8654
v 0.2433 0.6870 -0.8680
v 0.2433 0.7102 -0.8680
v 0.2532 0.7102 -0.8659
v 0.2505 0.6870 -0.8683
v 0.2505 0.7102 -0.8683
v 0.2539 0.6870 -0.8498
v 0.2546 0.7102 -0.8564
v 0.2539 0.7102 -0.8498
v 0.2546 0.6870 -0.8564
v 0.2545 0.7102 -0.8618
v 0.2539 0.6845 -0.8498
v 0.2538 0.6857 -0.8495
v 0.2545 0.7180 -0.8564
v 0.2532 0.6870 -0.8659
v 0.2545 0.6870 -0.8618
v 0.2532 0.6845 -0.8659
v 0.2546 0.6845 -0.8564
v 0.2530 0.6822 -0.8426
v 0.2530 0.6870 -0.8426
v -0.2443 0.7277 -0.8680
v -0.2538 0.7226 -0.8476
v -0.2525 0.7318 -0.8215
v -0.2412 0.7216 -0.8542
v -0.2483 0.7180 -0.8165
v -0.2490 0.7180 -0.8134
v -0.2490 0.7137 -0.8134
v -0.2641 0.7384 -0.8659
v -0.2561 0.7353 -0.8426
v -0.2573 0.7352 -0.8618
v -0.2767 0.7446 -0.8654
v -0.2815 0.7416 -0.8135
v -0.3157 0.7452 -0.8277
v -0.3162 0.7447 -0.8214
v -0.6456 0.7846 -0.8424
v -0.3733 0.7427 -0.8659
v -0.6501 0.7846 -0.8215
v -0.6504 0.7846 -0.8279
v -0.6506 0.7846 -0.8351
v -0.6469 0.7768 -0.8351
v -0.6511 0.7846 -0.8498
v -0.6494 0.7806 -0.8563
v -0.5956 0.7493 -0.8422
v -0.3704 0.7477 -0.8423
v -0.6488 0.7846 -0.8125
v -0.6371 0.7588 -0.8135
v -0.3732 0.7426 -0.8352
v -0.6154 0.7509 -0.8612
v -0.6276 0.7534 -0.8612
v -0.6335 0.7567 -0.8313
v -0.6346 0.7585 -0.8349
v -0.6301 0.7518 -0.8214
v -0.6301 0.7510 -0.8164
v -0.6313 0.7533 -0.8245
v -0.6245 0.7449 -0.8659
v -0.6300 0.7478 -0.8659
v -0.6405 0.7729 -0.8654
v -0.6411 0.7727 -0.8423
v -0.2496 0.7102 -0.8125
v -0.2507 0.7102 -0.8165
v -0.2482 0.6845 -0.8165
v -0.2433 0.7137 -0.8680
v -0.2469 0.7102 -0.8690
v -0.2546 0.7137 -0.8564
v 0.2544 0.7249 -0.8531
v 0.2516 0.7137 -0.8279
v 0.2541 0.7358 -0.8683
v 0.2762 0.7450 -0.8612
v 0.2460 0.7374 -0.8612
v 0.2790 0.7434 -0.8313
v 0.2804 0.7423 -0.8164
v 0.6445 0.7779 -0.8214
v 0.3721 0.7448 -0.8134
v 0.5596 0.7453 -0.8134
v 0.5594 0.7473 -0.8277
v 0.6057 0.7470 -0.8199
v 0.6488 0.7846 -0.8124
v 0.3732 0.7426 -0.8352
v 0.4372 0.7476 -0.8680
v 0.6276 0.7534 -0.8612
v 0.6156 0.7469 -0.8164
v 0.6324 0.7540 -0.8214
v 0.6346 0.7569 -0.8214
v 0.6278 0.7462 -0.8659
v 0.6058 0.7426 -0.8592
v 0.6245 0.7474 -0.8134
v 0.6245 0.7469 -0.8124
v 0.6278 0.7482 -0.8124
v 0.6299 0.7478 -0.8279
v 0.6277 0.7468 -0.8215
v 0.6445 0.7846 -0.8558
v 0.2450 0.6845 -0.8349
v 0.2435 0.6822 -0.8423
v 0.2482 0.6822 -0.8165
v 0.2400 0.6870 -0.8612
v 0.2405 0.6870 -0.8558
v 0.2435 0.6845 -0.8423
v 0.2419 0.6822 -0.8494
v 0.2400 0.6845 -0.8612
v 0.2408 0.6845 -0.8654
v 0.2469 0.6870 -0.8690
v 0.2505 0.7137 -0.8683
v 0.2469 0.7102 -0.8690
v 0.2433 0.7137 -0.8680
v -0.6456 0.2862 -2.5274
v -0.6042 0.2819 -2.5425
v -0.7097 0.2855 -2.5075
v -0.2766 0.1734 -2.6454
v -0.3286 0.2152 -2.6211
v -0.6003 0.2865 -2.4887
v -0.5236 0.2826 -2.5045
v -0.4783 0.2755 -2.5136
v -0.6411 0.2862 -2.5069
v -0.1928 0.1635 -2.6506
v -0.2408 0.1762 -2.6388
v -0.1109 0.1532 -2.6205
v -0.0079 0.1397 -2.6849
v -0.2062 0.1604 -2.6600
v -0.0447 0.1510 -2.6054
v -0.0367 0.1487 -2.6243
v -0.2595 0.1884 -2.5819
v -0.2700 0.2015 -2.5302
v -0.2363 0.1734 -2.6312
v -0.1597 0.1614 -2.5999
v -0.3432 0.2370 -2.4913
v -0.2834 0.2095 -2.5084
v -0.3874 0.2552 -2.4826
v -0.2773 0.2050 -2.5137
v -0.2706 0.2042 -2.5118
v -0.2578 0.1989 -2.5152
v -0.2995 0.2170 -2.5119
v -0.4946 0.2799 -2.4579
v -0.5591 0.2858 -2.4499
v -0.6708 0.2912 -2.4398
v -0.5159 0.2822 -2.4580
v -0.6847 0.2861 -2.4726
v -0.7097 0.2923 -2.4365
v -0.6234 0.2636 -2.5356
v -0.6060 0.2764 -2.5092
v -0.2836 0.1696 -2.6335
v -0.3494 0.2086 -2.5988
v -0.2897 0.1738 -2.6249
v -0.2333 0.1664 -2.6025
v -0.2321 0.1724 -2.5824
v -0.5198 0.2792 -2.4927
v -0.1921 0.1488 -2.6266
v -0.2224 0.1457 -2.6494
v -0.1448 0.1325 -2.6570
v -0.0273 0.1450 -2.6040
v -0.0722 0.1439 -2.6127
v -0.1322 0.1315 -2.6683
v 0.0507 0.1304 -2.6804
v 0.0435 0.1290 -2.6654
v 0.0831 0.1281 -2.6752
v -0.0936 0.1601 -2.5453
v -0.1308 0.1642 -2.5420
v -0.2208 0.1843 -2.5257
v -0.3246 0.2115 -2.5691
v -0.3442 0.2361 -2.4950
v -0.6739 0.2849 -2.4609
v -0.7097 0.2646 -2.5071
v -0.6368 0.2699 -2.5384
v -0.7097 0.2772 -2.5143
v -0.6790 0.2897 -2.4385
v -0.6720 0.2910 -2.4359
v -0.7097 0.2932 -2.4317
v -0.6592 0.2904 -2.4378
v -0.7097 0.2919 -2.4318
v -0.5748 0.2867 -2.4482
v -0.5186 0.2809 -2.5520
v -0.4783 0.2748 -2.5316
v -0.5386 0.2738 -2.5600
v -0.3716 0.2436 -2.5415
v -0.3599 0.2316 -2.6090
v -0.5131 0.2630 -2.5464
v -0.1822 0.1524 -2.6683
v -0.1879 0.1429 -2.6688
v -0.1559 0.1449 -2.6748
v -0.1641 0.1744 -2.5323
v -0.2134 0.1842 -2.5251
v -0.1783 0.1739 -2.5375
v 0.0195 0.1441 -2.6805
v -0.0985 0.1628 -2.5456
v -0.0081 0.1611 -2.5430
v -0.0982 0.1630 -2.5409
v -0.0245 0.1613 -2.5461
v -0.4065 0.2570 -2.5300
v -0.4983 0.2834 -2.4662
v -0.3846 0.2459 -2.5708
v -0.4383 0.2622 -2.5800
v -0.3789 0.2502 -2.4869
v -0.4242 0.2563 -2.5305
v -0.4455 0.2436 -2.5785
v -0.4266 0.2432 -2.5884
v -0.4604 0.2492 -2.5682
v -0.5038 0.2613 -2.5671
v -0.4296 0.2669 -2.4697
v -0.3927 0.2546 -2.4788
v 0.6607 0.2863 -2.5230
v 0.6743 0.2855 -2.4910
v 0.6184 0.2863 -2.5161
v 0.2697 0.1778 -2.6459
v 0.2488 0.1526 -2.6504
v 0.2732 0.1631 -2.6390
v 0.5522 0.2868 -2.4656
v 0.5018 0.2823 -2.4612
v 0.4423 0.2712 -2.4738
v 0.1238 0.1553 -2.5987
v 0.1579 0.1584 -2.6350
v 0.2152 0.1722 -2.6071
v 0.1415 0.1522 -2.6692
v 0.2510 0.1779 -2.6436
v 0.0558 0.1470 -2.6509
v 0.1241 0.1495 -2.6724
v 0.0441 0.1527 -2.5949
v 0.1194 0.1640 -2.5473
v 0.2467 0.1922 -2.5376
v 0.2477 0.1941 -2.5219
v 0.1235 0.1612 -2.5574
v 0.2055 0.1785 -2.5462
v 0.3696 0.2477 -2.4841
v 0.2706 0.2042 -2.5118
v 0.3432 0.2370 -2.4913
v 0.2757 0.2042 -2.5144
v 0.3277 0.2296 -2.5053
v 0.5535 0.2863 -2.4530
v 0.6276 0.2882 -2.4454
v 0.4296 0.2669 -2.4697
v 0.6327 0.2891 -2.4415
v 0.5591 0.2858 -2.4499
v 0.5195 0.2828 -2.4637
v 0.6288 0.2890 -2.4573
v 0.7097 0.2855 -2.5075
v 0.6654 0.2647 -2.5184
v 0.6617 0.2823 -2.4739
v 0.7097 0.2646 -2.5071
v 0.6040 0.2634 -2.5420
v 0.3886 0.2426 -2.5486
v 0.4958 0.2718 -2.5184
v 0.1898 0.1364 -2.6610
v 0.1669 0.1366 -2.6667
v 0.2082 0.1443 -2.6464
v 0.1314 0.1298 -2.6682
v 0.3118 0.1882 -2.6124
v 0.3444 0.2364 -2.4943
v 0.3287 0.2063 -2.5865
v 0.5250 0.2802 -2.5567
v 0.7097 0.2714 -2.5142
v 0.6274 0.2720 -2.5418
v 0.6720 0.2910 -2.4359
v 0.6710 0.2912 -2.4397
v 0.7097 0.2932 -2.4317
v 0.7097 0.2919 -2.4318
v 0.5534 0.2840 -2.5395
v 0.4386 0.2649 -2.5707
v 0.2677 0.1925 -2.5745
v 0.3734 0.2389 -2.6012
v 0.5515 0.2769 -2.5116
v 0.5308 0.2593 -2.5551
v 0.1736 0.1445 -2.6729
v 0.2420 0.1942 -2.5184
v 0.2134 0.1842 -2.5251
v 0.2337 0.1865 -2.5258
v 0.0982 0.1630 -2.5409
v -0.0387 0.1310 -2.6844
v 0.1231 0.1661 -2.5385
v 0.1453 0.1650 -2.5458
v 0.0163 0.1612 -2.5430
v 0.0494 0.1556 -2.5556
v 0.4790 0.2779 -2.5115
v 0.3706 0.2390 -2.5906
v 0.4458 0.2630 -2.5791
v 0.4096 0.2604 -2.4802
v 0.4289 0.2405 -2.5755
v 0.4087 0.2314 -2.5894
v 0.3387 0.2131 -2.6210
v 0.4911 0.2581 -2.5693
v 0.4784 0.2752 -2.4616
v 0.3730 0.2502 -2.4847
v 0.6100 0.2754 -2.5448
v -0.6534 0.3098 -2.4234
v -0.7097 0.3249 -2.3688
v -0.4305 0.2993 -2.4105
v -0.5654 0.3047 -2.4462
v -0.4738 0.2982 -2.4568
v -0.3957 0.2797 -2.4737
v -0.2662 0.2241 -2.5030
v -0.1889 0.2026 -2.5164
v -0.1449 0.1960 -2.5277
v -0.0912 0.1826 -2.5411
v -0.1306 0.1953 -2.4373
v -0.0692 0.1897 -2.4656
v -0.0193 0.1883 -2.5038
v -0.2480 0.2197 -2.4550
v -0.2768 0.2540 -2.3889
v -0.2458 0.2292 -2.4202
v -0.3956 0.3227 -2.3398
v -0.5678 0.3291 -2.3677
v -0.5909 0.3486 -2.3416
v -0.4601 0.3236 -2.3641
v -0.6845 0.3286 -2.3632
v -0.6341 0.3080 -2.3844
v -0.5127 0.2838 -2.4327
v -0.6671 0.2974 -2.4019
v -0.7097 0.2984 -2.4192
v -0.5446 0.2853 -2.4383
v -0.4655 0.2796 -2.4468
v -0.2404 0.2068 -2.4593
v -0.3615 0.2782 -2.3939
v -0.3811 0.2574 -2.4531
v -0.2763 0.2073 -2.4978
v -0.0961 0.1896 -2.4419
v -0.2049 0.1849 -2.4979
v -0.1434 0.1733 -2.5286
v -0.0771 0.1685 -2.5303
v -0.0007 0.1861 -2.4766
v -0.1185 0.1935 -2.4289
v -0.2132 0.2216 -2.4054
v -0.3936 0.3137 -2.3500
v -0.2033 0.2155 -2.4108
v -0.4968 0.3373 -2.3427
v -0.6588 0.3377 -2.3490
v -0.7097 0.3477 -2.3428
v -0.7097 0.3078 -2.3807
v -0.7079 0.3044 -2.4259
v -0.6379 0.2957 -2.4390
v -0.7097 0.3107 -2.4184
v -0.6428 0.3638 -2.3284
v -0.6971 0.3654 -2.3308
v -0.7097 0.3641 -2.3319
v -0.5870 0.3543 -2.3321
v -0.5732 0.3592 -2.3263
v -0.6363 0.3598 -2.3328
v -0.4362 0.2838 -2.4698
v -0.5090 0.3524 -2.3256
v -0.6322 0.3630 -2.3281
v -0.4636 0.3442 -2.3277
v -0.4849 0.3478 -2.3288
v -0.4415 0.3381 -2.3304
v -0.4193 0.3320 -2.3331
v -0.3164 0.2441 -2.4973
v -0.1885 0.1915 -2.5312
v -0.4097 0.2690 -2.4727
v -0.3510 0.3002 -2.3542
v -0.3782 0.3151 -2.3427
v -0.3034 0.2735 -2.3694
v -0.3040 0.2738 -2.3693
v -0.2249 0.2307 -2.3978
v -0.2514 0.2010 -2.5156
v -0.1239 0.1850 -2.5382
v -0.2490 0.2400 -2.3923
v -0.1482 0.2014 -2.4194
v -0.1822 0.2137 -2.4101
v -0.1667 0.2049 -2.4194
v -0.0029 0.1674 -2.5385
v -0.0982 0.1927 -2.4304
v -0.0028 0.1901 -2.4557
v 0.0000 0.1946 -2.4476
v -0.0358 0.1934 -2.4502
v 0.6833 0.3145 -2.3929
v 0.4659 0.3251 -2.3626
v 0.6410 0.3091 -2.4293
v 0.7097 0.3080 -2.4214
v 0.5040 0.3027 -2.4454
v 0.3896 0.2907 -2.4023
v 0.4054 0.2844 -2.4665
v 0.3335 0.2486 -2.4939
v 0.3516 0.2616 -2.4858
v 0.4395 0.2889 -2.4676
v 0.2340 0.2123 -2.5052
v 0.2111 0.2045 -2.5211
v 0.2682 0.2238 -2.5054
v 0.0793 0.1892 -2.4896
v 0.0881 0.1892 -2.4709
v 0.0082 0.1885 -2.5311
v 0.1058 0.1917 -2.5329
v 0.2635 0.2312 -2.4298
v 0.1093 0.1931 -2.4378
v 0.4200 0.3203 -2.3552
v 0.5480 0.3523 -2.3339
v 0.6050 0.3337 -2.3585
v 0.7097 0.3249 -2.3688
v 0.7097 0.3501 -2.3427
v 0.7097 0.3078 -2.3807
v 0.6058 0.2878 -2.4356
v 0.4660 0.2953 -2.4014
v 0.6265 0.2908 -2.4164
v 0.2588 0.2000 -2.4935
v 0.1920 0.1863 -2.4950
v 0.2682 0.2048 -2.5034
v 0.1879 0.1867 -2.5317
v 0.1566 0.1747 -2.5228
v 0.0226 0.1651 -2.5329
v 0.0764 0.1901 -2.4390
v 0.2144 0.2135 -2.4230
v 0.2741 0.2327 -2.4232
v 0.4027 0.3182 -2.3473
v 0.3915 0.2817 -2.4058
v 0.4210 0.2735 -2.4461
v 0.5685 0.3212 -2.3684
v 0.4724 0.2864 -2.4638
v 0.7097 0.2973 -2.4188
v 0.5080 0.2981 -2.4606
v 0.7097 0.3651 -2.3319
v 0.6712 0.3651 -2.3293
v 0.6401 0.3626 -2.3301
v 0.4150 0.2691 -2.4680
v 0.6222 0.3622 -2.3278
v 0.6309 0.3556 -2.3340
v 0.5310 0.3550 -2.3257
v 0.4863 0.3483 -2.3266
v 0.4415 0.3381 -2.3304
v 0.4644 0.3423 -2.3302
v 0.3014 0.2263 -2.5040
v 0.2774 0.2099 -2.5064
v 0.3824 0.3147 -2.3472
v 0.3398 0.2950 -2.3554
v 0.3987 0.3235 -2.3379
v 0.2249 0.2307 -2.3978
v 0.3782 0.3151 -2.3427
v 0.3398 0.2943 -2.3576
v 0.3034 0.2735 -2.3694
v 0.2225 0.2264 -2.4007
v 0.2710 0.2536 -2.3852
v 0.0947 0.1804 -2.5410
v 0.2168 0.2254 -2.4041
v 0.2162 0.2260 -2.4008
v 0.1482 0.2014 -2.4194
v 0.1482 0.1997 -2.4276
v 0.0982 0.1927 -2.4304
v 0.0817 0.1921 -2.4335
v 0.1095 0.1925 -2.4297
v -0.7509 0.8391 -0.7728
v -0.7108 0.8388 -0.7860
v -0.7184 0.8130 -0.8570
v -0.7423 0.8191 -0.8455
v -0.7281 0.8441 -0.8232
v -0.7409 0.8391 -0.8382
v -0.7383 0.8441 -0.8167
v -0.6669 0.8433 -0.8035
v -0.6629 0.8441 -0.8131
v -0.7427 0.7802 -0.7893
v -0.7648 0.7814 -0.7739
v -0.5927 0.8429 -0.8752
v -0.5748 0.8434 -0.8355
v -0.5744 0.8199 -0.8916
v -0.5635 0.8061 -0.8743
v -0.5716 0.8191 -0.8319
v -0.5729 0.8312 -0.8232
v -0.5739 0.7897 -0.8336
v -0.6405 0.7802 -0.8348
v -0.6998 0.7810 -0.7940
v -0.7431 0.7804 -0.8184
v -0.7637 0.8195 -0.8200
v -0.5870 0.7819 -0.8233
v -0.6064 0.7852 -0.8137
v -0.7573 0.8432 -0.7763
v -0.7657 0.8220 -0.7687
v -0.7600 0.8205 -0.7754
v -0.7573 0.8297 -0.7772
v -0.7686 0.8348 -0.7759
v -0.7508 0.8128 -0.8389
v -0.6941 0.7855 -0.7902
v -0.6806 0.7851 -0.7927
v -0.7529 0.8389 -0.7722
v -0.7476 0.7807 -0.8155
v -0.7431 0.8365 -0.7842
v -0.6804 0.8392 -0.7927
v -0.6527 0.8385 -0.8025
v -0.6350 0.8392 -0.8056
v -0.5747 0.8313 -0.8334
v -0.7537 0.8207 -0.8325
v -0.5711 0.7957 -0.8256
v -0.5709 0.7949 -0.8237
v -0.5736 0.7807 -0.8339
v -0.7625 0.8321 -0.7695
v -0.5731 0.7885 -0.8231
v -0.7556 0.7853 -0.7714
v -0.6083 0.8391 -0.8132
v -0.6205 0.7851 -0.8097
v -0.6359 0.7856 -0.8076
v -0.5873 0.7861 -0.8254
v -0.5933 0.8431 -0.8226
v -0.6931 0.7828 -0.7916
v -0.7414 0.8392 -0.7755
v -0.6823 0.8415 -0.7946
v -0.7513 0.7859 -0.7773
v -0.7582 0.7855 -0.7707
v -0.7471 0.7856 -0.7783
v -0.7492 0.7889 -0.7830
v -0.7575 0.8430 -0.7863
v -0.7683 0.7850 -0.7714
v -0.5760 0.8355 -0.8223
v -0.7450 0.8385 -0.7788
v -0.7483 0.8381 -0.7781
v -0.5905 0.8378 -0.8247
v -0.7657 0.7949 -0.7686
v -0.5724 0.7904 -0.8287
v -0.5738 0.7881 -0.8283
v -0.5769 0.7867 -0.8273
v -0.5730 0.7876 -0.8231
v -0.7271 0.7853 -0.8370
v -0.5879 0.8036 -0.8908
v -0.5933 0.7815 -0.8740
v -0.5737 0.7813 -0.8736
v -0.5813 0.7844 -0.8795
v -0.5653 0.7821 -0.8446
v -0.6269 0.7810 -0.8660
v -0.7239 0.7809 -0.8333
v -0.7653 0.7830 -0.7896
v -0.7517 0.7809 -0.8138
v -0.7629 0.7848 -0.8060
v -0.5679 0.7847 -0.8292
v -0.7613 0.7862 -0.7698
v -0.7635 0.7876 -0.7692
v -0.7649 0.7900 -0.7688
v -0.7628 0.7875 -0.7694
v -0.7631 0.7898 -0.7714
v -0.7544 0.7867 -0.7766
v -0.6325 0.8239 -0.8816
v -0.5675 0.8389 -0.8316
v -0.5705 0.8425 -0.8332
v -0.5737 0.8393 -0.8783
v -0.7480 0.8436 -0.8153
v -0.7702 0.8353 -0.7855
v -0.7424 0.8412 -0.8275
v -0.7599 0.8358 -0.7703
v -0.7562 0.8361 -0.7745
v -0.5720 0.8307 -0.8242
v -0.5771 0.8355 -0.8304
v -0.7669 0.8375 -0.7717
v 0.7089 0.8392 -0.7847
v 0.6940 0.8386 -0.7908
v 0.7313 0.8164 -0.8518
v 0.7085 0.8416 -0.8445
v 0.7147 0.7860 -0.8430
v 0.6944 0.8439 -0.8439
v 0.7010 0.8433 -0.7936
v 0.6059 0.8436 -0.8230
v 0.6421 0.7809 -0.8092
v 0.7385 0.7803 -0.7901
v 0.5680 0.8165 -0.8853
v 0.5654 0.8385 -0.8559
v 0.5724 0.8434 -0.8644
v 0.5651 0.7840 -0.8653
v 0.5752 0.7820 -0.8783
v 0.5917 0.8183 -0.8945
v 0.5716 0.8191 -0.8319
v 0.5761 0.8341 -0.8329
v 0.5720 0.8307 -0.8243
v 0.5895 0.7803 -0.8286
v 0.7666 0.8392 -0.7808
v 0.7538 0.8439 -0.7854
v 0.5723 0.7888 -0.8233
v 0.7447 0.8438 -0.8137
v 0.7600 0.8205 -0.7754
v 0.7700 0.8128 -0.7874
v 0.7687 0.8306 -0.7716
v 0.7443 0.8153 -0.8445
v 0.7582 0.7855 -0.7707
v 0.7598 0.7808 -0.7777
v 0.7648 0.8215 -0.7689
v 0.6653 0.8392 -0.7970
v 0.6350 0.8392 -0.8056
v 0.6657 0.8380 -0.8002
v 0.6527 0.8385 -0.8025
v 0.7569 0.8160 -0.8303
v 0.5730 0.7876 -0.8231
v 0.5711 0.7957 -0.8256
v 0.5779 0.7805 -0.8732
v 0.5682 0.8371 -0.8308
v 0.7656 0.7819 -0.7731
v 0.7364 0.8416 -0.7793
v 0.6804 0.8392 -0.7927
v 0.6427 0.8415 -0.8058
v 0.6205 0.7851 -0.8097
v 0.6359 0.7856 -0.8076
v 0.5873 0.7861 -0.8254
v 0.6719 0.7851 -0.7952
v 0.7529 0.8389 -0.7722
v 0.7513 0.7859 -0.7773
v 0.7471 0.7856 -0.7783
v 0.5751 0.8421 -0.8278
v 0.5887 0.8387 -0.8187
v 0.7518 0.8308 -0.7826
v 0.7512 0.8384 -0.7764
v 0.5686 0.7947 -0.8270
v 0.5727 0.8296 -0.8232
v 0.6114 0.8379 -0.8192
v 0.5905 0.8378 -0.8247
v 0.6806 0.7851 -0.7927
v 0.6941 0.7855 -0.7902
v 0.7690 0.7834 -0.7734
v 0.5724 0.7904 -0.8287
v 0.5738 0.7881 -0.8283
v 0.5769 0.7867 -0.8273
v 0.6643 0.7821 -0.8549
v 0.5723 0.7813 -0.8684
v 0.5720 0.7826 -0.8279
v 0.5659 0.7818 -0.8390
v 0.6242 0.8052 -0.8835
v 0.7397 0.7807 -0.8266
v 0.7508 0.8053 -0.8357
v 0.7450 0.7805 -0.8203
v 0.7534 0.7809 -0.8089
v 0.7653 0.7990 -0.8099
v 0.7481 0.7809 -0.8171
v 0.7639 0.8162 -0.8255
v 0.7436 0.7804 -0.8193
v 0.7653 0.7847 -0.7712
v 0.7624 0.7869 -0.7695
v 0.7649 0.7900 -0.7688
v 0.7483 0.7882 -0.7832
v 0.7569 0.7932 -0.7786
v 0.7597 0.7869 -0.7723
v 0.5719 0.8392 -0.8733
v 0.5975 0.8414 -0.8763
v 0.5784 0.8384 -0.8795
v 0.7440 0.8372 -0.8318
v 0.7603 0.8392 -0.8026
v 0.7636 0.8416 -0.7743
v 0.7501 0.8418 -0.8169
v 0.7579 0.8404 -0.8041
v 0.7447 0.8388 -0.8272
v 0.7573 0.8297 -0.7773
v 0.7566 0.8376 -0.7712
v 0.5770 0.8355 -0.8304
v 0.5760 0.8355 -0.8223
v 0.7643 0.8288 -0.7690
v 0.7585 0.8374 -0.7706
v 0.5758 0.7884 -0.8330
v -0.5904 0.6653 -0.6897
v -0.5921 0.6912 -0.7446
v -0.5905 0.6913 -0.7455
v -0.5903 0.6357 -0.6266
v -0.5920 0.6652 -0.6888
v -0.5876 0.6660 -0.6870
v -0.5887 0.6361 -0.6260
v -0.5888 0.6656 -0.6891
v -0.5901 0.6044 -0.5597
v -0.5918 0.6356 -0.6256
v -0.5922 0.7120 -0.7894
v -0.5906 0.7121 -0.7902
v -0.5879 0.7117 -0.7679
v -0.5924 0.6363 -0.5905
v -0.5915 0.6699 -0.6529
v -0.5909 0.6950 -0.7047
v -0.5911 0.6707 -0.6472
v -0.5910 0.6435 -0.5797
v -0.5906 0.6954 -0.7005
v -0.5905 0.7146 -0.7467
v -0.5908 0.7143 -0.7508
v -0.5903 0.6716 -0.6401
v -0.5898 0.6957 -0.6971
v -0.5902 0.6956 -0.6979
v -0.5901 0.7147 -0.7442
v -0.5907 0.6712 -0.6428
v -0.5908 0.6439 -0.5774
v -0.5910 0.6148 -0.5082
v -0.5904 0.6444 -0.5746
v -0.5901 0.6446 -0.5737
v -0.5897 0.7148 -0.7434
v -0.5871 0.6665 -0.6834
v -0.5875 0.6367 -0.6237
v -0.5875 0.7446 -0.8574
v -0.5880 0.7409 -0.8516
v -0.5880 0.7446 -0.8606
v -0.5900 0.7362 -0.7973
v -0.5896 0.7412 -0.8097
v -0.5899 0.7412 -0.8104
v -0.5900 0.7279 -0.7765
v -0.5896 0.7362 -0.7965
v -0.5892 0.7362 -0.7973
v -0.5892 0.7412 -0.8105
v -0.5893 0.7279 -0.7766
v -0.5903 0.7412 -0.8128
v -0.5899 0.7446 -0.8197
v -0.5903 0.7446 -0.8221
v -0.5904 0.7278 -0.7790
v -0.5896 0.7279 -0.7757
v -0.5890 0.7278 -0.7790
v -0.5890 0.7361 -0.7997
v -0.5890 0.7412 -0.8128
v -0.5895 0.7446 -0.8190
v -0.5892 0.7446 -0.8198
v -0.5911 0.7044 -0.7305
v -0.5937 0.7354 -0.8352
v -0.5934 0.7409 -0.8437
v -0.5937 0.7409 -0.8479
v -0.5888 0.7412 -0.8167
v -0.5888 0.7446 -0.8260
v -0.5880 0.6909 -0.7158
v -0.5884 0.7415 -0.8310
v -0.5892 0.7354 -0.8408
v -0.5907 0.7264 -0.8213
v -0.5907 0.7354 -0.8414
v -0.5923 0.7409 -0.8532
v -0.5908 0.7409 -0.8540
v -0.5892 0.7409 -0.8535
v -0.5880 0.7355 -0.8389
v -0.5891 0.7264 -0.8208
v -0.5922 0.7264 -0.8205
v -0.5933 0.7354 -0.8385
v -0.5923 0.7354 -0.8406
v -0.5923 0.7446 -0.8622
v -0.5908 0.7446 -0.8630
v -0.5892 0.7446 -0.8625
v 0.5921 0.6912 -0.7446
v 0.5904 0.6653 -0.6897
v 0.5905 0.6913 -0.7455
v 0.5879 0.7124 -0.7876
v 0.5890 0.6915 -0.7449
v 0.5878 0.6918 -0.7429
v 0.5888 0.6656 -0.6891
v 0.5876 0.6660 -0.6870
v 0.5922 0.7120 -0.7894
v 0.5874 0.6827 -0.7086
v 0.5881 0.6689 -0.6628
v 0.5924 0.6682 -0.6659
v 0.5934 0.7126 -0.7793
v 0.5911 0.6707 -0.6472
v 0.5917 0.6695 -0.6561
v 0.5906 0.6954 -0.7005
v 0.5905 0.7146 -0.7467
v 0.5910 0.7142 -0.7535
v 0.5903 0.6716 -0.6401
v 0.5902 0.6956 -0.6979
v 0.5899 0.6718 -0.6392
v 0.5904 0.6444 -0.5746
v 0.5901 0.7147 -0.7442
v 0.5900 0.6446 -0.5737
v 0.5906 0.6155 -0.5053
v 0.5897 0.7148 -0.7434
v 0.5870 0.6382 -0.6148
v 0.5872 0.6925 -0.7347
v 0.5882 0.7315 -0.8102
v 0.5896 0.7412 -0.8097
v 0.5900 0.7362 -0.7973
v 0.5899 0.7412 -0.8104
v 0.5896 0.7362 -0.7965
v 0.5900 0.7279 -0.7765
v 0.5892 0.7362 -0.7973
v 0.5893 0.7279 -0.7765
v 0.5896 0.7279 -0.7757
v 0.5893 0.7148 -0.7443
v 0.5890 0.7146 -0.7468
v 0.5895 0.7446 -0.8190
v 0.5892 0.7412 -0.8105
v 0.5899 0.7446 -0.8197
v 0.5916 0.7273 -0.7939
v 0.5922 0.7202 -0.7840
v 0.5913 0.7173 -0.7656
v 0.5904 0.7278 -0.7790
v 0.5937 0.7446 -0.8570
v 0.5934 0.7409 -0.8512
v 0.5934 0.7446 -0.8602
v 0.5888 0.7412 -0.8167
v 0.5888 0.7361 -0.8037
v 0.5883 0.7204 -0.7812
v 0.5886 0.7428 -0.8267
v 0.5892 0.7409 -0.8535
v 0.5907 0.7354 -0.8414
v 0.5892 0.7354 -0.8408
v 0.5923 0.7354 -0.8406
v 0.5907 0.7264 -0.8213
v 0.5880 0.7446 -0.8606
v 0.5880 0.7409 -0.8516
v 0.5880 0.7355 -0.8389
v 0.5879 0.7265 -0.8188
v 0.5891 0.7122 -0.7896
v 0.5923 0.7409 -0.8532
v 0.5923 0.7446 -0.8622
v 0.5908 0.7409 -0.8540
v 0.5908 0.7446 -0.8630
v -0.5890 0.6915 -0.7449
v -0.5917 0.6042 -0.5587
v -0.5899 0.6718 -0.6392
v -0.5906 0.6155 -0.5053
v -0.5902 0.6157 -0.5043
v -0.5893 0.7148 -0.7443
v -0.5875 0.7409 -0.8484
v -0.5890 0.7146 -0.7468
v -0.5885 0.7359 -0.8145
v -0.5886 0.7313 -0.7992
v -0.5879 0.7265 -0.8188
v -0.5891 0.7122 -0.7896
v -0.5933 0.7264 -0.8184
v -0.5934 0.7409 -0.8512
v -0.5934 0.7446 -0.8602
v 0.5887 0.6361 -0.6260
v 0.5883 0.6940 -0.7165
v 0.5880 0.6935 -0.7229
v 0.5884 0.7138 -0.7621
v 0.5909 0.6950 -0.7047
v 0.5898 0.6957 -0.6971
v 0.5902 0.6157 -0.5043
v 0.5871 0.6665 -0.6834
v 0.5875 0.6367 -0.6237
v 0.5890 0.7412 -0.8128
v 0.5892 0.7446 -0.8198
v 0.5928 0.7269 -0.8055
v 0.5884 0.7394 -0.8247
v 0.5891 0.7264 -0.8208
v 0.5892 0.7446 -0.8624
v -0.5874 0.6056 -0.5568
v -0.5886 0.5914 -0.5306
v -0.5886 0.6049 -0.5591
v -0.5874 0.5921 -0.5283
v 0.5929 0.5910 -0.5277
v 0.5935 0.6052 -0.5520
v 0.5935 0.5917 -0.5236
v 0.5929 0.6045 -0.5561
v -0.5898 0.6021 -0.4769
v -0.5902 0.6022 -0.4759
v -0.5898 0.6156 -0.5053
v -0.5876 0.5965 -0.5054
v -0.5881 0.6114 -0.5265
v -0.5881 0.5979 -0.4981
v -0.5876 0.6100 -0.5339
v 0.5914 0.6003 -0.4846
v 0.5910 0.6148 -0.5082
v 0.5910 0.6013 -0.4798
v 0.5914 0.6138 -0.5131
v -0.5885 0.6128 -0.5194
v -0.5885 0.5993 -0.4910
v 0.5918 0.5990 -0.4909
v 0.5918 0.6125 -0.5193
v -0.5910 0.6013 -0.4798
v -0.5906 0.6020 -0.4768
v 0.5917 0.5907 -0.5303
v 0.5917 0.6042 -0.5587
v -0.5890 0.6140 -0.5131
v -0.5890 0.6005 -0.4847
v 0.5922 0.5975 -0.4979
v 0.5922 0.6110 -0.5263
v -0.5868 0.6065 -0.5528
v -0.5868 0.5930 -0.5243
v 0.5901 0.5909 -0.5313
v 0.5901 0.6044 -0.5597
v -0.5894 0.6150 -0.5083
v -0.5894 0.6015 -0.4798
v 0.5927 0.5959 -0.5051
v 0.5927 0.6094 -0.5336
v -0.5868 0.6075 -0.5474
v -0.5868 0.5940 -0.5189
v 0.5886 0.5914 -0.5306
v 0.5886 0.6049 -0.5591
v -0.5927 0.5959 -0.5051
v -0.5927 0.6094 -0.5336
v -0.5931 0.5944 -0.5121
v -0.5931 0.6078 -0.5405
v 0.5894 0.6150 -0.5083
v 0.5894 0.6015 -0.4798
v 0.5898 0.6156 -0.5053
v 0.5898 0.6021 -0.4769
v -0.5871 0.6087 -0.5409
v -0.5871 0.5952 -0.5125
v -0.5935 0.5929 -0.5183
v -0.5935 0.6064 -0.5467
v 0.5874 0.6056 -0.5568
v 0.5874 0.5921 -0.5283
v 0.5902 0.6022 -0.4759
v 0.5881 0.5979 -0.4981
v 0.5881 0.6114 -0.5265
v 0.5876 0.5965 -0.5054
v 0.5876 0.6100 -0.5339
v -0.5935 0.5917 -0.5236
v -0.5935 0.6052 -0.5520
v 0.5906 0.6020 -0.4768
v 0.5885 0.5993 -0.4910
v 0.5885 0.6128 -0.5194
v -0.5929 0.5910 -0.5277
v -0.5929 0.6045 -0.5561
v 0.5890 0.6005 -0.4847
v 0.5890 0.6140 -0.5131
v -0.5914 0.6003 -0.4846
v -0.5914 0.6138 -0.5131
v 0.5868 0.5930 -0.5243
v 0.5868 0.6065 -0.5528
v -0.5918 0.5990 -0.4909
v -0.5918 0.6125 -0.5193
v -0.5917 0.5907 -0.5303
v 0.5868 0.5940 -0.5189
v 0.5868 0.6075 -0.5474
v 0.5931 0.5944 -0.5120
v 0.5931 0.6078 -0.5405
v -0.5922 0.5975 -0.4979
v -0.5922 0.6110 -0.5263
v -0.5901 0.5909 -0.5313
v 0.5871 0.5952 -0.5125
v 0.5871 0.6087 -0.5409
v 0.5935 0.5929 -0.5183
v 0.5935 0.6064 -0.5467
v 0.8144 0.5141 -0.1877
v 0.8087 0.5292 -0.2712
v 0.8153 0.4814 -0.1100
v 0.8130 0.4879 -0.3505
v 0.8035 0.3632 -0.3635
v 0.8162 0.3568 -0.2396
v 0.7886 0.5042 0.1371
v 0.8204 0.4125 -0.1351
v 0.7868 0.5509 -0.3413
v 0.7924 0.5515 -0.1724
v 0.7903 0.2984 -0.1311
v 0.7697 0.4482 0.2631
v 0.7666 0.5557 0.0021
v 0.7934 0.3579 0.0294
v 0.7537 0.5666 -0.3993
v 0.7629 0.5691 -0.1275
v 0.7568 0.5348 0.1645
v 0.7841 0.4358 -0.4448
v 0.7739 0.5332 -0.4284
v 0.7560 0.5228 -0.4687
v 0.7677 0.3278 -0.4199
v 0.7554 0.5073 0.2617
v 0.7643 0.2558 -0.2040
v 0.7680 0.2953 0.0405
v 0.7512 0.3686 0.2620
v 0.7153 0.2347 0.1421
v 0.7333 0.5852 -0.3436
v 0.7327 0.4745 0.3933
v 0.7342 0.5537 -0.4719
v 0.7264 0.5061 -0.5143
v 0.7223 0.2513 -0.3653
v 0.7230 0.3946 -0.5219
v 0.7199 0.2240 -0.0051
v 0.7717 0.2722 -0.2938
v 0.7142 0.4557 0.4600
v 0.7232 0.3198 0.3278
v 0.6812 0.2440 0.3786
v 0.6956 0.2623 -0.4259
v 0.6871 0.4988 0.4483
v 0.6876 0.2178 0.2650
v 0.6932 0.4466 -0.5561
v 0.7452 0.5869 -0.2735
v 0.6906 0.5790 -0.4640
v 0.7021 0.5321 -0.5301
v 0.6425 0.5730 -0.5508
v 0.6109 0.5611 -0.5959
v 0.6798 0.1859 -0.0341
v 0.6708 0.1878 -0.2640
v 0.6872 0.5312 0.3452
v 0.6840 0.4020 0.5603
v 0.7194 0.5792 -0.0063
v 0.6620 0.4336 0.6167
v 0.7075 0.4789 0.4493
v 0.6293 0.2168 0.5858
v 0.6828 0.3699 -0.5478
v 0.7059 0.5705 0.1046
v 0.6635 0.1852 0.3281
v 0.6228 0.2003 -0.3990
v 0.5841 0.5927 -0.5580
v 0.6877 0.3035 -0.4919
v 0.6845 0.5955 -0.4067
v 0.6681 0.6045 -0.3248
v 0.6321 0.6036 -0.4345
v 0.5689 0.5887 -0.5909
v 0.5873 0.3615 0.8375
v 0.5955 0.4159 0.8093
v 0.7022 0.5487 0.2452
v 0.6091 0.1854 0.6391
v 0.6315 0.5928 0.0856
v 0.5914 0.2826 0.7641
v 0.7112 0.5058 0.3828
v 0.5657 0.2324 0.8148
v 0.7073 0.5957 -0.1608
v 0.5350 0.3662 0.9651
v 0.5400 0.4255 0.9149
v 0.5950 0.6034 -0.4842
v 0.5958 0.4913 0.6433
v 0.5722 0.6165 -0.4136
v 0.5523 0.6196 -0.1673
v 0.6027 0.5706 0.3151
v 0.5515 0.1868 0.8401
v 0.5201 0.6259 -0.3161
v 0.5298 0.6096 0.0894
v 0.5371 0.5870 -0.6247
v 0.5025 0.2578 0.9743
v 0.5197 0.6253 -0.1883
v 0.5144 0.6287 -0.1493
v 0.5066 0.5874 0.3499
v 0.5007 0.6319 -0.3209
v 0.5704 0.5842 0.2770
v 0.5354 0.5937 -0.6090
v 0.4911 0.6346 0.0486
v 0.5306 0.4476 0.8922
v 0.4808 0.6213 -0.5428
v 0.4830 0.6312 -0.4455
v 0.5151 0.6106 0.1324
v 0.5142 0.6175 -0.5142
v 0.4876 0.6524 -0.2647
v 0.4817 0.6660 -0.1598
v 0.5028 0.6246 -0.4699
v 0.4257 0.5847 -0.7215
v 0.4795 0.5550 0.6021
v 0.4646 0.6866 -0.3230
v 0.4699 0.6382 -0.4598
v 0.5068 0.5286 0.6775
v 0.4683 0.6164 0.2620
v 0.4547 0.6285 -0.5424
v 0.4741 0.6465 0.0702
v 0.4392 0.2403 1.0995
v 0.4246 0.6922 0.1180
v 0.4605 0.7042 -0.2288
v 0.4483 0.5795 0.5224
v 0.3857 0.5037 1.0124
v 0.4379 0.4601 1.0221
v 0.3453 0.5896 -0.7871
v 0.4295 0.7529 -0.3146
v 0.4447 0.6320 -0.5459
v 0.4565 0.6938 -0.0632
v 0.4360 0.7065 -0.4033
v 0.4351 0.6441 0.2620
v 0.4300 0.7463 -0.1116
v 0.4166 0.7080 -0.4223
v 0.4260 0.6958 -0.4860
v 0.4337 0.7482 -0.2836
v 0.4094 0.7489 -0.3595
v 0.4310 0.4291 1.0884
v 0.4186 0.6115 0.4659
v 0.4185 0.7789 -0.2304
v 0.4189 0.6956 -0.5097
v 0.4803 0.5217 0.7561
v 0.4441 0.3227 1.1186
v 0.4306 0.7332 -0.3591
v 0.4270 0.6229 -0.6036
v 0.4345 0.7061 0.0242
v 0.4244 0.6558 0.2620
v 0.4055 0.7777 -0.3415
v 0.4026 0.5645 0.7261
v 0.3922 0.8227 -0.3698
v 0.3548 0.5912 -0.7723
v 0.4116 0.7004 -0.5013
v 0.3978 0.7718 0.0073
v 0.3938 0.8561 -0.3199
v 0.3928 0.5148 0.9730
v 0.3662 0.6371 0.5721
v 0.3854 0.8642 -0.4441
v 0.3819 0.7024 -0.5519
v 0.4141 0.7044 -0.4415
v 0.3713 0.8524 -0.4814
v 0.3844 0.5356 0.9186
v 0.4001 0.7577 0.0454
v 0.4142 0.7206 -0.3889
v 0.3718 0.8802 -0.3484
v 0.4473 0.1973 1.0834
v 0.3851 0.6036 -0.7150
v 0.3799 0.8684 -0.3188
v 0.3801 0.6985 0.3060
v 0.3536 0.5579 0.9173
v 0.3373 0.6974 -0.7171
v 0.3714 0.6038 -0.7286
v 0.3811 0.6154 -0.6919
v 0.3782 0.8880 -0.4501
v 0.3509 0.5261 1.0477
v 0.4000 0.3769 1.1916
v 0.3093 0.4781 1.2357
v 0.3390 0.8754 -0.5746
v 0.3046 0.9346 -0.6151
v 0.3840 0.7402 -0.3681
v 0.3397 0.2381 1.2808
v 0.3474 0.9059 -0.5636
v 0.3744 0.7802 -0.3536
v 0.3164 0.7078 -0.4302
v 0.3409 0.6840 0.5275
v 0.3365 0.8646 -0.3130
v 0.3222 0.8708 -0.4062
v 0.3230 0.6224 0.7951
v 0.3080 0.5222 1.1747
v 0.3183 0.8530 -0.4147
v 0.3198 0.7691 0.2561
v 0.3213 0.8347 -0.4107
v 0.3486 0.7371 0.3390
v 0.3010 0.2739 1.3463
v 0.2981 0.3767 1.3699
v 0.3124 0.5606 1.0614
v 0.2828 0.8979 -0.6645
v 0.2586 0.6764 0.9185
v 0.2943 0.3345 1.3836
v 0.3064 0.6162 0.8839
v 0.2990 0.7057 -0.5283
v 0.3195 0.7164 -0.4093
v 0.3023 0.5844 1.0166
v 0.3291 0.8917 -0.4404
v 0.3729 0.7053 -0.4925
v 0.2887 0.9135 -0.5445
v 0.2796 0.7003 -0.8711
v 0.3373 0.8951 -0.5970
v 0.3023 0.2236 1.3704
v 0.3163 0.7018 -0.7387
v 0.2968 0.7055 -0.6524
v 0.2194 0.7057 -0.7442
v 0.2856 0.8833 -0.5285
v 0.2943 0.7317 0.5759
v 0.2671 0.3891 1.4169
v 0.2462 0.9463 -0.6715
v 0.2913 0.2680 1.3735
v 0.2776 0.2376 1.4548
v 0.2595 0.3382 1.4671
v 0.2666 0.2738 1.4742
v 0.2658 0.7134 0.7526
v 0.2570 0.4916 1.3562
v 0.2753 0.5019 1.3028
v 0.2725 0.6519 0.9276
v 0.2875 0.8628 -0.5301
v 0.2647 0.7014 -0.9127
v 0.2699 0.4646 1.3354
v 0.2618 0.6989 -0.9352
v 0.2488 0.5026 1.3871
v 0.2357 0.4382 1.4288
v 0.2392 0.9416 -0.6439
v 0.2523 0.7034 -0.9253
v 0.2523 0.6423 1.0585
v 0.2498 0.6794 -1.0226
v 0.2495 0.3651 1.4720
v 0.3160 0.7578 0.3526
v 0.2460 0.8827 -0.6128
v 0.2548 0.9154 -0.5987
v 0.2407 0.3379 -1.2233
v 0.2426 0.6759 -1.0666
v 0.2499 0.5485 -1.0987
v 0.2800 0.9228 -0.6759
v 0.2170 0.9129 -0.7338
v 0.2315 0.6452 -1.1914
v 0.2304 0.7047 -0.9324
v 0.2209 0.3028 -1.3653
v 0.2316 0.4990 1.4373
v 0.2310 0.3333 -1.3416
v 0.2489 0.6988 -0.9698
v 0.2891 0.7053 -0.7146
v 0.2293 0.6347 -1.2502
v 0.2908 0.7056 -0.5217
v 0.2080 0.3783 -1.6398
v 0.2349 0.6906 -1.0774
v 0.2154 0.5688 -1.4615
v 0.2250 0.8883 -0.6385
v 0.2452 0.3205 1.5106
v 0.2106 0.7077 0.9580
v 0.2229 0.6858 -1.1961
v 0.2302 0.7017 -1.0159
v 0.2123 0.4950 1.4934
v 0.2474 0.7053 -0.8356
v 0.1978 0.7056 -0.9370
v 0.2128 0.7055 -0.9003
v 0.2125 0.6174 -1.4311
v 0.1557 0.7980 0.2589
v 0.2033 0.7062 -0.9767
v 0.2225 0.6282 1.2752
v 0.2033 0.6566 1.2414
v 0.2056 0.9450 -0.7305
v 0.2012 0.7061 -1.0750
v 0.2227 0.6266 -1.3312
v 0.2311 0.9094 -0.6267
v 0.1968 0.4816 1.5131
v 0.2083 0.7057 -0.8601
v 0.1932 0.3541 -1.8790
v 0.1862 0.6670 1.2403
v 0.1934 0.3289 -1.7900
v 0.1775 0.7342 0.8291
v 0.1947 0.6752 -1.4184
v 0.1882 0.3130 -1.7384
v 0.1999 0.4287 1.5122
v 0.2063 0.6977 -1.2425
v 0.1883 0.6341 -1.6399
v 0.1619 0.4006 -2.3895
v 0.1772 0.7075 -1.0985
v 0.1761 0.3200 -2.0025
v 0.1716 0.6685 -1.5055
v 0.1214 0.9370 -0.8198
v 0.1161 0.9387 -0.7180
v 0.1737 0.7056 -0.8549
v 0.1666 0.3731 -2.4266
v 0.1898 0.8941 -0.6702
v 0.1678 0.6469 1.4219
v 0.1805 0.4955 -2.0650
v 0.1752 0.3321 -2.2449
v 0.1678 0.3495 -2.4198
v 0.1819 0.7866 0.2656
v 0.1692 0.3146 -2.3831
v 0.1605 0.6917 1.1396
v 0.1589 0.2798 -2.4138
v 0.1621 0.9541 -0.7333
v 0.1851 0.7050 -1.2141
v 0.1823 0.6204 1.4893
v 0.1731 0.5604 -1.9609
v 0.1509 0.2674 -2.6800
v 0.1679 0.4205 -2.3304
v 0.1133 0.7384 0.9335
v 0.1582 0.4315 -2.3530
v 0.1571 0.2551 -2.6088
v 0.1577 0.3473 -2.5319
v 0.1600 0.2701 -2.4852
v 0.1515 0.2229 -2.6533
v 0.1604 0.7056 -0.8678
v 0.1461 0.3012 -2.6468
v 0.1209 0.9236 -0.8193
v 0.1531 0.6216 -1.7534
v 0.1605 0.9236 -0.6863
v 0.1431 0.2009 -2.6909
v 0.1444 0.7738 0.5375
v 0.1490 0.7056 -0.8890
v 0.1425 0.3750 -2.5222
v 0.1472 0.9507 -0.7688
v 0.1398 0.2048 -2.6528
v 0.1533 0.4811 -2.2497
v 0.1456 0.2291 -2.6978
v 0.1357 0.5352 -2.0929
v 0.1445 0.0492 -0.8664
v 0.1317 0.3073 -2.6738
v 0.1432 0.6350 1.5021
v 0.1499 0.3037 -2.6362
v 0.1377 0.8220 0.2585
v 0.1396 0.2818 -2.6914
v 0.1390 0.7078 -1.0818
v 0.1389 0.0498 -0.8922
v 0.1484 0.7028 -1.2511
v 0.0792 0.7057 -0.9251
v 0.1251 0.8032 0.4760
v 0.1307 0.6497 1.4446
v 0.1107 0.7652 0.7897
v 0.1313 0.7060 -0.9438
v 0.1323 0.7070 -0.9684
v 0.1323 0.2614 -2.7340
v 0.1321 0.6760 1.2658
v 0.1215 0.1846 -2.7239
v 0.0841 0.2197 -2.8391
v 0.1515 0.8976 -0.6960
v 0.1522 0.5930 -1.8795
v 0.1222 0.2235 -2.7760
v 0.1223 0.9447 -0.0521
v 0.1139 0.9538 -0.7832
v 0.1126 0.9888 -0.0760
v 0.1182 0.2419 -2.7801
v 0.1226 0.9238 0.0763
v 0.1170 0.9329 -0.0745
v 0.1192 0.1896 -2.7623
v 0.1114 0.4750 -2.2825
v 0.0932 0.6485 1.4466
v 0.0691 0.7073 -1.1421
v 0.0906 1.0420 0.1095
v 0.1129 0.3210 -2.6639
v 0.1243 0.4264 -2.4145
v 0.1608 0.6865 -1.3910
v 0.1024 0.3793 -2.5327
v 0.0929 0.2924 -2.7247
v 0.1142 0.9982 -0.0602
v 0.0952 0.8718 0.5194
v 0.0863 1.0036 0.2857
v 0.0818 0.2470 -2.8130
v 0.1237 0.6538 -1.5958
v 0.0769 0.9506 -0.8204
v 0.1059 0.2589 -2.7798
v 0.0846 0.7991 0.8273
v 0.0732 0.8645 0.7099
v 0.0768 0.7263 1.0835
v 0.0761 1.0646 -0.0458
v 0.0673 1.0665 -0.0757
v 0.0282 0.7051 -1.2301
v 0.0843 0.2317 -2.8339
v 0.1055 0.7083 -0.9992
v 0.0614 0.3049 -2.6987
v -0.0072 0.4881 -2.2520
v 0.0241 0.7053 -0.9112
v -0.0094 0.9570 -0.7795
v 0.0783 0.9224 -0.8495
v 0.0675 1.0687 0.1883
v 0.0840 0.9478 -0.7400
v 0.0838 1.0280 0.2348
v 0.0746 0.0487 -0.8702
v 0.0738 0.9315 0.5274
v 0.0379 0.9374 0.7452
v 0.0516 0.6937 -1.3376
v 0.0717 0.0492 -0.8963
v 0.0510 0.3975 -2.4884
v 0.0710 1.0366 0.2993
v 0.0626 1.0197 0.3913
v 0.0467 0.3265 -2.6520
v 0.0757 0.6734 1.3075
v 0.0482 0.7088 -1.0369
v 0.0832 0.7050 -0.9071
v 0.0346 0.2627 -2.7839
v 0.0558 0.9336 -0.8688
v 0.0447 0.9021 -0.9062
v 0.0500 0.2126 -2.8584
v 0.0721 0.8956 -0.7383
v 0.0377 0.6911 1.3136
v 0.0438 0.9539 -0.8151
v 0.0012 0.2286 -2.8454
v 0.0428 1.0796 0.1843
v 0.0506 1.0704 0.2478
v 0.0335 0.7086 -1.0856
v 0.0353 0.9468 -0.8479
v 0.0419 0.7075 -0.9602
v 0.0548 0.2264 -2.8501
v 0.0304 0.9466 -0.7474
v 0.0360 0.7093 -1.0055
v 0.0274 0.6476 1.4671
v 0.0557 0.9142 -0.7319
v 0.0358 0.6366 1.5023
v 0.0382 0.7081 -0.9807
v 0.0275 0.7101 -1.0035
v -0.0138 0.2125 -2.8600
v 0.0259 0.7098 -0.9886
v 0.0232 0.9954 0.6612
v 0.0245 0.7093 -0.9732
v 0.0208 0.8916 -0.9440
v 0.0362 0.7705 1.1954
v 0.0215 0.7182 -1.0096
v 0.0129 0.7069 -0.9096
v 0.0252 0.7068 -0.9217
v 0.0188 0.7610 1.4053
v 0.0192 0.7337 -0.9906
v 0.0159 0.7197 -1.0971
v 0.0179 0.7350 -0.9796
v 0.0418 0.8226 1.0429
v 0.0145 0.9266 0.9293
v 0.0166 0.7053 -0.9085
v 0.0153 0.7503 -1.0447
v 0.0117 0.7928 -1.0119
v 0.0180 0.6338 1.5550
v 0.0109 0.8025 -0.9734
v 0.0136 0.8246 -0.9916
v 0.0134 0.7187 1.5553
v 0.0142 0.8159 1.3704
v 0.0119 0.8564 1.2323
v 0.0101 0.7925 -1.0418
v 0.0114 0.8427 1.3088
v 0.0103 0.7352 -1.1141
v 0.0146 0.7544 -0.9894
v 0.0109 0.7976 1.5556
v 0.0180 0.7076 -1.1569
v 0.0081 0.7979 -1.0516
v -0.0170 0.8927 -0.9462
v 0.0070 0.7085 -1.1617
v 0.0013 0.7070 -1.1898
v -0.0003 0.7064 -1.2050
v -0.0320 0.2205 -2.8551
v -0.0120 0.7330 -1.1085
v -0.0112 0.8202 1.4322
v -0.0134 0.9040 1.0184
v -0.0126 0.7814 -1.0166
v -0.0224 0.7465 1.3561
v -0.0121 0.7700 1.5555
v -0.0113 0.7951 -1.0298
v -0.0110 0.8114 -1.0214
v -0.0059 0.7085 -1.1621
v -0.0123 0.7825 -0.9828
v -0.0150 0.6482 1.5550
v -0.0151 0.9383 0.8846
v -0.0158 0.7076 -0.9176
v -0.0148 0.7064 -0.9101
v -0.0249 0.9998 0.6390
v -0.0105 0.9181 -0.9078
v -0.0152 0.7508 -1.0465
v -0.0192 0.7337 -0.9906
v -0.0235 0.6595 1.4525
v -0.0000 0.9301 -0.8849
v -0.0179 0.7350 -0.9796
v -0.0250 0.7095 -0.9781
v -0.0215 0.7175 -0.9909
v -0.0173 0.9577 -0.8002
v -0.0607 0.3744 -2.5432
v -0.0392 0.7057 -0.9155
v -0.0187 0.7087 -1.1316
v -0.0274 0.7101 -1.0007
v -0.0226 0.8261 1.1993
v -0.0111 0.2277 -2.8463
v -0.0350 0.7088 -0.9911
v -0.0357 0.9509 0.7236
v -0.0080 0.8976 -0.7434
v -0.0387 0.9421 -0.7414
v -0.0164 0.9052 -0.9297
v -0.0406 1.0378 0.4438
v -0.0472 1.0787 -0.0291
v -0.0673 1.0665 -0.0757
v -0.0710 1.0366 0.2993
v -0.0634 0.2137 -2.8548
v -0.0500 0.9068 -0.8970
v -0.0654 0.2455 -2.8175
v -0.0383 0.7089 -1.0729
v -0.0418 0.6572 1.4046
v -0.0783 0.9224 -0.8495
v -0.1218 0.6475 1.4546
v -0.0592 0.7479 1.0998
v -0.0605 1.0731 0.1687
v -0.0749 0.9456 -0.8381
v -0.0798 0.2566 -2.7958
v -0.0470 0.9082 -0.7355
v 0.0010 0.6979 -1.3074
v -0.0630 0.2251 -2.8495
v -0.0507 1.0706 0.2435
v -0.0744 1.0624 0.1863
v -0.0841 0.2197 -2.8391
v -0.0832 0.7163 1.1087
v -0.0960 1.0309 -0.0754
v -0.0855 1.0555 -0.0569
v -0.0235 0.6362 1.5278
v -0.0855 0.2991 -2.7108
v -0.1613 0.6509 1.4171
v -0.0905 0.7778 0.8621
v -0.0899 0.2335 -2.8283
v -0.1064 0.3203 -2.6658
v -0.1073 0.4752 -2.2822
v -0.0821 0.2466 -2.8133
v -0.0559 0.9216 -0.7327
v -0.0908 0.2799 -2.7498
v -0.0721 0.8956 -0.7383
v -0.1418 0.8121 0.2596
v -0.0968 0.8493 0.5698
v -0.0350 0.7061 -0.9240
v -0.1050 0.6954 1.1751
v -0.0756 0.7032 -1.2517
v -0.1075 0.6245 -1.7455
v -0.1380 0.2837 -2.6874
v -0.1191 0.9158 0.0239
v -0.0530 0.7050 -0.9087
v -0.1289 0.1912 -2.6997
v -0.0852 0.9564 0.4001
v -0.1193 0.9420 -0.0781
v -0.1181 0.9794 -0.0242
v -0.1222 0.2214 -2.7751
v -0.1134 0.3435 -2.6134
v -0.1212 0.9383 -0.0491
v -0.1154 0.1829 -2.7598
v -0.1036 0.9373 -0.8321
v -0.1224 0.9312 0.1051
v -0.1465 0.9201 -0.6943
v -0.1200 0.8037 0.5185
v -0.1204 0.3979 -2.4859
v -0.1171 0.2975 -2.7065
v -0.0743 0.7069 -0.9590
v -0.1243 0.6548 1.4149
v -0.1267 0.4265 -2.4156
v -0.2030 0.7056 -0.9343
v -0.1285 0.3732 -2.5391
v -0.1262 0.2112 -2.7691
v -0.1373 0.1958 -2.7037
v -0.0624 0.7087 -1.0131
v -0.1154 0.7057 -0.9312
v -0.1473 0.3914 -2.4753
v -0.1345 0.3047 -2.6747
v -0.1350 0.5165 -2.1555
v -0.1429 0.7070 -1.1457
v -0.1367 0.7049 -0.8833
v -0.1589 0.2812 -2.4206
v -0.1454 0.2598 -2.6989
v -0.1468 0.9534 -0.7654
v -0.1515 0.2256 -2.6589
v -0.1108 0.7485 0.8961
v -0.1528 0.2829 -2.6541
v -0.1423 0.2833 -2.6835
v -0.1513 0.7053 -0.8734
v -0.1672 0.7933 0.2575
v -0.1677 0.3029 -2.4027
v -0.1545 0.2255 -2.6344
v -0.1639 0.4150 -2.3512
v -0.1564 0.4738 -2.2600
v -0.1365 0.7253 0.9699
v -0.1596 0.7080 -1.0646
v -0.1561 0.5206 -2.1217
v -0.1630 0.7057 -0.9161
v -0.1542 0.6286 -1.7205
v -0.1635 0.3895 -2.4205
v -0.1911 0.7057 -0.8276
v -0.1759 0.5321 -2.0133
v -0.1634 0.6608 -1.5487
v -0.1761 0.3200 -2.0025
v -0.1716 0.3217 -2.2775
v -0.1543 0.7879 0.3601
v -0.1574 0.7118 1.0307
v -0.1557 0.6338 1.4890
v -0.1729 0.3367 -2.3108
v -0.1582 0.5743 -1.9533
v -0.1690 0.5690 -1.9393
v -0.1422 0.7056 -0.8948
v -0.1662 0.3672 -2.4389
v -0.1867 0.3414 -1.9844
v -0.2706 0.9014 -0.6791
v -0.1779 0.7055 -0.8277
v -0.1936 0.7057 -0.8973
v -0.1301 0.9473 -0.7204
v -0.1750 0.4643 -2.1816
v -0.1882 0.3130 -1.7384
v -0.2288 0.7054 -0.8767
v -0.2125 0.6174 -1.4311
v -0.1829 0.7049 -1.2156
v -0.1938 0.5576 -1.7978
v -0.1929 0.6453 -1.5716
v -0.1907 0.3546 -1.9329
v -0.1845 0.6708 1.2261
v -0.1807 0.4216 -2.1370
v -0.1917 0.7066 -1.1215
v -0.1964 0.4784 1.5131
v -0.1935 0.9526 -0.7155
v -0.2342 0.9054 -0.6242
v -0.2209 0.3028 -1.3653
v -0.2288 0.9298 -0.6375
v -0.1645 0.8966 -0.6878
v -0.1838 0.6911 -1.3534
v -0.2080 0.3465 -1.6445
v -0.2935 0.7433 0.5002
v -0.1883 0.7067 -0.9700
v -0.1945 0.7055 -0.7849
v -0.2088 0.9404 -0.7353
v -0.1800 0.9325 -0.7706
v -0.2081 0.5380 -1.5973
v -0.2158 0.4350 1.4731
v -0.2254 0.4977 1.4554
v -0.2322 0.6793 -1.1422
v -0.2238 0.7028 -1.0390
v -0.2155 0.6154 -1.4311
v -0.1714 0.7349 0.8366
v -0.2477 0.4686 1.3803
v -0.2469 0.9459 -0.6559
v -0.2066 0.3265 -1.6408
v -0.2113 0.7061 -0.9876
v -0.2102 0.6985 -1.2140
v -0.2328 0.9435 -0.7021
v -0.2253 0.5583 -1.3402
v -0.2426 0.6759 -1.0666
v -0.2294 0.6895 -1.1303
v -0.2407 0.3379 -1.2233
v -0.1956 0.6159 1.4621
v -0.2488 0.5026 1.3871
v -0.2374 0.7050 -0.9034
v -0.2499 0.5485 -1.0987
v -0.2512 0.6997 -0.9616
v -0.2542 0.7031 -0.9238
v -0.2512 0.4937 1.3718
v -0.3013 0.7057 -0.5440
v -0.3198 0.7691 0.2561
v -0.2463 0.3225 1.5105
v -0.2621 0.6906 -0.9608
v -0.2215 0.6580 1.1501
v -0.2662 0.4666 1.3409
v -0.2594 0.9395 -0.6777
v -0.2595 0.2667 1.5103
v -0.2545 0.7055 -0.6200
v -0.2608 0.7014 -0.9246
v -0.2928 0.2593 1.3737
v -0.2521 0.3811 1.4534
v -0.2412 0.7056 -0.7590
v -0.2931 0.6994 -0.8343
v -0.2154 0.7508 0.5823
v -0.2814 0.8912 -0.5378
v -0.2664 0.3312 1.4542
v -0.2554 0.8792 -0.5978
v -0.2373 0.6980 0.9331
v -0.3004 0.9276 -0.6395
v -0.2827 0.3516 1.4123
v -0.3019 0.2666 1.3453
v -0.2654 0.6485 0.9716
v -0.2950 0.7056 -0.5096
v -0.3042 0.3054 1.3508
v -0.2935 0.7076 0.6708
v -0.2977 0.8772 -0.4929
v -0.3049 0.6057 0.9282
v -0.3017 0.8540 -0.4943
v -0.2845 0.3980 1.3755
v -0.3280 0.7073 -0.4329
v -0.3068 0.5671 1.0611
v -0.2898 0.9203 -0.6652
v -0.3144 0.7086 -0.4333
v -0.3129 0.9302 -0.5930
v -0.3301 0.5332 1.0830
v -0.3220 0.8241 -0.3414
v -0.3213 0.8347 -0.4107
v -0.2939 0.9179 -0.5535
v -0.3191 0.8571 -0.3939
v -0.3246 0.7242 -0.3852
v -0.3228 0.8474 -0.3110
v -0.3835 0.6959 -0.5975
v -0.3708 0.7047 -0.5344
v -0.3552 0.8639 -0.5280
v -0.3499 0.8956 -0.5687
v -0.3352 0.5549 0.9962
v -0.3662 0.6371 0.5721
v -0.3333 0.6804 0.5721
v -0.4163 0.4261 1.1163
v -0.3567 0.7489 0.2613
v -0.3067 0.2218 1.3581
v -0.3287 0.8805 -0.3962
v -0.3728 0.8835 -0.3726
v -0.3327 0.7594 -0.3563
v -0.3560 0.8963 -0.5464
v -0.3958 0.7059 -0.4596
v -0.3610 0.9038 -0.5058
v -0.3191 0.3607 1.3380
v -0.3506 0.5929 -0.7737
v -0.4129 0.7290 0.0637
v -0.3796 0.5279 0.9604
v -0.2925 0.4972 1.2529
v -0.3949 0.7493 -0.3615
v -0.3433 0.7224 0.4061
v -0.4613 0.5873 0.4431
v -0.4028 0.7745 -0.0309
v -0.3555 0.5926 -0.7700
v -0.3494 0.8679 -0.3148
v -0.3955 0.5537 0.8010
v -0.3138 0.7037 -0.7125
v -0.3644 0.5202 1.0255
v -0.3056 0.4788 1.2440
v -0.3666 0.6968 0.3722
v -0.4039 0.6004 0.5668
v -0.4030 0.5751 -0.7527
v -0.3907 0.6460 0.4385
v -0.3922 0.8227 -0.3698
v -0.3744 0.7802 -0.3536
v -0.3848 0.8726 -0.4484
v -0.3938 0.8561 -0.3199
v -0.4225 0.6957 -0.4978
v -0.4164 0.4645 1.0468
v -0.4012 0.8036 -0.3281
v -0.3606 0.7011 -0.6268
v -0.4055 0.7777 -0.3415
v -0.4056 0.7662 -0.0081
v -0.4351 0.6441 0.2620
v -0.3856 0.6168 -0.6814
v -0.4461 0.7161 -0.0739
v -0.4687 0.5368 0.7138
v -0.4185 0.7789 -0.2304
v -0.4163 0.7262 -0.3812
v -0.5107 0.5919 -0.6353
v -0.4308 0.6053 0.4488
v -0.4482 0.5685 0.5861
v -0.4275 0.7639 -0.2057
v -0.4413 0.4942 0.9303
v -0.4157 0.7092 -0.4182
v -0.4360 0.7065 -0.4033
v -0.4322 0.7456 -0.3287
v -0.4273 0.7401 -0.3551
v -0.5363 0.5969 -0.5973
v -0.4416 0.7281 -0.3285
v -0.4711 0.6301 -0.5046
v -0.4460 0.7200 -0.3288
v -0.4611 0.6803 -0.0144
v -0.4506 0.7113 -0.3298
v -0.4683 0.6164 0.2620
v -0.4653 0.6853 -0.3232
v -0.4392 0.2403 1.0995
v -0.4154 0.2015 1.1479
v -0.4470 0.6321 -0.5401
v -0.4649 0.6977 -0.2224
v -0.4681 0.6334 -0.4860
v -0.4484 0.3323 1.1164
v -0.4817 0.6660 -0.1598
v -0.4911 0.6346 0.0486
v -0.4683 0.6408 0.1326
v -0.5248 0.5216 0.6718
v -0.4699 0.6382 -0.4598
v -0.5554 0.5671 -0.6379
v -0.4730 0.6249 -0.5347
v -0.4064 0.6172 -0.6489
v -0.4876 0.6524 -0.2647
v -0.5105 0.3730 1.0087
v -0.5074 0.6353 -0.1918
v -0.4949 0.6472 -0.1096
v -0.4933 0.6299 -0.4128
v -0.5459 0.2396 0.8705
v -0.5204 0.6109 0.1165
v -0.5337 0.2597 0.9088
v -0.5304 0.5940 -0.6117
v -0.4357 0.5848 -0.7130
v -0.5182 0.6231 -0.4618
v -0.5795 0.5781 0.3124
v -0.5077 0.6110 -0.5658
v -0.5613 0.5969 0.1731
v -0.5228 0.6255 -0.2007
v -0.5495 0.6218 -0.3223
v -0.5129 0.4700 0.8683
v -0.5688 0.6162 -0.1601
v -0.5179 0.1892 0.9296
v -0.5769 0.3540 0.8658
v -0.6136 0.5994 0.0386
v -0.5723 0.5948 -0.5637
v -0.5988 0.2913 0.7481
v -0.5972 0.6131 -0.4089
v -0.6717 0.5520 0.2909
v -0.5588 0.4483 0.8327
v -0.6154 0.5695 0.2967
v -0.5636 0.4204 0.8806
v -0.6176 0.2358 0.6448
v -0.5863 0.6108 -0.4488
v -0.6065 0.5777 -0.5782
v -0.6243 0.5627 -0.5839
v -0.6232 0.5876 0.1451
v -0.6147 0.2225 -0.4482
v -0.6091 0.1854 0.6391
v -0.6005 0.3983 0.8083
v -0.6362 0.5483 -0.5874
v -0.6517 0.1881 -0.3287
v -0.5922 0.4286 0.7990
v -0.6642 0.5734 -0.5258
v -0.6759 0.3140 -0.5135
v -0.6622 0.5497 -0.5620
v -0.6677 0.5872 0.0472
v -0.6938 0.5166 0.3840
v -0.6583 0.1853 0.3722
v -0.6770 0.1875 -0.2297
v -0.6883 0.3877 -0.5492
v -0.6798 0.1859 -0.0341
v -0.6976 0.5395 -0.5306
v -0.7343 0.2921 0.2340
v -0.6997 0.5987 -0.1999
v -0.7017 0.2174 0.1434
v -0.7088 0.5930 -0.3866
v -0.6949 0.4583 -0.5543
v -0.6956 0.2623 -0.4259
v -0.6799 0.6035 -0.3692
v -0.7595 0.2530 -0.2424
v -0.6746 0.5406 0.3319
v -0.6805 0.2259 0.3420
v -0.7193 0.5530 0.1751
v -0.7219 0.4085 0.4338
v -0.7238 0.2437 -0.3454
v -0.7315 0.5700 0.0512
v -0.7481 0.5624 -0.4238
v -0.7413 0.2490 0.0321
v -0.7318 0.5451 -0.4854
v -0.7497 0.3246 -0.4477
v -0.7974 0.3714 0.0348
v -0.7338 0.5267 0.2608
v -0.7435 0.5461 0.1463
v -0.7366 0.4739 0.3835
v -0.7508 0.4880 -0.4902
v -0.7678 0.4638 0.2738
v -0.7360 0.5026 0.3365
v -0.7609 0.4064 0.2620
v -0.7595 0.5365 -0.4505
v -0.7639 0.5482 0.0732
v -0.7696 0.5713 -0.2515
v -0.7696 0.5088 -0.4529
v -0.7590 0.4145 -0.4835
v -0.7988 0.3156 -0.1185
v -0.7862 0.5447 -0.3787
v -0.8050 0.3320 -0.3149
v -0.7884 0.5256 0.0509
v -0.7852 0.3560 -0.4089
v -0.7911 0.4998 0.1243
v -0.7931 0.5547 -0.2670
v -0.8082 0.4280 -0.3802
v -0.8152 0.4992 -0.3259
v -0.8073 0.5214 -0.0971
v -0.8163 0.3623 -0.2106
v -0.8202 0.4367 -0.1235
v -0.6253 0.2476 -2.6967
v -0.5508 0.2453 -2.7251
v -0.6845 0.2428 -2.6715
v -0.7097 0.2457 -2.6499
v -0.5310 0.2384 -2.7360
v -0.6106 0.2425 -2.7079
v -0.3530 0.1991 -2.7892
v -0.3867 0.2196 -2.6075
v -0.2301 0.1449 -2.8381
v -0.4190 0.2202 -2.7717
v -0.1205 0.1274 -2.8586
v -0.0547 0.1226 -2.8047
v -0.0092 0.1211 -2.8687
v -0.1216 0.1201 -2.6793
v -0.2049 0.1348 -2.7470
v -0.1431 0.1174 -2.6612
v -0.2697 0.1597 -2.6799
v -0.2586 0.1523 -2.6546
v -0.4094 0.2237 -2.7699
v -0.4393 0.2393 -2.6155
v -0.5319 0.2568 -2.5879
v -0.4758 0.2463 -2.5807
v -0.6682 0.2660 -2.5387
v -0.6222 0.2655 -2.5519
v -0.6158 0.2363 -2.6759
v -0.7097 0.2284 -2.6520
v -0.5677 0.2225 -2.7197
v -0.5090 0.2163 -2.7389
v -0.4196 0.1982 -2.7685
v -0.4790 0.2104 -2.7365
v -0.2810 0.1272 -2.7935
v -0.2424 0.1116 -2.6977
v -0.2696 0.1327 -2.8270
v -0.2348 0.1207 -2.8380
v -0.2003 0.1121 -2.8469
v -0.2240 0.1071 -2.8275
v -0.1239 0.1015 -2.8603
v -0.1736 0.0914 -2.7723
v -0.1072 0.0899 -2.8361
v 0.0000 0.0936 -2.8716
v -0.0486 0.0904 -2.8607
v 0.0000 0.0863 -2.8439
v -0.0414 0.0847 -2.8194
v -0.0103 0.0863 -2.7534
v -0.1389 0.0922 -2.6825
v -0.2730 0.1333 -2.6358
v -0.3958 0.1844 -2.7634
v -0.4054 0.2054 -2.6024
v -0.6356 0.2630 -2.5504
v -0.5503 0.2421 -2.6190
v -0.4785 0.2361 -2.5809
v -0.6436 0.2444 -2.6452
v -0.7097 0.2553 -2.5680
v -0.6837 0.2310 -2.6728
v -0.6539 0.2352 -2.6916
v -0.6020 0.2360 -2.7152
v -0.5933 0.2264 -2.7142
v -0.6428 0.2283 -2.6929
v -0.6385 0.2413 -2.6940
v -0.6428 0.2650 -2.5384
v -0.6971 0.2657 -2.5244
v -0.7097 0.2645 -2.5220
v -0.6409 0.2643 -2.5385
v -0.5732 0.2587 -2.5550
v -0.4308 0.2186 -2.7701
v -0.3983 0.2131 -2.7793
v -0.4634 0.2302 -2.7572
v -0.4417 0.2037 -2.7610
v -0.5089 0.2366 -2.7430
v -0.4863 0.2425 -2.5729
v -0.5310 0.2521 -2.5638
v -0.4415 0.2296 -2.5821
v -0.3974 0.2052 -2.7831
v -0.2763 0.1572 -2.8291
v -0.2760 0.1445 -2.8309
v -0.3782 0.2036 -2.5964
v -0.2776 0.1417 -2.6274
v -0.3232 0.1741 -2.6104
v -0.2508 0.1374 -2.6288
v -0.1813 0.1297 -2.8571
v -0.1661 0.1133 -2.8634
v -0.3125 0.1774 -2.8115
v -0.2326 0.1409 -2.8441
v -0.1983 0.1326 -2.8534
v -0.2453 0.1395 -2.6358
v -0.1531 0.1020 -2.6568
v -0.1148 0.1082 -2.6566
v 0.0000 0.1138 -2.8794
v -0.0325 0.1154 -2.8771
v -0.1159 0.1014 -2.8605
v -0.1644 0.1267 -2.8608
v -0.0978 0.1196 -2.8710
v -0.0650 0.1172 -2.8744
v -0.0326 0.1092 -2.6649
v -0.1658 0.1188 -2.6460
v 0.0000 0.1114 -2.6671
v 0.0572 0.1088 -2.6624
v 0.6335 0.2471 -2.6927
v 0.6106 0.2425 -2.7079
v 0.5010 0.2414 -2.7379
v 0.4190 0.2202 -2.7717
v 0.5310 0.2384 -2.7360
v 0.3846 0.2134 -2.7761
v 0.3848 0.2152 -2.7544
v 0.2779 0.1632 -2.7806
v 0.2668 0.1572 -2.8287
v 0.2168 0.1415 -2.8283
v 0.0643 0.1229 -2.7821
v 0.1026 0.1224 -2.7440
v 0.1529 0.1300 -2.8548
v 0.0062 0.1199 -2.6750
v 0.1239 0.1220 -2.6859
v 0.2145 0.1374 -2.6691
v 0.2126 0.1287 -2.6469
v 0.4211 0.2324 -2.6414
v 0.3964 0.2234 -2.6186
v 0.6478 0.2557 -2.6261
v 0.6971 0.2443 -2.6607
v 0.6301 0.2256 -2.6939
v 0.5055 0.2156 -2.7322
v 0.4183 0.2114 -2.6002
v 0.5636 0.2217 -2.7211
v 0.5090 0.2163 -2.7389
v 0.4221 0.1966 -2.7567
v 0.2788 0.1233 -2.7651
v 0.4196 0.1982 -2.7685
v 0.3046 0.1483 -2.8140
v 0.2448 0.1142 -2.8207
v 0.1447 0.0931 -2.8405
v 0.2522 0.1267 -2.8325
v 0.2003 0.1121 -2.8469
v 0.0955 0.0850 -2.8068
v 0.1491 0.1040 -2.8568
v 0.0822 0.0978 -2.8654
v 0.1346 0.0958 -2.6656
v 0.0009 0.0988 -2.6782
v 0.2270 0.1083 -2.6789
v 0.1842 0.0949 -2.7467
v 0.3857 0.1900 -2.6284
v 0.7097 0.2645 -2.5220
v 0.6291 0.2413 -2.6589
v 0.6279 0.2278 -2.7000
v 0.5622 0.2233 -2.7239
v 0.6106 0.2271 -2.7071
v 0.6712 0.2290 -2.6786
v 0.7097 0.2284 -2.6520
v 0.6837 0.2310 -2.6728
v 0.7097 0.2379 -2.6599
v 0.6578 0.2431 -2.6862
v 0.6409 0.2643 -2.5385
v 0.6753 0.2649 -2.5303
v 0.6101 0.2646 -2.5511
v 0.6129 0.2382 -2.7120
v 0.4412 0.2252 -2.7645
v 0.4417 0.2037 -2.7610
v 0.5530 0.2241 -2.7284
v 0.5933 0.2421 -2.7150
v 0.6425 0.2634 -2.5504
v 0.4862 0.2408 -2.5730
v 0.4969 0.2526 -2.5790
v 0.5310 0.2521 -2.5638
v 0.5572 0.2522 -2.5712
v 0.4556 0.2267 -2.5882
v 0.2707 0.1438 -2.8335
v 0.4171 0.2121 -2.7758
v 0.2241 0.1397 -2.8460
v 0.2696 0.1327 -2.8270
v 0.3776 0.2060 -2.7868
v 0.3330 0.1868 -2.6145
v 0.3232 0.1741 -2.6104
v 0.2568 0.1300 -2.6343
v 0.3782 0.2036 -2.5964
v 0.1718 0.1153 -2.8617
v 0.1644 0.1267 -2.8608
v 0.1813 0.1297 -2.8571
v 0.1661 0.1061 -2.8540
v 0.2763 0.1572 -2.8291
v 0.1658 0.1188 -2.6460
v 0.2249 0.1286 -2.6351
v 0.1749 0.1068 -2.6519
v 0.1482 0.1109 -2.6514
v 0.0978 0.1196 -2.8710
v -0.0186 0.1049 -2.8835
v 0.0328 0.0950 -2.8694
v 0.0988 0.0989 -2.8638
v 0.0569 0.1169 -2.8749
v 0.0775 0.1137 -2.6662
v 0.5764 0.8982 2.2186
v 0.5766 0.9158 1.8336
v 0.5765 0.8743 2.0848
v 0.5762 0.8179 1.7951
v 0.5738 0.7598 2.0966
v 0.5756 0.8708 2.2528
v 0.5749 0.8670 2.2741
v 0.5737 0.8636 2.3146
v 0.5734 0.8391 2.3242
v 0.5728 0.7997 2.3462
v 0.5712 0.7590 2.3460
v 0.5633 0.7033 2.0686
v 0.5718 0.7709 2.3306
v 0.5619 0.7057 2.3458
v 0.5646 0.7153 1.8085
v 0.5452 0.6672 2.0789
v 0.5563 0.6857 2.3313
v 0.4900 0.5956 2.3451
v 0.5270 0.6444 1.8621
v 0.4986 0.6010 2.1158
v 0.4905 0.5937 2.3089
v 0.4774 0.5448 2.1911
v 0.4762 0.5443 2.2681
v 0.4676 0.5136 2.3438
v 0.4681 0.4747 2.2453
v 0.4853 0.5450 1.9333
v 0.4651 0.4189 2.2235
v -0.4651 0.4009 2.1667
v -0.4650 0.4570 2.2835
v -0.4700 0.5098 2.2816
v -0.4754 0.5205 2.1267
v -0.4703 0.5321 2.3441
v -0.4981 0.6078 2.3453
v -0.4776 0.5070 1.9503
v -0.4799 0.5671 2.3024
v -0.5088 0.6171 2.0624
v -0.4966 0.6010 2.2514
v -0.5619 0.7057 2.3458
v -0.5100 0.6137 1.8893
v -0.5531 0.6811 2.2894
v -0.5720 0.7793 2.3461
v -0.5730 0.8566 2.3378
v -0.5734 0.8300 2.3196
v -0.5742 0.8656 2.2980
v -0.5693 0.7325 1.8023
v -0.5763 0.8883 2.2270
v -0.5711 0.7598 2.3034
v -0.5753 0.7615 1.9195
v -0.5765 0.8891 2.1386
v -0.5762 0.8179 1.7951
v -0.5766 0.9158 1.8336
v -0.5766 0.9400 2.0150
v -0.1645 0.2804 -1.2231
v -0.2156 0.2846 -1.1898
v -0.2438 0.2964 -1.0232
v -0.2215 0.3215 -1.4231
v -0.1925 0.2913 -1.4845
v -0.1502 0.2567 -2.6525
v -0.1516 0.2858 -2.6393
v -0.1443 0.2921 -2.6634
v -0.1411 0.2694 -2.6986
v -0.1419 0.2504 -2.7005
v -0.1354 0.2495 -2.7295
v -0.1095 0.2451 -2.7890
v -0.1080 0.2126 -2.8072
v -0.0804 0.2146 -2.8483
v -0.0369 0.2797 -2.7460
v 0.0000 0.2800 -2.7446
v 0.0000 0.2300 -2.8396
v -0.0355 0.2448 -2.8144
v -0.0655 0.2449 -2.8151
v -0.1294 0.1941 -2.7274
v -0.0982 0.1850 -2.8074
v -0.1173 0.1799 -2.7399
v -0.2397 0.3530 -1.2064
v -0.2460 0.3206 -1.1107
v -0.2291 0.4404 -1.2970
v -0.2122 0.3746 -1.5437
v -0.1503 0.2288 -2.6125
v -0.1670 0.3143 -2.3369
v -0.1704 0.3521 -2.3039
v -0.1572 0.3200 -2.5575
v -0.1649 0.3020 -2.4024
v -0.2000 0.5769 -1.6493
v -0.2185 0.6103 -1.3633
v -0.2024 0.3737 -1.6865
v -0.0462 0.1694 -2.8309
v -0.0253 0.1783 -2.8524
v -0.0000 0.1728 -2.8429
v 0.0000 0.1679 -2.8130
v -0.0867 0.1700 -2.7833
v -0.1509 0.2751 -2.4359
v -0.0873 0.2682 -2.2842
v -0.1563 0.2998 -2.3124
v -0.1323 0.1941 -2.6792
v -0.0798 0.2276 -2.5344
v -0.1213 0.2498 -2.4884
v -0.0262 0.4578 -2.3273
v -0.0267 0.4731 -2.2826
v 0.0000 0.4222 -2.4207
v -0.0000 0.3652 -2.5594
v -0.1711 0.3339 -2.2768
v -0.1850 0.3416 -1.9433
v -0.1706 0.3863 -2.2967
v -0.1746 0.3290 -2.0647
v -0.1950 0.3556 -1.8021
v -0.2113 0.3191 -1.5240
v -0.1853 0.4612 -1.9797
v -0.1721 0.5106 -2.0888
v -0.1716 0.4490 -2.2171
v -0.1295 0.5476 -2.0474
v -0.0285 0.5448 -2.0540
v -0.0484 0.5276 -2.1140
v -0.0950 0.6218 -1.7481
v -0.0000 0.5619 -1.9912
v 0.0000 0.4911 -2.2280
v -0.1686 0.3149 -1.9052
v -0.1267 0.2938 -2.1698
v -0.1641 0.3163 -2.1399
v -0.1374 0.3024 -1.9783
v -0.2634 0.3140 -0.9713
v -0.2765 0.3106 -0.9254
v -0.2571 0.3249 -1.0318
v -0.2726 0.3666 -0.9722
v -0.2573 0.6116 -1.0258
v -0.2691 0.5617 -0.9823
v -0.2692 0.6287 -0.9781
v -0.2706 0.6410 -0.9712
v -0.2593 0.6853 -0.9772
v -0.2586 0.6493 -1.0110
v -0.2616 0.5543 -1.0107
v -0.1829 0.3150 -1.7870
v -0.2114 0.2960 -1.3994
v -0.1348 0.2928 -1.7389
v -0.2335 0.6393 -1.1785
v -0.2630 0.4592 -1.0061
v -0.2468 0.6458 -1.0680
v -0.1395 0.2003 -2.6949
v -0.1480 0.2231 -2.6617
v -0.0689 0.6600 -1.5472
v -0.1117 0.6907 -1.3485
v 0.0000 0.6797 -1.4242
v 0.0000 0.6238 -1.7349
v -0.0403 0.1915 -2.8590
v -0.0368 0.1994 -2.8621
v -0.0124 0.2069 -2.8619
v 0.0000 0.1813 -2.8548
v -0.2223 0.2860 -1.0769
v -0.1062 0.2767 -1.1557
v -0.1885 0.2810 -1.1691
v -0.2099 0.2825 -1.0153
v -0.2252 0.6855 -1.1718
v -0.2063 0.7004 -1.1765
v -0.2103 0.6948 -1.2267
v -0.1948 0.6562 -1.5014
v -0.2371 0.6843 -1.0850
v -0.1874 0.6052 -1.7293
v -0.1799 0.6554 -1.5472
v -0.1688 0.5821 -1.8873
v -0.0247 0.3868 -2.5100
v -0.0420 0.3174 -2.6676
v -0.0665 0.3027 -2.6990
v -0.0886 0.3584 -2.5757
v -0.0000 0.3133 -2.6759
v -0.1026 0.3001 -2.7044
v -0.1412 0.2996 -2.6633
v -0.1297 0.2748 -2.7188
v -0.1390 0.3219 -2.6295
v -0.1175 0.3277 -2.6431
v -0.1203 0.3006 -2.6927
v -0.1181 0.2934 -2.7089
v -0.1562 0.3813 -2.4667
v -0.1543 0.4028 -2.4293
v -0.1505 0.4425 -2.3434
v -0.1824 0.5606 -1.8832
v -0.1603 0.4965 -2.1751
v -0.1635 0.5268 -2.0849
v -0.1541 0.5405 -2.0531
v -0.2487 0.6907 -0.9964
v -0.2220 0.7032 -0.9486
v -0.2453 0.6870 -1.0267
v -0.0281 0.2215 -2.8524
v -0.0000 0.2164 -2.8567
v -0.0303 0.2139 -2.8585
v -0.0230 0.2730 -1.4536
v 0.0000 0.2651 -1.4546
v -0.0226 0.2526 -1.4346
v -0.0508 0.2544 -1.3802
v -0.0618 0.2758 -1.3673
v -0.2708 0.6914 -0.9364
v -0.2709 0.6874 -0.9459
v -0.2684 0.6942 -0.9327
v -0.2916 0.6577 -0.9078
v -0.2822 0.6727 -0.9287
v -0.2840 0.6904 -0.8951
v -0.2733 0.4132 -0.9742
v -0.2889 0.4682 -0.9320
v -0.2668 0.3370 -0.9806
v -0.2906 0.3819 -0.9255
v -0.2888 0.3981 -0.9324
v -0.2925 0.4545 -0.9214
v -0.2911 0.3305 -0.9076
v -0.2883 0.3501 -0.9248
v -0.2458 0.2918 -0.9623
v -0.2486 0.2832 -0.9340
v -0.3011 0.3640 -0.8922
v -0.1366 0.2041 -2.6505
v -0.1105 0.1909 -2.6851
v -0.3268 0.6962 -0.7427
v -0.3820 0.6929 -0.6048
v -0.3129 0.7036 -0.5960
v -0.3170 0.7007 -0.7390
v -0.3638 0.7032 -0.5137
v -0.3614 0.6970 -0.6459
v -0.3734 0.7016 -0.5526
v -0.4009 0.7041 -0.4464
v -0.3089 0.7039 -0.4946
v -0.3715 0.8046 -0.0656
v -0.3326 0.7818 0.1317
v -0.1976 0.7969 0.1120
v -0.2109 0.7709 0.3798
v -0.2559 0.8058 -0.0434
v -0.2179 0.8002 0.0369
v -0.3118 0.8057 -0.1284
v -0.4116 0.6988 -0.4995
v -0.4315 0.7235 -0.3728
v -0.4088 0.7282 -0.3755
v -0.2497 0.5242 1.4318
v -0.2311 0.5147 1.5089
v -0.2217 0.5492 1.5548
v -0.2487 0.5118 1.4124
v -0.2248 0.5269 1.5548
v -0.1639 0.7037 -0.8572
v -0.1760 0.7037 -0.8601
v -0.2535 0.7031 -0.8166
v -0.1374 0.2752 -1.0689
v -0.1222 0.2706 -1.0953
v -0.1691 0.2658 -1.0083
v -0.2591 0.2770 -0.9134
v -0.1078 0.2658 -2.7628
v -0.0917 0.2486 -2.8019
v -0.1780 0.7032 -0.8159
v -0.1747 0.7036 -0.8395
v -0.1600 0.7034 -0.8600
v -0.1984 0.7035 -0.7744
v -0.1675 0.7026 -0.8344
v -0.1959 0.6978 -1.2600
v -0.1785 0.6928 -1.3243
v -0.1580 0.3334 -2.5411
v -0.0853 0.2792 -1.3560
v -0.0632 0.2766 -1.3871
v -0.1069 0.2789 -1.2273
v -0.0948 0.2762 -1.1932
v -0.0384 0.1989 -2.6482
v -0.0978 0.1726 -2.7663
v -0.0000 0.2085 -2.5945
v -0.0659 0.2063 -2.6200
v -0.0701 0.1758 -2.7501
v -0.1024 0.3136 -2.6756
v -0.1188 0.3378 -2.6199
v -0.1768 0.6512 -1.5888
v -0.1553 0.6368 -1.6736
v -0.1298 0.6102 -1.7984
v -0.0480 0.2772 -1.7232
v -0.0773 0.2805 -1.6231
v -0.0584 0.2784 -1.5454
v -0.0532 0.2747 -1.9740
v 0.0000 0.2756 -1.6615
v -0.0368 0.2635 -2.1654
v 0.0000 0.2498 -2.2829
v -0.1433 0.5792 -1.9249
v -0.1360 0.4786 -2.2640
v -0.1302 0.3833 -2.5123
v -0.1175 0.4385 -2.3780
v -0.1055 0.3954 -2.4885
v -0.0748 0.1744 -2.8237
v -0.0751 0.1680 -2.8045
v -0.0650 0.1792 -2.8418
v -0.0651 0.2423 -2.4376
v -0.0637 0.2161 -2.5763
v 0.0000 0.2403 -2.3793
v -0.1022 0.2788 -1.4560
v -0.1745 0.2811 -1.3771
v -0.3203 0.8213 -0.2659
v -0.3256 0.8462 -0.2662
v -0.3232 0.8165 -0.1440
v -0.3187 0.8064 -0.2110
v -0.3292 0.8413 -0.2201
v -0.3790 0.6879 -0.6243
v -0.3721 0.6671 -0.6706
v -0.3252 0.6775 -0.7914
v -0.3292 0.6637 -0.7927
v -0.4563 0.7012 -0.2907
v -0.4581 0.6882 -0.3467
v -0.4789 0.6615 -0.2862
v -0.5111 0.6274 -0.1797
v -0.5043 0.6333 -0.0972
v -0.4556 0.6888 -0.0470
v -0.4740 0.6735 -0.1320
v -0.4964 0.6409 -0.2203
v -0.0343 0.8085 1.1110
v -0.0166 0.8313 1.2198
v -0.0266 0.7576 1.2640
v -0.0227 0.7173 1.3589
v -0.0228 0.8692 1.0381
v -0.0650 0.8892 0.6744
v -0.0105 0.9468 0.8651
v -0.0064 0.8778 1.1573
v -0.0057 0.8972 1.0802
v -0.0047 0.8572 1.2740
v -0.0025 0.8729 1.1973
v -0.0046 0.8450 1.3522
v -0.0000 0.8532 1.3088
v -0.0000 0.8666 1.2323
v 0.0000 0.8835 1.1497
v 0.0000 0.9033 1.0629
v -0.0026 0.9252 0.9740
v 0.0000 0.9256 0.9740
v -0.0036 0.9739 0.7953
v -0.0069 0.9777 0.7778
v -0.0029 0.9492 0.8846
v 0.0000 0.9497 0.8846
v 0.0000 0.9743 0.7953
v 0.0000 1.0090 0.6612
v -0.0146 1.0351 0.5386
v -0.0659 1.0652 0.2063
v -0.0653 1.0338 0.3218
v -0.0286 1.0776 0.2727
v 0.0000 1.0777 0.2765
v -0.0000 1.0804 0.2492
v -0.0000 1.0816 0.2230
v -0.0000 1.0832 0.0485
v -0.0372 1.0795 0.2298
v -0.0453 1.0488 0.3714
v 0.0000 1.0514 0.4499
v -0.1335 0.8569 0.1601
v -0.3810 0.5908 0.6809
v -0.3669 0.5382 0.9488
v -0.3161 0.6032 0.8774
v -0.1161 0.9575 0.0715
v -0.0925 0.9987 0.2406
v -0.0823 1.0479 0.1343
v -0.1101 0.9929 -0.0128
v -0.1185 0.9240 0.0388
v -0.1182 0.8403 0.3700
v -0.1580 0.7955 0.2432
v -0.1363 0.7843 0.4848
v -0.1209 0.8056 0.4723
v -0.0832 0.8000 0.8178
v -0.1468 0.8103 0.1579
v -0.0884 0.7711 0.8875
v -0.1266 0.7753 0.6167
v -0.1126 0.7463 0.8916
v -0.0815 0.7460 1.0044
v -0.0408 0.6986 1.2708
v -0.0446 0.7272 1.2016
v -0.0893 0.7092 1.1247
v -0.1340 0.8597 0.1226
v -0.1286 0.8643 0.0912
v -0.1315 0.8385 0.0669
v -0.1317 0.8778 0.1160
v -0.1252 0.8952 0.0792
v -0.1370 0.8343 0.0832
v -0.1525 0.8114 0.0684
v -0.1377 0.8252 0.0253
v -0.1302 0.8271 -0.0358
v -0.0844 0.9061 -0.0164
v -0.0691 0.9097 -0.0601
v -0.0000 0.8981 0.0338
v -0.0639 0.8463 -0.0804
v -0.0390 0.8575 -0.0745
v -0.0934 0.8277 -0.0818
v -0.0691 0.8513 -0.0779
v -0.0000 0.8574 -0.0769
v -0.0345 0.8730 0.0621
v -0.0609 0.8901 0.0512
v -0.0837 0.8777 0.0606
v 0.0000 0.8909 0.0491
v -0.0000 0.8763 0.0602
v -0.0479 0.8580 0.0529
v -0.0963 0.8534 0.0580
v -0.0267 0.8622 0.0611
v 0.0000 0.8626 0.0601
v -0.0000 0.8606 0.0545
v -0.0000 0.8600 0.0446
v -0.0000 0.8604 -0.0027
v -0.0831 0.9121 -0.0733
v -0.1079 0.9203 -0.0788
v -0.0930 0.9194 -0.0816
v -0.0995 0.9132 -0.0677
v -0.1167 0.9413 -0.0771
v -0.1141 0.9444 -0.0813
v -0.1109 0.9972 -0.0778
v -0.1105 0.9823 -0.0811
v -0.0887 1.0369 -0.0810
v -0.1115 0.9468 -0.0806
v -0.1081 0.9293 -0.0814
v -0.0759 1.0612 -0.0710
v -0.0394 1.0779 -0.0712
v -0.0534 1.0677 -0.0810
v -0.0110 1.0762 -0.0785
v -0.0037 0.8339 1.4593
v -0.0068 0.8240 1.4855
v -0.0063 0.8152 1.5557
v -0.0033 0.8259 1.5557
v 0.0000 0.8319 1.4991
v -0.0000 0.8435 1.3777
v -0.0606 0.6671 1.3455
v -0.0295 0.6326 1.5157
v -0.0120 0.6482 1.5550
v -0.0112 0.6706 1.5551
v -0.0162 0.6401 1.5165
v -0.1383 0.6501 1.4431
v -0.1504 0.6195 1.5548
v -0.0898 0.6246 1.5548
v -0.0189 0.6298 1.5549
v -0.0165 0.7707 1.3681
v -0.0145 0.7274 1.4612
v -0.0098 0.7443 1.5554
v -0.0079 0.7976 1.5556
v -0.4387 0.6378 -0.5410
v -0.4437 0.6557 -0.5048
v -0.4480 0.6348 -0.5263
v -0.7220 0.4420 -0.5235
v -0.7233 0.5284 -0.5094
v -0.6847 0.4292 -0.5634
v -0.6844 0.3673 -0.5428
v -0.7556 0.3001 0.1173
v -0.7707 0.4191 0.2178
v -0.7791 0.4435 0.2002
v -0.7971 0.4437 0.0624
v -0.7946 0.4839 0.1010
v -0.8066 0.3837 -0.0752
v -0.7812 0.3155 0.0085
v -0.6867 0.2851 0.4114
v -0.7175 0.4067 0.4345
v -0.7481 0.4138 0.3175
v -0.6285 0.3174 0.6643
v -0.7987 0.4498 -0.3949
v -0.7830 0.4035 -0.4324
v -0.7545 0.3885 -0.4753
v -0.7728 0.4665 -0.4525
v -0.7559 0.3138 -0.4168
v -0.7953 0.3634 -0.3806
v -0.6115 0.3745 0.7648
v -0.5056 0.2819 0.9736
v -0.5619 0.5951 -0.5725
v -0.5560 0.5993 -0.5595
v -0.7012 0.5897 -0.0713
v -0.6939 0.5959 -0.3721
v -0.7338 0.5836 -0.3490
v -0.7220 0.5924 -0.2680
v -0.6956 0.5790 0.0535
v -0.6088 0.5863 0.1836
v -0.7235 0.5738 0.0213
v -0.6399 0.6086 -0.3282
v -0.6511 0.6012 -0.4191
v -0.5868 0.6073 -0.4680
v -0.6672 0.5396 0.3481
v -0.5877 0.5421 0.4722
v -0.4924 0.5058 0.7897
v -0.4624 0.4890 0.9027
v -0.5114 0.4842 0.8246
v -0.4468 0.4628 0.9956
v -0.4537 0.2260 -0.5963
v -0.4321 0.2314 -0.6335
v -0.4280 0.2205 -0.6097
v -0.4743 0.2095 -0.5282
v -0.4112 0.2605 -0.6985
v -0.5328 0.3090 -0.6330
v -0.4051 0.3052 -0.7348
v -0.3630 0.2570 -0.7504
v -0.3453 0.2692 -0.7770
v -0.4022 0.2407 -0.6866
v -0.4220 0.2302 -0.6460
v -0.3613 0.6037 -0.7386
v -0.4054 0.6170 -0.6458
v -0.4273 0.6122 -0.6422
v -0.3902 0.6273 -0.6539
v -0.6148 0.4131 0.7544
v -0.5963 0.3783 0.8158
v -0.5157 0.3946 0.9824
v -0.5393 0.4177 0.9232
v -0.5477 0.4247 0.8950
v -0.5606 0.4601 0.7960
v -0.6450 0.4702 0.5964
v -0.5271 0.4419 0.9025
v -0.6380 0.4975 0.5407
v -0.8167 0.4941 -0.2477
v -0.7997 0.5282 -0.0817
v -0.7993 0.5420 -0.2291
v -0.8069 0.4733 -0.3645
v -0.8172 0.4473 -0.2884
v -0.8089 0.5106 -0.1326
v -0.8106 0.4926 -0.0800
v -0.7931 0.5466 -0.2659
v -0.7714 0.5680 -0.2352
v -0.7890 0.5400 -0.3612
v -0.7600 0.5682 -0.3457
v -0.7951 0.4981 0.0649
v -0.7518 0.4777 0.3158
v -0.7814 0.5175 0.1127
v -0.7562 0.5372 0.1387
v -0.7667 0.5556 -0.0286
v -0.7559 0.5033 0.2579
v -0.7299 0.5364 0.2247
v -0.7130 0.4504 0.4560
v -0.7326 0.4952 0.3541
v -0.7084 0.5300 0.3063
v -0.7136 0.5122 0.3557
v -0.6519 0.5314 -0.5801
v -0.6866 0.5238 -0.5507
v -0.7162 0.5372 -0.5091
v -0.6698 0.5581 -0.5455
v -0.6107 0.5768 -0.5753
v -0.5803 0.5880 -0.5769
v -0.6527 0.5805 -0.5060
v -0.7062 0.5604 -0.4917
v -0.7621 0.5293 -0.4477
v -0.7815 0.5127 -0.4210
v -0.7553 0.5544 -0.4251
v -0.7053 0.5804 -0.4355
v -0.3791 0.2767 1.2033
v -0.4510 0.2508 1.0706
v -0.4413 0.3356 1.1247
v -0.4510 0.3490 1.1106
v -0.4910 0.3540 1.0407
v -0.5443 0.3635 0.9389
v -0.6472 0.2512 0.5284
v -0.6626 0.2178 0.4087
v -0.6553 0.1853 0.3722
v -0.6061 0.1854 0.6391
v -0.5614 0.2667 0.8310
v -0.6050 0.2437 0.6829
v -0.5485 0.1868 0.8401
v -0.4761 0.1931 1.0190
v -0.4161 0.2005 -0.5565
v -0.3977 0.1934 -0.5564
v -0.4133 0.1835 -0.5290
v -0.4448 0.1842 -0.5119
v -0.7618 0.2641 -0.0929
v -0.7725 0.2825 -0.3032
v -0.7881 0.2980 -0.1547
v -0.7976 0.3177 -0.2729
v -0.7177 0.2397 -0.3410
v -0.6372 0.1985 -0.3805
v -0.6775 0.1864 -0.1157
v -0.7510 0.2469 -0.2091
v -0.6975 0.2434 0.2732
v -0.7149 0.2341 0.1158
v -0.6866 0.2052 0.1751
v -0.7118 0.2186 -0.0050
v -0.6730 0.1852 0.1751
v -0.3986 0.2266 -0.6661
v -0.3715 0.2040 -0.6451
v -0.3744 0.1969 -0.6157
v -0.3839 0.1846 -0.5535
v -0.3017 0.2625 1.3405
v -0.2866 0.2656 1.3819
v -0.2885 0.2876 1.3733
v -0.3000 0.2826 1.3431
v -0.3037 0.2218 1.3581
v -0.2950 0.2254 1.3827
v -0.3699 0.2370 1.2201
v -0.5164 0.2407 0.9357
v -0.3285 0.2157 1.3055
v -0.5497 0.5863 -0.6124
v -0.5913 0.5683 -0.6056
v -0.5383 0.5933 -0.6050
v -0.5767 0.5647 -0.6218
v -0.2863 0.7006 -0.8340
v -0.2963 0.6985 -0.8186
v -0.2632 0.7008 -0.9013
v -0.3302 0.5984 -0.8073
v -0.2797 0.6354 -0.9477
v -0.2893 0.5808 -0.9231
v -0.2963 0.6498 -0.8966
v -0.2818 0.5423 -0.9482
v -0.2674 0.5315 -0.9895
v -0.0814 0.2475 -2.8095
v -0.0736 0.2471 -2.8107
v -0.3150 0.6262 -0.8440
v -0.3308 0.3336 -0.8106
v -0.3227 0.3500 -0.8286
v -0.3194 0.3613 -0.8392
v -0.6489 0.4355 -0.5933
v -0.6508 0.4581 -0.5913
v -0.6394 0.4535 -0.5964
v -0.6301 0.4296 -0.6033
v -0.5799 0.5256 -0.6315
v -0.6084 0.5342 -0.6158
v -0.5354 0.5328 -0.6636
v -0.6066 0.5181 -0.6140
v -0.6368 0.5058 -0.5991
v -0.6239 0.5091 -0.6049
v -0.6290 0.4924 -0.6022
v -0.5250 0.3764 -0.6772
v -0.5557 0.3816 -0.6570
v -0.6095 0.4000 -0.6205
v -0.4489 0.3679 -0.7288
v -0.3186 0.3012 -0.8274
v -0.3008 0.2955 -0.8639
v -0.2778 0.2748 -0.8841
v -0.3146 0.2730 -0.8203
v -0.2944 0.6881 -0.8677
v -0.3068 0.6752 -0.8510
v -0.4691 0.6102 -0.6080
v -0.4407 0.5986 -0.6760
v -0.4166 0.6936 -0.5194
v -0.4177 0.6921 -0.5222
v -0.4103 0.7922 -0.2470
v -0.4073 0.7911 -0.1490
v -0.4104 0.7712 -0.3380
v -0.4235 0.7489 -0.3485
v -0.4322 0.7103 -0.3910
v -0.4322 0.7376 -0.3402
v -0.4242 0.7618 -0.2677
v -0.4114 0.7833 -0.3075
v -0.2201 0.5772 1.4910
v -0.2545 0.5706 1.2938
v -0.2746 0.5283 1.2903
v -0.2754 0.5603 1.2095
v -0.2571 0.6987 -0.9452
v -0.2550 0.7011 -0.9245
v -0.2685 0.6990 -0.9075
v -0.0646 0.2090 -2.8572
v -0.3484 0.5475 -0.8002
v -0.3296 0.5442 -0.8196
v -0.3272 0.5625 -0.8252
v -0.3425 0.5572 -0.8103
v -0.3445 0.5413 -0.7913
v -0.4093 0.5356 0.8478
v -0.4481 0.5355 0.7601
v -0.4661 0.5186 0.7956
v -0.5137 0.5296 0.6550
v -0.5176 0.5722 0.4401
v -0.5634 0.5768 0.3439
v -0.6377 0.5679 0.2609
v -0.5757 0.6143 -0.4324
v -0.5206 0.6246 -0.3904
v -0.6101 0.6127 -0.3730
v -0.6921 0.5716 0.1277
v -0.6515 0.6024 -0.1053
v -0.6748 0.6028 -0.2448
v -0.5176 0.6257 -0.3718
v -0.4795 0.6224 -0.5372
v -0.5079 0.6155 -0.5333
v -0.4570 0.6304 -0.5239
v -0.3387 0.5889 -0.7939
v -0.3627 0.5858 -0.7727
v -0.5550 0.5964 -0.5756
v -0.5147 0.6248 -0.0737
v -0.4957 0.6283 -0.4403
v -0.5418 0.6154 -0.0533
v -0.5290 0.6221 -0.1654
v -0.5332 0.6068 0.1050
v -0.5127 0.6164 0.0675
v -0.5018 0.5936 0.3042
v -0.2959 0.5322 1.1955
v -0.3116 0.5323 1.1402
v -0.3384 0.5305 1.0601
v -0.4831 0.6400 -0.3603
v -0.4769 0.6321 -0.4497
v -0.4825 0.6271 -0.4926
v -0.4691 0.6320 -0.4799
v -0.4629 0.5784 0.4931
v -0.4229 0.5729 0.6190
v -0.4491 0.5860 0.4799
v -0.3533 0.5485 0.9488
v -0.4404 0.5881 -0.7017
v -0.4647 0.5710 -0.7050
v -0.4070 0.5897 -0.7260
v -0.5148 0.5533 -0.6808
v -0.3586 0.5713 -0.7907
v -0.4200 0.5510 -0.7537
v -0.5440 0.5247 -0.6415
v -0.4461 0.5429 -0.7331
v -0.4116 0.5373 -0.7413
v -0.3588 0.6456 -0.7176
v -0.3928 0.6517 -0.6287
v -0.4357 0.6593 -0.5188
v -0.4228 0.6733 -0.5341
v -0.4381 0.6749 -0.4890
v -0.4329 0.7448 -0.2720
v -0.4738 0.6765 -0.2100
v -0.4404 0.7226 -0.1173
v -0.4427 0.7205 -0.3287
v -0.4438 0.7025 -0.3800
v -0.4121 0.6119 0.4722
v -0.4395 0.6194 0.3411
v -0.2221 0.7036 -0.7121
v -0.2226 0.7031 -0.6927
v -0.2786 0.7034 -0.5452
v -0.2376 0.7023 -0.6426
v -0.2107 0.7024 -0.7173
v -0.1920 0.7031 -0.7779
v -0.2246 0.7035 -0.8830
v -0.2749 0.7036 -0.6943
v -0.2841 0.4969 -0.9444
v -0.2707 0.5014 -0.9805
v -0.2559 0.4544 -1.0372
v -0.2676 0.4413 -0.9899
v -0.2942 0.5916 -0.9072
v -0.2884 0.5373 -0.9303
v -0.2978 0.5729 -0.8979
v -0.2888 0.5306 -0.9299
v -0.2997 0.5267 -0.8975
v -0.3041 0.5712 -0.8796
v -0.3004 0.5727 -0.8901
v -0.3195 0.5537 -0.8408
v -0.3129 0.5333 -0.8589
v -0.2661 0.4120 -0.9949
v -0.2893 0.5040 -0.9301
v -0.3090 0.3669 -0.8707
v -0.3046 0.3975 -0.8846
v -0.3185 0.3682 -0.8425
v -0.3179 0.3903 -0.8448
v -0.3247 0.5169 -0.8217
v -0.3140 0.4625 -0.8569
v -0.3325 0.7469 0.3507
v -0.3296 0.7152 0.4751
v -0.3057 0.6868 0.6620
v -0.2873 0.7124 0.6638
v -0.2499 0.6661 0.9748
v -0.2372 0.7106 0.8529
v -0.4192 0.7156 0.0580
v -0.4384 0.6709 0.1260
v -0.1904 0.7041 1.0162
v -0.1312 0.6948 1.1535
v -0.1674 0.6630 1.3077
v -0.1317 0.7253 0.9730
v -0.2143 0.6820 1.0664
v -0.2148 0.6537 1.1861
v -0.1906 0.6600 1.2562
v -0.1830 0.7299 0.8517
v -0.1519 0.7371 0.8511
v -0.1437 0.7349 0.8842
v -0.1695 0.7751 0.4129
v -0.2507 0.7363 0.6532
v -0.2635 0.7400 0.5892
v -0.2538 0.7582 0.4506
v -0.3505 0.7668 0.1901
v -0.3980 0.7768 -0.0234
v -0.3782 0.7444 0.1726
v -0.3990 0.7934 -0.0943
v -0.3843 0.7030 0.2588
v -0.3774 0.6742 0.3819
v -0.3406 0.6525 0.6117
v -0.2741 0.6398 0.9398
v -0.4730 0.6360 0.1208
v -0.4903 0.6275 0.0880
v -0.2363 0.6689 1.0306
v -0.2451 0.6362 1.0987
v -0.2266 0.6216 1.2648
v -0.0523 0.2322 -2.8372
v -0.0679 0.2239 -2.8475
v -0.3509 0.4944 1.1116
v -0.3509 0.5163 1.0620
v -0.3822 0.5152 0.9940
v -0.3000 0.4952 1.2322
v -0.2798 0.4932 1.2867
v -0.3563 0.4208 1.2199
v -0.4045 0.3887 1.1709
v -0.3298 0.4051 1.2828
v -0.4321 0.6881 -0.4864
v -0.4237 0.7046 -0.4244
v -0.4231 0.6901 -0.5136
v -0.4632 0.6432 -0.4590
v -0.4578 0.6420 -0.4833
v -0.4629 0.6554 -0.4204
v -0.4508 0.6862 -0.3882
v -0.4407 0.6845 -0.4549
v -0.3944 0.7588 -0.3551
v -0.3810 0.7783 -0.3530
v -0.3301 0.7506 -0.3598
v -0.2591 0.5120 1.3575
v -0.2729 0.5087 1.2995
v -0.2349 0.4839 1.4062
v -0.2392 0.4979 1.4019
v -0.2240 0.4737 1.4301
v -0.1742 0.4386 1.5535
v -0.1725 0.4609 1.5540
v -0.1750 0.4737 1.5543
v -0.1842 0.4872 1.5546
v -0.2529 0.3256 1.4789
v -0.2639 0.3093 1.4527
v -0.2707 0.2836 1.4380
v -0.2577 0.2975 1.4803
v -0.2344 0.3147 1.5505
v -0.2192 0.3451 1.5511
v -0.2965 0.5562 1.1275
v -0.2851 0.6078 0.9910
v -0.2038 0.6119 1.4316
v -0.2400 0.5586 1.4346
v -0.1888 0.5966 1.5548
v -0.1300 0.6564 1.4014
v -0.1265 0.6622 1.3645
v -0.1624 0.6480 1.4209
v -0.1355 0.6439 1.4709
v -0.1721 0.6331 1.4619
v -0.2106 0.4248 1.4851
v -0.2124 0.4255 1.4806
v -0.1845 0.4074 1.5527
v -0.0364 0.1741 -2.7602
v 0.0000 0.1731 -2.7660
v -0.2249 0.6991 -1.0674
v -0.2417 0.6559 -1.1022
v -0.3456 0.8596 -0.2691
v -0.3813 0.8576 -0.2707
v -0.3849 0.8429 -0.2031
v -0.3404 0.8366 -0.1730
v -0.3498 0.8310 -0.1504
v -0.3374 0.8054 -0.0559
v -0.3933 0.8166 -0.1336
v -0.3316 0.8072 -0.0780
v -0.3821 0.8262 -0.1349
v -0.3965 0.8352 -0.1998
v -0.3974 0.8415 -0.2696
v -0.4075 0.7989 -0.2648
v -0.0619 0.7061 -0.9901
v -0.1036 0.7057 -0.9875
v -0.1097 0.7041 -0.9443
v -0.0405 0.7055 -0.9581
v -0.0380 0.7052 -0.9458
v -0.0401 0.7069 -0.9993
v -0.0539 0.7066 -1.0346
v -0.2076 0.7036 -0.9150
v -0.1313 0.7037 -0.9292
v -0.2057 0.7037 -0.9473
v -0.2360 0.7010 -0.9706
v -0.1713 0.7041 -1.1989
v -0.0447 0.7067 -1.0547
v -0.0428 0.7040 -1.2109
v -0.1390 0.7058 -1.0818
v -0.0148 0.7039 -1.2148
v 0.0000 0.7052 -1.1819
v -0.0055 0.7051 -1.1808
v -0.0000 0.6995 -1.2720
v -0.0258 0.7052 -1.1594
v -0.2013 0.7042 -0.9639
v -0.1577 0.7053 -0.9806
v -0.1571 0.7062 -1.0272
v -0.1910 0.7055 -1.0611
v -0.3076 0.8056 -0.0999
v -0.2720 0.8016 -0.0869
v -0.3018 0.8026 -0.1099
v -0.3279 0.7776 -0.3467
v -0.3354 0.7778 -0.3512
v -0.3236 0.7303 -0.3735
v -0.3446 0.7778 -0.3532
v -0.3169 0.7249 -0.3764
v -0.0555 0.7038 -0.9234
v -0.0999 0.7037 -0.9249
v -0.0809 0.7032 -0.9108
v -0.0314 0.7043 -0.9183
v -0.0250 0.7039 -0.9119
v -0.3090 0.7050 -0.4436
v -0.3188 0.7161 -0.3942
v -0.3111 0.7080 -0.4076
v -0.3006 0.7020 -0.4601
v -0.2581 0.7031 -0.5953
v -0.2948 0.7035 -0.4981
v -0.2870 0.7022 -0.5096
v -0.2663 0.7023 -0.5657
v -0.1954 0.7044 -1.1082
v -0.1182 0.8372 0.0189
v -0.1105 0.8356 -0.0766
v -0.0877 0.8493 0.0268
v -0.1520 0.8130 -0.0222
v -0.1648 0.8096 -0.0784
v -0.2470 0.8069 -0.0759
v -0.1595 0.8101 -0.0631
v -0.2460 0.8017 -0.0846
v -0.0895 0.7045 -1.1833
v -0.1076 0.6985 -1.2752
v -0.0456 0.8582 0.0297
v 0.0000 0.8597 -0.0695
v -0.0735 0.8523 -0.0076
v -0.0697 0.9165 -0.0812
v -0.0323 0.9218 -0.0806
v 0.0000 0.9183 -0.0815
v 0.0000 0.9121 -0.0733
v -0.1168 0.8526 0.0683
v -0.0997 0.8672 0.0648
v -0.1123 0.8940 0.0542
v -0.1100 0.8722 0.0674
v -0.1350 0.8208 -0.0794
v -0.1669 0.8072 -0.0812
v -0.0970 0.8420 -0.0691
v -0.0958 0.9004 0.0276
v -0.1103 0.9063 0.0307
v -0.0838 0.9038 0.0064
v -0.0542 1.0759 0.1168
v -0.0511 1.0790 0.1688
v -0.0000 1.0807 -0.0604
v -0.8147 0.3647 -0.2326
v -0.3864 0.4073 -0.6486
v -0.3952 0.3748 -0.6450
v -0.5902 0.4621 -0.4536
v -0.4977 0.4502 -0.5403
v -0.5595 0.4932 -0.4728
v -0.4611 0.4520 -0.5732
v -0.3797 0.4879 -0.6436
v -0.3686 0.3571 -0.6719
v -0.3736 0.3518 -0.6681
v -0.3858 0.3526 -0.6571
v -0.4673 0.3706 -0.5822
v -0.6152 0.4236 -0.4413
v -0.5521 0.3952 -0.5028
v -0.6203 0.4901 -0.4180
v -0.6302 0.4532 -0.4205
v -0.6017 0.5033 -0.4310
v -0.5551 0.5157 -0.4717
v -0.5086 0.5220 -0.5148
v -0.4466 0.5283 -0.5731
v -0.3658 0.5360 -0.6492
v -0.4198 0.5310 -0.5983
v -0.3611 0.4172 -0.6707
v -0.3554 0.5294 -0.6602
v -0.0230 0.2786 -1.5131
v -0.0367 0.2789 -1.4922
v -0.0000 0.2789 -1.4857
v -0.0294 0.2792 -1.4804
v -0.0162 0.2766 -1.4682
v -0.0235 0.2786 -1.4754
v -0.0456 0.2773 -1.4237
v -0.0000 0.2744 -1.4667
v -0.0949 0.2680 -1.1776
v -0.1109 0.2628 -1.1223
v -0.0258 0.7062 -1.1247
v -0.0338 0.7075 -1.0317
v -0.0048 0.7057 -1.1704
v -0.0330 0.7075 -1.0091
v -0.0307 0.7074 -0.9952
v -0.0292 0.7073 -0.9880
v -0.0211 0.7049 -0.9179
v -0.2374 0.3614 1.4942
v -0.2493 0.4443 1.3892
v -0.3018 0.3531 1.3671
v -0.2938 0.3371 1.3811
v -0.2572 0.4848 1.3499
v -0.2300 0.3785 1.4932
v -0.2414 0.5084 1.4339
v -0.2175 0.4954 1.4650
v -0.2188 0.5109 1.5548
v -0.2669 0.2423 1.4826
v -0.2436 0.2860 1.5502
v -0.3259 0.3192 -0.8172
v -0.3740 0.2947 -0.7590
v -0.3655 0.3508 -0.7863
v -0.3458 0.3463 -0.8006
v -0.3350 0.3441 -0.8094
v -0.3275 0.3452 -0.8191
v -0.6889 0.2612 -0.4292
v -0.6058 0.2664 -0.5248
v -0.6218 0.2218 -0.4347
v -0.4265 0.1973 -0.5381
v -0.5164 0.1859 -0.4702
v -0.5941 0.1876 -0.4108
v -0.6487 0.1881 -0.3287
v -0.6385 0.3612 -0.5817
v -0.5916 0.3046 -0.5814
v -0.7076 0.3172 -0.4846
v -0.5572 0.2349 -0.5134
v -0.3622 0.2170 -0.6909
v -0.1449 0.7035 -0.8872
v -0.1219 0.7034 -0.9030
v -0.1427 0.7029 -0.8776
v -0.1233 0.7030 -0.8937
v 0.2193 0.2883 -1.2165
v 0.1883 0.2812 -1.2250
v 0.1713 0.2855 -1.4885
v 0.2313 0.3074 -1.2549
v 0.2468 0.2977 -0.9933
v 0.1472 0.2768 -2.6725
v 0.1258 0.2436 -2.7574
v 0.1542 0.3133 -2.5946
v 0.0935 0.2256 -2.8269
v 0.1388 0.2751 -2.7008
v 0.0555 0.2621 -2.7816
v 0.0803 0.2667 -2.7729
v 0.0389 0.2432 -2.8174
v 0.0000 0.2518 -2.8006
v 0.1397 0.2008 -2.6917
v 0.1190 0.1914 -2.7583
v 0.1011 0.1762 -2.7803
v 0.1020 0.1898 -2.8049
v 0.1185 0.2233 -2.7823
v 0.2450 0.3295 -1.1464
v 0.2110 0.3337 -1.5515
v 0.2102 0.4727 -1.5271
v 0.2550 0.3483 -1.0594
v 0.1636 0.3025 -2.4301
v 0.1688 0.3200 -2.2518
v 0.1548 0.2556 -2.5878
v 0.1525 0.2872 -2.6340
v 0.1554 0.2911 -2.5998
v 0.1703 0.3389 -2.3042
v 0.2136 0.5167 -1.4774
v 0.2068 0.5984 -1.5296
v 0.2155 0.6462 -1.3501
v 0.0328 0.1679 -2.8218
v 0.0173 0.1705 -2.8404
v 0.0000 0.1692 -2.8302
v 0.0172 0.1845 -2.8574
v 0.0875 0.1719 -2.7693
v 0.0760 0.1685 -2.7932
v 0.1006 0.1748 -2.7827
v 0.1465 0.2633 -2.4679
v 0.1555 0.2910 -2.3670
v 0.1501 0.3054 -2.2033
v 0.1298 0.2348 -2.5444
v 0.1516 0.2386 -2.5808
v 0.1643 0.3032 -2.3814
v 0.0529 0.4384 -2.3790
v 0.0936 0.4060 -2.4633
v 0.0849 0.3428 -2.6111
v 0.0470 0.3532 -2.5873
v 0.0214 0.3432 -2.6101
v 0.0000 0.4566 -2.3243
v 0.0267 0.4731 -2.2826
v 0.1937 0.3499 -1.8135
v 0.2105 0.3620 -1.5713
v 0.1906 0.3215 -1.7539
v 0.1953 0.4495 -1.7941
v 0.1653 0.3700 -2.4067
v 0.1811 0.5052 -2.0098
v 0.1419 0.5873 -1.8950
v 0.0807 0.5276 -2.1140
v 0.0000 0.5448 -2.0541
v -0.0000 0.5790 -1.9283
v -0.0000 0.6102 -1.7993
v 0.1707 0.3217 -2.0666
v 0.1791 0.3325 -2.0188
v 0.1693 0.3059 -1.7742
v 0.2700 0.3389 -0.9739
v 0.2726 0.3585 -0.9703
v 0.2590 0.3115 -0.9817
v 0.2621 0.6695 -0.9867
v 0.2658 0.6125 -0.9905
v 0.2181 0.2853 -1.2511
v 0.0557 0.2772 -1.7602
v 0.2272 0.5698 -1.2858
v 0.2542 0.5820 -1.0450
v 0.2584 0.4603 -1.0291
v 0.2290 0.6159 -1.2376
v 0.2639 0.4771 -1.0028
v 0.1466 0.2304 -2.6786
v 0.1019 0.6599 -1.5477
v 0.1696 0.6734 -1.4633
v 0.0951 0.6218 -1.7481
v 0.0000 0.6489 -1.6076
v 0.0411 0.6956 -1.3075
v -0.0000 0.7020 -1.2355
v 0.0453 0.1967 -2.8608
v 0.0052 0.1938 -2.8632
v 0.0467 0.1884 -2.8556
v 0.0000 0.1994 -2.8622
v 0.0059 0.2133 -2.8598
v 0.2166 0.2838 -1.0984
v 0.2197 0.2846 -1.0300
v 0.2028 0.2819 -1.1509
v 0.2037 0.7015 -1.1744
v 0.2304 0.6851 -1.1371
v 0.1959 0.6916 -1.3002
v 0.2133 0.6929 -1.2255
v 0.1747 0.5228 -2.0396
v 0.1829 0.5787 -1.8381
v 0.1856 0.6838 -1.3846
v 0.1948 0.6562 -1.5014
v 0.0293 0.3136 -2.6757
v -0.0000 0.3393 -2.6176
v 0.1391 0.3035 -2.6628
v 0.1298 0.3159 -2.6551
v 0.1426 0.3757 -2.5151
v 0.1567 0.3703 -2.4889
v 0.1343 0.3902 -2.4909
v 0.1418 0.4484 -2.3423
v 0.1618 0.4676 -2.2467
v 0.1546 0.4901 -2.2140
v 0.1654 0.5401 -2.0368
v 0.1775 0.5819 -1.8692
v 0.2590 0.6931 -0.9603
v 0.2487 0.6907 -0.9964
v 0.2409 0.7007 -0.9559
v 0.2762 0.6711 -0.9463
v 0.2453 0.6870 -1.0267
v 0.0669 0.2283 -2.8427
v 0.0233 0.2189 -2.8547
v 0.0228 0.2663 -1.4471
v 0.0587 0.2710 -1.3685
v 0.0448 0.2725 -1.4169
v 0.0371 0.2533 -1.4146
v 0.0152 0.2524 -1.4414
v 0.0000 0.2688 -1.4592
v 0.0440 0.2778 -1.4415
v 0.2738 0.6895 -0.9323
v 0.2817 0.6694 -0.9326
v 0.2881 0.6746 -0.9083
v 0.2886 0.3856 -0.9324
v 0.2841 0.4268 -0.9449
v 0.2987 0.3903 -0.9021
v 0.2953 0.3825 -0.9121
v 0.2940 0.3487 -0.9078
v 0.2591 0.2770 -0.9134
v 0.2636 0.2967 -0.9339
v 0.1284 0.1928 -2.6832
v 0.1420 0.2090 -2.6456
v 0.3488 0.6965 -0.6822
v 0.3114 0.6978 -0.7795
v 0.3439 0.7013 -0.6360
v 0.3794 0.6920 -0.6147
v 0.3013 0.7029 -0.7218
v 0.3648 0.7023 -0.5493
v 0.2849 0.7037 -0.6370
v 0.3919 0.7046 -0.4486
v 0.3812 0.7008 -0.5483
v 0.2920 0.8011 0.0035
v 0.2705 0.7710 0.3067
v 0.3863 0.8022 -0.0787
v 0.3698 0.8016 -0.0541
v 0.3210 0.8069 -0.0559
v 0.2670 0.8066 -0.0720
v 0.2656 0.8058 -0.0451
v 0.1921 0.8001 0.0834
v 0.3611 0.7038 -0.4738
v 0.3211 0.7197 -0.3890
v 0.4101 0.7203 -0.3858
v 0.3834 0.7108 -0.4119
v 0.4148 0.7036 -0.4336
v 0.4003 0.6983 -0.5318
v 0.2550 0.5174 1.3987
v 0.2467 0.5361 1.4428
v 0.2242 0.5410 1.5548
v 0.2188 0.5109 1.5548
v 0.2310 0.5084 1.4871
v 0.2646 0.5193 1.3455
v 0.2110 0.7036 -0.9107
v 0.2476 0.7028 -0.8728
v 0.1600 0.7036 -0.8650
v 0.2731 0.7029 -0.7894
v 0.2225 0.2847 -0.9767
v 0.1935 0.2785 -0.9957
v 0.1549 0.2763 -1.0432
v 0.1864 0.2666 -0.9853
v 0.1370 0.2644 -1.0598
v 0.1124 0.2780 -1.1496
v 0.1201 0.2583 -2.7566
v 0.0975 0.2444 -2.8053
v 0.0767 0.2356 -2.8292
v 0.1247 0.3108 -2.6725
v 0.1675 0.7035 -0.8474
v 0.1733 0.7036 -0.8474
v 0.1583 0.7034 -0.8630
v 0.1881 0.7024 -1.2172
v 0.1861 0.7001 -1.2564
v 0.1733 0.7042 -1.1937
v 0.1592 0.3340 -2.5212
v 0.1619 0.3605 -2.4572
v 0.0796 0.2783 -1.3281
v 0.0585 0.2791 -1.4334
v 0.0522 0.2050 -2.6223
v 0.1114 0.1848 -2.7108
v 0.1073 0.1785 -2.7384
v -0.0000 0.1989 -2.6457
v 0.0000 0.1840 -2.7133
v 0.0899 0.2229 -2.5639
v 0.1180 0.3289 -2.6397
v 0.1024 0.3136 -2.6755
v 0.0987 0.3039 -2.6962
v 0.0901 0.3033 -2.6979
v 0.1112 0.3706 -2.5469
v 0.1685 0.6485 -1.6052
v 0.1888 0.6847 -1.3647
v 0.1724 0.6116 -1.7684
v 0.1531 0.6277 -1.7170
v 0.0000 0.2767 -1.5946
v 0.0941 0.2792 -1.5196
v 0.0000 0.2733 -1.7840
v 0.0745 0.2776 -2.0551
v 0.1327 0.2984 -1.8695
v 0.1407 0.3035 -1.9676
v 0.0000 0.2688 -1.9430
v 0.0000 0.2538 -2.2286
v 0.0476 0.2648 -2.1700
v 0.0762 0.2577 -2.3529
v 0.1420 0.5446 -2.0497
v 0.1290 0.5246 -2.1222
v 0.1224 0.4732 -2.2810
v 0.1300 0.4351 -2.3904
v 0.0569 0.1703 -2.8284
v 0.0918 0.1797 -2.8134
v 0.0462 0.1793 -2.8483
v 0.0771 0.1840 -2.8373
v 0.0000 0.2175 -2.5421
v 0.0553 0.2344 -2.4728
v 0.1505 0.2798 -1.3307
v 0.0827 0.2814 -1.6548
v 0.0671 0.2785 -1.4903
v 0.3247 0.8266 -0.1777
v 0.3203 0.8213 -0.2659
v 0.3216 0.8350 -0.2654
v 0.3118 0.8057 -0.1284
v 0.3256 0.8462 -0.2662
v 0.3187 0.8064 -0.2110
v 0.3405 0.6764 -0.7483
v 0.3273 0.6804 -0.7815
v 0.3592 0.6573 -0.7113
v 0.4532 0.6998 -0.3385
v 0.4848 0.6484 -0.3087
v 0.4711 0.6557 -0.3757
v 0.4573 0.6900 -0.3463
v 0.4599 0.6897 -0.0927
v 0.4697 0.6829 -0.2295
v 0.4992 0.6386 -0.0979
v 0.4938 0.6457 -0.1861
v 0.0282 0.8012 1.1711
v 0.0241 0.7907 1.2282
v 0.0412 0.8509 0.9578
v 0.0294 0.7466 1.2622
v 0.0470 0.9505 0.6321
v 0.0071 0.9018 1.0494
v 0.0025 0.8831 1.1497
v 0.0047 0.8572 1.2740
v 0.0046 0.8727 1.1930
v 0.0081 0.9182 0.9795
v 0.0025 0.9029 1.0629
v 0.0026 0.9252 0.9740
v 0.0051 0.8449 1.3492
v 0.0036 0.9739 0.7953
v 0.0029 0.9492 0.8846
v 0.0101 0.9688 0.7954
v 0.0130 1.0225 0.5971
v 0.0047 0.9977 0.7059
v 0.0590 1.0717 0.2007
v 0.0351 1.0793 0.2377
v -0.0000 1.0790 0.2629
v 0.0756 1.0558 0.1766
v 0.0563 1.0473 0.3333
v 0.0235 1.0596 0.3920
v 0.0711 1.0403 0.2718
v 0.0000 1.0629 0.3798
v 0.0000 1.0382 0.5279
v 0.1101 0.9732 0.1281
v 0.0851 0.9337 0.4300
v 0.3296 0.5454 1.0411
v 0.3373 0.6284 0.7060
v 0.4031 0.5811 0.6422
v 0.3686 0.5581 0.8577
v 0.1205 0.9246 0.0525
v 0.0888 1.0196 0.2040
v 0.0850 1.0505 -0.0505
v 0.0727 1.0606 0.1334
v 0.1196 0.8083 0.4705
v 0.1749 0.7618 0.5425
v 0.0941 0.8134 0.6820
v 0.1036 0.7905 0.6951
v 0.1433 0.7923 0.3642
v 0.1168 0.7616 0.7749
v 0.0283 0.8251 1.1109
v 0.1043 0.7611 0.8360
v 0.1351 0.7439 0.8424
v 0.0733 0.7577 1.0006
v 0.0328 0.7230 1.2727
v 0.0856 0.7255 1.0635
v 0.0332 0.6741 1.3582
v 0.0308 0.7050 1.3126
v 0.0675 0.6774 1.2927
v 0.1342 0.8560 0.1510
v 0.1323 0.8709 0.1159
v 0.1334 0.8545 0.1002
v 0.1237 0.8938 0.0765
v 0.1422 0.8223 0.0877
v 0.1429 0.8207 0.0414
v 0.1349 0.8327 0.1967
v 0.1567 0.8022 0.1894
v 0.1686 0.8070 0.0358
v 0.1323 0.8363 0.0708
v 0.1556 0.8117 -0.0271
v 0.0726 0.9040 0.0052
v 0.0514 0.8978 0.0338
v 0.0258 0.8980 0.0338
v 0.0000 0.9150 -0.0797
v 0.0412 0.9097 -0.0602
v 0.0490 0.8368 -0.0819
v 0.0000 0.8519 -0.0805
v 0.0339 0.8572 -0.0769
v 0.0444 0.8581 -0.0543
v 0.0662 0.8529 -0.0688
v 0.0946 0.8428 -0.0751
v 0.0604 0.8704 0.0632
v 0.0285 0.8605 0.0598
v 0.0464 0.8866 0.0544
v 0.0841 0.9133 -0.0801
v 0.0805 0.9222 -0.0806
v 0.0948 0.9250 -0.0806
v 0.1111 0.9369 -0.0814
v 0.1120 0.9231 -0.0775
v 0.1183 0.9399 -0.0647
v 0.1148 0.9774 -0.0753
v 0.1033 1.0037 -0.0810
v 0.0673 1.0582 -0.0810
v 0.0925 1.0391 -0.0740
v 0.0599 1.0711 -0.0723
v 0.0110 1.0762 -0.0785
v 0.0436 1.0793 -0.0183
v 0.0053 0.8328 1.4570
v 0.0022 0.8276 1.5557
v 0.0044 0.8243 1.5557
v 0.0063 0.8152 1.5557
v 0.0168 0.6417 1.5119
v 0.0112 0.6706 1.5551
v 0.0120 0.6482 1.5550
v 0.0150 0.6338 1.5550
v 0.0227 0.6258 1.5549
v 0.0495 0.6519 1.4231
v 0.1032 0.6547 1.4161
v 0.0738 0.6611 1.3754
v 0.0898 0.6246 1.5548
v 0.1315 0.6416 1.4819
v 0.0193 0.7321 1.3838
v 0.0079 0.7976 1.5556
v 0.0098 0.7443 1.5554
v 0.0059 0.8267 1.5234
v 0.4411 0.6587 -0.5055
v 0.4477 0.6517 -0.4978
v 0.4515 0.6504 -0.4865
v 0.4425 0.6372 -0.5330
v 0.4225 0.6685 -0.5409
v 0.7234 0.4809 -0.5170
v 0.7453 0.4325 -0.4961
v 0.7047 0.4076 -0.5387
v 0.6880 0.4727 -0.5574
v 0.7914 0.3529 0.0147
v 0.7707 0.4191 0.2178
v 0.7724 0.4628 0.2319
v 0.7502 0.2819 0.0923
v 0.8018 0.4679 0.0347
v 0.7995 0.4951 0.0375
v 0.8032 0.4125 -0.0013
v 0.7001 0.3001 0.3782
v 0.7457 0.3862 0.3056
v 0.7097 0.4092 0.4656
v 0.6962 0.3619 0.4709
v 0.7155 0.4352 0.4505
v 0.8100 0.4395 -0.3616
v 0.7971 0.4081 -0.4030
v 0.7880 0.3527 -0.3882
v 0.7575 0.3053 -0.3993
v 0.7348 0.3586 -0.4874
v 0.7456 0.5132 -0.4834
v 0.7866 0.4972 -0.4156
v 0.5862 0.3637 0.8352
v 0.5223 0.3631 0.9815
v 0.5888 0.2658 0.7517
v 0.6076 0.2877 0.7059
v 0.6134 0.3849 0.7644
v 0.5659 0.6041 -0.5173
v 0.6240 0.5935 -0.4958
v 0.5510 0.5990 -0.5693
v 0.6874 0.6013 -0.2883
v 0.7351 0.5872 -0.2548
v 0.7303 0.5852 -0.3436
v 0.7102 0.5480 0.2211
v 0.7063 0.5871 -0.0631
v 0.6659 0.5745 0.1651
v 0.6867 0.5445 0.2863
v 0.6696 0.5983 -0.4082
v 0.6276 0.5788 0.2199
v 0.6549 0.5326 0.3958
v 0.5462 0.5344 0.5760
v 0.6224 0.5637 0.3143
v 0.5066 0.4984 0.7876
v 0.4743 0.4812 0.9024
v 0.4885 0.4619 0.9255
v 0.5525 0.5015 0.6900
v 0.4883 0.2263 -0.5568
v 0.4427 0.2112 -0.5629
v 0.4211 0.2250 -0.6321
v 0.4060 0.2443 -0.6870
v 0.4451 0.2494 -0.6501
v 0.5399 0.2611 -0.5769
v 0.3858 0.2645 -0.7291
v 0.4167 0.3498 -0.7495
v 0.3539 0.2633 -0.7631
v 0.3604 0.6010 -0.7445
v 0.4045 0.6228 -0.6314
v 0.3574 0.6085 -0.7403
v 0.4217 0.6286 -0.5904
v 0.5930 0.4037 0.8168
v 0.5835 0.4268 0.8136
v 0.5589 0.4077 0.8920
v 0.7031 0.4604 0.4795
v 0.5289 0.3730 0.9658
v 0.5413 0.4533 0.8512
v 0.6578 0.5066 0.4767
v 0.5118 0.4258 0.9609
v 0.5281 0.4285 0.9240
v 0.8108 0.5144 -0.2787
v 0.7999 0.5377 -0.2044
v 0.7940 0.5451 -0.2231
v 0.8036 0.5131 -0.0297
v 0.8126 0.5138 -0.2024
v 0.7747 0.5596 -0.3466
v 0.7711 0.5660 -0.1810
v 0.7972 0.5395 -0.1348
v 0.8007 0.5247 -0.3471
v 0.7722 0.4904 0.2207
v 0.7819 0.5171 0.1133
v 0.7700 0.5457 0.0293
v 0.7311 0.5750 -0.0197
v 0.7482 0.5408 0.1504
v 0.7474 0.4842 0.3293
v 0.7026 0.4854 0.4385
v 0.7278 0.5186 0.2969
v 0.7124 0.5132 0.3548
v 0.6672 0.4776 0.5340
v 0.6577 0.5437 -0.5688
v 0.6916 0.5432 -0.5344
v 0.6708 0.5635 -0.5338
v 0.7423 0.5467 -0.4649
v 0.6520 0.5792 -0.5142
v 0.5766 0.5872 -0.5841
v 0.7704 0.5314 -0.4323
v 0.7768 0.5414 -0.3958
v 0.7444 0.5370 -0.4693
v 0.7206 0.5768 -0.4261
v 0.6978 0.5728 -0.4706
v 0.5113 0.2765 0.9619
v 0.5036 0.3665 1.0197
v 0.4232 0.3344 1.1554
v 0.6887 0.2572 0.3499
v 0.6641 0.2185 0.4013
v 0.6350 0.2375 0.5624
v 0.6314 0.1853 0.5275
v 0.6470 0.1853 0.4385
v 0.6592 0.1852 0.3499
v 0.6678 0.1852 0.2620
v 0.6912 0.2271 0.2574
v 0.5806 0.2252 0.7555
v 0.5140 0.2469 0.9409
v 0.5149 0.1892 0.9296
v 0.5639 0.1861 0.7954
v 0.6013 0.1854 0.6614
v 0.4743 0.2095 -0.5282
v 0.4448 0.1842 -0.5119
v 0.3942 0.1835 -0.5416
v 0.4223 0.2153 -0.5997
v 0.7565 0.2536 -0.2122
v 0.7800 0.2844 -0.1302
v 0.7417 0.2432 -0.2736
v 0.6616 0.1881 -0.2983
v 0.7034 0.2454 -0.3823
v 0.7935 0.3115 -0.2879
v 0.6979 0.2091 0.0757
v 0.7391 0.2486 0.0061
v 0.6730 0.1852 0.1751
v 0.6766 0.1855 0.0055
v 0.6758 0.1869 -0.1727
v 0.3987 0.1908 -0.5468
v 0.3790 0.1871 -0.5685
v 0.3668 0.2105 -0.6680
v 0.2983 0.2686 1.3488
v 0.2903 0.2601 1.3717
v 0.2878 0.2296 1.4074
v 0.2950 0.2254 1.3827
v 0.3106 0.2199 1.3427
v 0.3114 0.2582 1.3227
v 0.4324 0.2703 1.1101
v 0.4361 0.2294 1.1002
v 0.4157 0.2015 1.1396
v 0.5904 0.5710 -0.6016
v 0.5495 0.5848 -0.6143
v 0.5827 0.5644 -0.6172
v 0.5484 0.5912 -0.5992
v 0.2876 0.6982 -0.8501
v 0.2746 0.6976 -0.9016
v 0.2681 0.6999 -0.9028
v 0.3282 0.6650 -0.7948
v 0.3280 0.5961 -0.8132
v 0.3226 0.5877 -0.8288
v 0.3080 0.6504 -0.8597
v 0.2972 0.6486 -0.8943
v 0.2782 0.6346 -0.9518
v 0.2900 0.6526 -0.9148
v 0.2822 0.5704 -0.9443
v 0.2694 0.5437 -0.9827
v 0.2619 0.5709 -1.0081
v 0.0889 0.2540 -2.7954
v 0.0641 0.2424 -2.8195
v 0.3197 0.5767 -0.8375
v 0.2998 0.5801 -0.8914
v 0.3203 0.3333 -0.8329
v 0.2911 0.3305 -0.9076
v 0.3194 0.3613 -0.8392
v 0.3227 0.3500 -0.8286
v 0.3275 0.3452 -0.8191
v 0.5918 0.3926 -0.6320
v 0.6316 0.4130 -0.6059
v 0.5646 0.3862 -0.6509
v 0.6364 0.4377 -0.5987
v 0.6374 0.4683 -0.5977
v 0.6533 0.4405 -0.5901
v 0.6879 0.5071 -0.5536
v 0.6218 0.5267 -0.6062
v 0.5799 0.5256 -0.6315
v 0.5095 0.5288 -0.6676
v 0.4417 0.5348 -0.7190
v 0.5218 0.5367 -0.6774
v 0.6052 0.5494 -0.6127
v 0.6421 0.5162 -0.5930
v 0.6290 0.4924 -0.6022
v 0.6239 0.5091 -0.6049
v 0.4676 0.3145 -0.6896
v 0.3980 0.3576 -0.7637
v 0.5533 0.3913 -0.6569
v 0.6104 0.4137 -0.6173
v 0.2945 0.3049 -0.8833
v 0.3176 0.2923 -0.8260
v 0.2943 0.2732 -0.8546
v 0.2971 0.6806 -0.8741
v 0.4137 0.6195 -0.6283
v 0.4649 0.5988 -0.6535
v 0.4310 0.6204 -0.6047
v 0.5231 0.6020 -0.5867
v 0.5317 0.5960 -0.6021
v 0.4523 0.5918 -0.6831
v 0.4103 0.6902 -0.5423
v 0.4173 0.6935 -0.5195
v 0.4233 0.6949 -0.4898
v 0.4273 0.6918 -0.4911
v 0.3970 0.7897 -0.0721
v 0.3931 0.8161 -0.1330
v 0.4044 0.7764 -0.0641
v 0.4078 0.7970 -0.2761
v 0.4085 0.7946 -0.2136
v 0.4327 0.7360 -0.3426
v 0.4359 0.7116 -0.3817
v 0.4284 0.7148 -0.3857
v 0.2405 0.5571 1.4353
v 0.2622 0.6981 -0.9370
v 0.2426 0.7024 -0.9134
v 0.0609 0.2019 -2.8564
v 0.0505 0.2076 -2.8606
v 0.0800 0.2039 -2.8469
v 0.3532 0.5508 -0.8005
v 0.3318 0.5347 -0.8058
v 0.3211 0.5318 -0.8350
v 0.3351 0.5569 -0.8167
v 0.4151 0.5278 0.8690
v 0.4650 0.5274 0.7612
v 0.3852 0.5290 0.9380
v 0.4157 0.5010 0.9621
v 0.5834 0.5753 0.3196
v 0.5065 0.5711 0.4667
v 0.5992 0.5772 0.2818
v 0.5490 0.5780 0.3521
v 0.5270 0.6210 -0.4591
v 0.6181 0.6105 -0.3889
v 0.4902 0.6229 -0.5117
v 0.5732 0.6028 0.0753
v 0.6627 0.6000 -0.1227
v 0.5061 0.6124 0.1221
v 0.6283 0.6087 -0.1986
v 0.4723 0.6188 -0.5645
v 0.3395 0.5901 -0.7914
v 0.3511 0.5746 -0.7944
v 0.4535 0.6309 -0.5266
v 0.4778 0.6274 -0.4990
v 0.5384 0.6228 -0.3992
v 0.5008 0.6316 -0.2950
v 0.5153 0.6259 -0.2154
v 0.5897 0.6169 -0.2900
v 0.5328 0.5966 0.2235
v 0.5168 0.6216 -0.0330
v 0.2774 0.5268 1.2802
v 0.2951 0.5256 1.2109
v 0.2776 0.4992 1.2882
v 0.3075 0.5222 1.1729
v 0.3519 0.5286 1.0270
v 0.4804 0.6325 -0.4274
v 0.4665 0.6302 -0.5012
v 0.5015 0.6271 -0.4180
v 0.4574 0.6335 -0.5079
v 0.4491 0.5808 0.5070
v 0.4789 0.5754 0.4801
v 0.4840 0.6117 0.2202
v 0.3702 0.5414 0.9259
v 0.4274 0.5812 -0.7225
v 0.3735 0.5788 -0.7710
v 0.3999 0.5588 -0.7659
v 0.3445 0.5413 -0.7913
v 0.3845 0.6404 -0.6566
v 0.3974 0.6750 -0.5957
v 0.3642 0.6494 -0.7026
v 0.4307 0.6844 -0.4977
v 0.4297 0.7517 -0.2617
v 0.4209 0.7600 -0.3377
v 0.4548 0.7082 -0.2344
v 0.4419 0.7119 -0.3640
v 0.4427 0.7205 -0.3287
v 0.4480 0.6743 -0.4434
v 0.4422 0.6985 -0.3981
v 0.4582 0.6026 0.3619
v 0.4313 0.6552 0.2192
v 0.4281 0.5936 0.4998
v 0.3589 0.6198 0.6497
v 0.2186 0.7037 -0.7815
v 0.2344 0.7034 -0.6639
v 0.1920 0.7031 -0.7779
v 0.2195 0.7023 -0.6927
v 0.2376 0.7023 -0.6426
v 0.2663 0.7023 -0.5657
v 0.2787 0.7034 -0.5444
v 0.2744 0.4240 -0.9702
v 0.2837 0.4922 -0.9455
v 0.2824 0.5494 -0.9461
v 0.2856 0.5362 -0.9389
v 0.3001 0.5258 -0.8965
v 0.3165 0.5507 -0.8477
v 0.3043 0.5801 -0.8782
v 0.2699 0.3986 -0.9827
v 0.2674 0.4316 -0.9909
v 0.2676 0.4438 -0.9896
v 0.2888 0.5090 -0.9313
v 0.2891 0.4945 -0.9309
v 0.3094 0.3738 -0.8699
v 0.3147 0.3674 -0.8537
v 0.3185 0.3682 -0.8425
v 0.3109 0.4852 -0.8657
v 0.3015 0.4791 -0.8940
v 0.3146 0.4570 -0.8552
v 0.3250 0.7274 0.4582
v 0.3351 0.6862 0.5337
v 0.2537 0.6875 0.8924
v 0.3734 0.7414 0.2013
v 0.3813 0.7586 0.1160
v 0.2779 0.7314 0.6082
v 0.2566 0.6593 0.9633
v 0.2972 0.7602 0.3607
v 0.2110 0.6924 1.0307
v 0.2185 0.6607 1.1403
v 0.4321 0.7010 0.0434
v 0.3967 0.6689 0.3143
v 0.4083 0.6618 0.2892
v 0.1449 0.7108 1.0468
v 0.1667 0.6636 1.3095
v 0.1820 0.6587 1.2915
v 0.1866 0.6480 1.3435
v 0.1810 0.7316 0.8428
v 0.2247 0.7398 0.6751
v 0.2359 0.7466 0.5896
v 0.3846 0.7798 0.0206
v 0.4017 0.7448 0.0562
v 0.3469 0.6719 0.5232
v 0.3104 0.6187 0.8457
v 0.4624 0.6531 0.0886
v 0.4832 0.6382 0.0544
v 0.2418 0.6378 1.1115
v 0.2450 0.6525 1.0438
v 0.2216 0.5758 1.4869
v 0.0706 0.2196 -2.8490
v 0.3575 0.4838 1.1213
v 0.3298 0.4188 1.2666
v 0.3200 0.5057 1.1644
v 0.2838 0.4676 1.2968
v 0.2927 0.4667 1.2784
v 0.4489 0.4250 1.0599
v 0.4177 0.4346 1.0982
v 0.4373 0.6980 -0.4242
v 0.4688 0.6455 -0.4206
v 0.4584 0.6531 -0.4501
v 0.3810 0.7783 -0.3530
v 0.4027 0.7483 -0.3597
v 0.4075 0.7719 -0.3398
v 0.3501 0.7387 -0.3681
v 0.2521 0.5032 1.3671
v 0.2570 0.5126 1.3703
v 0.2634 0.5098 1.3353
v 0.2613 0.4971 1.3371
v 0.2054 0.4818 1.4772
v 0.2348 0.4563 1.4109
v 0.2244 0.4861 1.4314
v 0.1726 0.4536 1.5538
v 0.1783 0.4231 1.5531
v 0.2260 0.3867 1.4924
v 0.2637 0.3149 1.4500
v 0.2680 0.3028 1.4412
v 0.2474 0.3386 1.4863
v 0.2149 0.3528 1.5513
v 0.2274 0.3297 1.5508
v 0.2425 0.2896 1.5502
v 0.3148 0.5579 1.0514
v 0.2730 0.5586 1.2244
v 0.2816 0.6014 1.0307
v 0.2014 0.6122 1.4466
v 0.1621 0.6404 1.4532
v 0.1950 0.5933 1.5548
v 0.2145 0.5664 1.5548
v 0.1412 0.6564 1.3968
v 0.1490 0.6524 1.4156
v 0.1881 0.3996 1.5525
v 0.1966 0.3840 1.5521
v 0.2057 0.3684 1.5517
v 0.2677 0.3907 1.4085
v 0.0273 0.1724 -2.7669
v 0.0561 0.1754 -2.7524
v 0.0261 0.1694 -2.7911
v 0.0000 0.1712 -2.7786
v 0.2382 0.6873 -1.0606
v 0.2425 0.6654 -1.0800
v 0.2239 0.6988 -1.0802
v 0.3845 0.8333 -0.1640
v 0.3334 0.8545 -0.2678
v 0.3701 0.8318 -0.1481
v 0.3879 0.8455 -0.2232
v 0.3672 0.8591 -0.2701
v 0.3437 0.8214 -0.1171
v 0.3323 0.8160 -0.1142
v 0.4020 0.8222 -0.2687
v 0.3996 0.8360 -0.2691
v 0.3977 0.8320 -0.1953
v 0.3953 0.8471 -0.2700
v 0.0815 0.7062 -1.0048
v 0.0412 0.7056 -0.9623
v 0.1033 0.7064 -1.0175
v 0.0484 0.7068 -1.0299
v 0.0427 0.7068 -0.9990
v 0.0344 0.7067 -0.9864
v 0.0380 0.7052 -0.9458
v 0.2140 0.7033 -0.9239
v 0.2020 0.7036 -0.9365
v 0.1600 0.7040 -0.9438
v 0.1051 0.7037 -0.9234
v 0.1297 0.7036 -0.9031
v 0.0408 0.7054 -1.1405
v 0.0072 0.7051 -1.1800
v 0.2223 0.7028 -0.9687
v 0.2243 0.7026 -0.9590
v 0.1819 0.7046 -0.9655
v 0.3076 0.8056 -0.0999
v 0.3046 0.8019 -0.1050
v 0.2720 0.8016 -0.0869
v 0.3317 0.7777 -0.3489
v 0.3269 0.7465 -0.3604
v 0.3211 0.7520 -0.3531
v 0.3446 0.7778 -0.3532
v 0.2958 0.7029 -0.7117
v 0.0836 0.7046 -0.9536
v 0.0831 0.7037 -0.9252
v 0.0441 0.7041 -0.9221
v 0.0314 0.7043 -0.9183
v 0.0250 0.7039 -0.9119
v 0.3048 0.7041 -0.4602
v 0.3088 0.7051 -0.4394
v 0.3154 0.7114 -0.4073
v 0.2966 0.7035 -0.4914
v 0.3140 0.7165 -0.3920
v 0.2867 0.7034 -0.5223
v 0.3006 0.7020 -0.4601
v 0.1998 0.7051 -1.0018
v 0.1892 0.7049 -1.1146
v 0.1552 0.7062 -1.0474
v 0.1499 0.8141 -0.0391
v 0.1084 0.8417 0.0176
v 0.1660 0.8091 -0.0788
v 0.1497 0.8145 -0.0742
v 0.1609 0.8104 -0.0648
v 0.1669 0.8072 -0.0812
v 0.2075 0.8083 -0.0709
v 0.2200 0.8018 -0.0822
v 0.0654 0.7045 -1.1832
v 0.0345 0.7029 -1.2311
v 0.0211 0.7039 -1.2133
v 0.0814 0.8518 0.0408
v 0.0000 0.8603 -0.0566
v -0.0000 0.8605 -0.0374
v -0.0000 0.8604 -0.0144
v -0.0000 0.8603 0.0090
v 0.0468 0.9150 -0.0797
v 0.0428 0.9121 -0.0733
v 0.0291 0.9183 -0.0815
v 0.0646 0.9218 -0.0806
v 0.0996 0.8520 0.0553
v 0.1134 0.8585 0.0683
v 0.1186 0.8442 0.0581
v 0.0613 0.8569 0.0569
v 0.1081 0.8734 0.0653
v 0.0966 0.8964 0.0421
v 0.1141 0.8948 0.0565
v 0.0723 0.8447 -0.0804
v 0.1356 0.8211 -0.0788
v 0.1097 0.9100 0.0113
v 0.1069 0.9157 -0.0656
v -0.0000 1.0832 0.0190
v 0.0000 1.0830 0.1077
v 0.0345 1.0811 -0.0641
v 0.8137 0.3599 -0.2408
v 0.8182 0.4015 -0.2092
v 0.8162 0.4293 -0.1523
v 0.4405 0.4664 -0.5902
v 0.4023 0.5150 -0.6181
v 0.5902 0.4621 -0.4536
v 0.5069 0.4580 -0.5302
v 0.5545 0.4185 -0.4962
v 0.4665 0.4463 -0.5694
v 0.3618 0.4176 -0.6700
v 0.3575 0.5335 -0.6575
v 0.4466 0.5283 -0.5731
v 0.5815 0.5102 -0.4479
v 0.6100 0.4994 -0.4244
v 0.6302 0.4532 -0.4205
v 0.5007 0.3794 -0.5512
v 0.3736 0.3518 -0.6681
v -0.0000 0.2792 -1.4891
v 0.0000 0.2792 -1.4965
v 0.0167 0.2792 -1.4840
v 0.0000 0.2778 -1.5390
v 0.0473 0.2793 -1.4580
v 0.0270 0.2779 -1.4629
v -0.0000 0.2781 -1.4790
v 0.0823 0.2726 -1.2455
v 0.1112 0.2734 -1.1262
v 0.0996 0.2619 -1.1563
v 0.0574 0.2552 -1.3590
v 0.0283 0.7064 -1.1117
v 0.0048 0.7057 -1.1704
v 0.0312 0.7074 -0.9975
v 0.0211 0.7049 -0.9179
v 0.3083 0.3701 1.3480
v 0.2984 0.3455 1.3739
v 0.2950 0.2834 1.3541
v 0.2572 0.4812 1.3499
v 0.2445 0.5080 1.4122
v 0.2233 0.4977 1.4484
v 0.2072 0.5004 1.5548
v 0.1976 0.4957 1.5548
v 0.1802 0.4838 1.5546
v 0.2674 0.2819 1.4529
v 0.2470 0.2661 1.5501
v 0.2592 0.2470 1.5103
v 0.2746 0.2376 1.4548
v 0.3289 0.2992 -0.8074
v 0.3363 0.3289 -0.8057
v 0.3350 0.3441 -0.8094
v 0.3458 0.3463 -0.8006
v 0.3655 0.3508 -0.7863
v 0.6387 0.2518 -0.4692
v 0.6358 0.1881 -0.3591
v 0.5941 0.1876 -0.4108
v 0.5164 0.1859 -0.4702
v 0.5893 0.2059 -0.4419
v 0.5572 0.2895 -0.5969
v 0.6640 0.3530 -0.5545
v 0.5972 0.3496 -0.6079
v 0.6281 0.2708 -0.5079
v 0.6874 0.3030 -0.4900
v 0.3859 0.2412 -0.7059
v 0.3889 0.2221 -0.6669
v 0.3340 0.2571 -0.7773
v 0.1495 0.7035 -0.8808
v 0.1849 0.7037 -0.9373
v 0.1597 0.7027 -0.8531
v -0.3160 0.8059 -0.1569
v 0.3160 0.8059 -0.1569
v -0.0129 0.7079 -0.9199
v -0.0158 0.7117 -0.9420
v -0.0145 0.7070 -0.9249
v -0.0098 0.7151 -0.9077
v -0.0122 0.7092 -0.9183
v -0.3210 0.8369 -0.3632
v -0.3255 0.8427 -0.2662
v -0.4005 0.8037 -0.3279
v -0.3813 0.7960 -0.3593
v -0.4055 0.7757 -0.3415
v -0.3737 0.8797 -0.3608
v -0.3874 0.8552 -0.2707
v -0.1054 0.9538 -0.7493
v -0.1982 0.9514 -0.7146
v -0.1482 0.9499 -0.7727
v -0.1332 0.9513 -0.7260
v -0.1814 0.9387 -0.6816
v -0.1106 0.9545 -0.7678
v -0.0350 0.9516 -0.7559
v -0.0861 0.9343 -0.7270
v -0.0723 0.8960 -0.7389
v -0.0423 0.8974 -0.7439
v -0.0493 0.9147 -0.7332
v 0.0000 0.9293 -0.7371
v 0.0000 0.9462 -0.7485
v -0.0398 0.9377 -0.7390
v -0.1206 0.9276 -0.7103
v -0.1175 0.9100 -0.7111
v -0.1609 0.9020 -0.6883
v -0.1045 0.8946 -0.7254
v -0.1499 0.9327 -0.7955
v -0.1377 0.9409 -0.7981
v -0.2098 0.9146 -0.7400
v -0.0895 0.9381 -0.8400
v -0.0778 0.9222 -0.8490
v 0.0000 0.8933 -0.9482
v 0.0000 0.8724 -0.9768
v -0.0118 0.8865 -0.9572
v 0.0000 0.8243 -1.0332
v -0.0062 0.8095 -1.0448
v -0.0121 0.8582 -0.9863
v -0.0175 0.8533 -0.9791
v -0.0675 0.9371 -0.8522
v -0.0525 0.9484 -0.8362
v 0.0000 0.9452 -0.8450
v -0.0199 0.9314 -0.8785
v -0.0669 0.9548 -0.7984
v 0.0000 0.9557 -0.7801
v -0.3459 0.8933 -0.4205
v -0.3798 0.8838 -0.4297
v -0.3285 0.8672 -0.3502
v -0.3270 0.8939 -0.4510
v -0.3559 0.9021 -0.4738
v -0.3924 0.8391 -0.3811
v -0.3948 0.8538 -0.3365
v -0.3883 0.8574 -0.4203
v -0.3743 0.8761 -0.4861
v -0.3572 0.8804 -0.5459
v -0.3748 0.8483 -0.4625
v -0.4027 0.8051 -0.2977
v -0.3774 0.8175 -0.3861
v -0.3916 0.8228 -0.3696
v -0.3620 0.8596 -0.5094
v -0.3562 0.8475 -0.4985
v -0.3192 0.8403 -0.4136
v -0.3223 0.8021 -0.3233
v -0.0205 0.8459 -0.9086
v -0.0082 0.8253 -0.9366
v -0.0103 0.8195 -0.9483
v 0.0000 0.8542 -0.8861
v -0.0292 0.8578 -0.9168
v -0.0214 0.8662 -0.9624
v -0.0235 0.8558 -0.9476
v -0.0139 0.8218 -0.9776
v -0.0029 0.8229 -1.0346
v 0.0000 0.7836 -1.0770
v -0.0032 0.7503 -1.1114
v -0.0052 0.7936 -1.0628
v -0.0101 0.7805 -1.0571
v -0.0099 0.8044 -1.0346
v -0.0076 0.7460 -1.1095
v -0.0050 0.7097 -1.1561
v -0.0135 0.7240 -1.1100
v -0.0121 0.7450 -1.0898
v 0.0000 0.7467 -1.1168
v -0.0032 0.7849 -0.9669
v -0.0045 0.7648 -0.9759
v -0.0073 0.7515 -0.9778
v -0.0122 0.7557 -0.9838
v 0.0000 0.8068 -0.9501
v -0.0109 0.7959 -0.9824
v -0.0113 0.8287 -1.0098
v -0.0100 0.8125 -1.0268
v -0.0097 0.7963 -1.0424
v -0.0115 0.7910 -1.0131
v -0.0168 0.7437 -1.0220
v -0.0065 0.7333 -0.9239
v -0.0086 0.7332 -0.9310
v -0.0083 0.7277 -0.9107
v -0.0022 0.7320 -0.9077
v 0.0000 0.7331 -0.9148
v 0.0000 0.7360 -0.9331
v -0.0039 0.7422 -0.9605
v -0.0095 0.7388 -0.9530
v -0.0049 0.7363 -0.9369
v 0.0000 0.7474 -0.9732
v -0.0116 0.7344 -0.9466
v -0.0205 0.7213 -0.9869
v -0.0136 0.7207 -0.9343
v -0.0095 0.7234 -0.9108
v -0.0065 0.7294 -0.9077
v -0.0162 0.7359 -1.0615
v -0.0143 0.7145 -1.1195
v -0.0162 0.7265 -1.0808
v -0.0233 0.7107 -1.0162
v -0.0234 0.7106 -1.0043
v -0.0765 0.8947 -0.7794
v -0.1037 0.9134 -0.8153
v -0.0761 0.8919 -0.7625
v -0.0657 0.8965 -0.8280
v -0.0525 0.8841 -0.8271
v -0.0540 0.8863 -0.7904
v -0.0485 0.8889 -0.7597
v 0.0000 0.9020 -0.7439
v -0.0266 0.8802 -0.7973
v -0.0317 0.9139 -0.9087
v -0.0402 0.9118 -0.9041
v 0.0000 0.9239 -0.8950
v 0.0000 0.9050 -0.9297
v -0.0510 0.9059 -0.8959
v -0.0332 0.8737 -0.8386
v -0.0287 0.8615 -0.8780
v -0.0105 0.8635 -0.8669
v -0.0432 0.8748 -0.8579
v 0.0000 0.8776 -0.8100
v -0.0751 0.9101 -0.8438
v -0.0464 0.8905 -0.8951
v -0.0389 0.8972 -0.9149
v -0.2302 0.8869 -0.6342
v -0.2438 0.8808 -0.6209
v -0.2248 0.8845 -0.6625
v -0.1968 0.8902 -0.6943
v -0.1743 0.8923 -0.7104
v -0.2710 0.8743 -0.6176
v -0.2645 0.8836 -0.6512
v -0.2937 0.8613 -0.5661
v -0.3035 0.8537 -0.5364
v -0.2656 0.8759 -0.5832
v -0.3025 0.8583 -0.4855
v -0.3037 0.8514 -0.5036
v -0.3295 0.8283 -0.4230
v -0.3392 0.8468 -0.5059
v -0.3270 0.9225 -0.5603
v -0.3648 0.8985 -0.5003
v -0.2617 0.9394 -0.6319
v -0.2702 0.9394 -0.6601
v -0.2754 0.9289 -0.5958
v -0.2120 0.9065 -0.6473
v -0.2118 0.9223 -0.6494
v -0.2616 0.9155 -0.5891
v -0.2778 0.8790 -0.5480
v -0.3121 0.8693 -0.4475
v -0.2862 0.8962 -0.5343
v -0.2418 0.9365 -0.7045
v -0.3071 0.9261 -0.6286
v -0.2379 0.9095 -0.7135
v -0.2890 0.8967 -0.6574
v -0.2825 0.9120 -0.6732
v -0.3335 0.9071 -0.5963
v -0.3303 0.8803 -0.5924
v -0.3533 0.8664 -0.5376
v -0.1770 0.9084 -0.7561
v -0.1657 0.9204 -0.7794
v -0.1469 0.8956 -0.7346
v -0.0188 0.7088 -0.9572
v -0.0163 0.7087 -0.9385
v -0.0221 0.7096 -0.9840
v -0.1729 0.8905 -0.6933
v -0.3207 0.8846 -0.6093
v -0.3360 0.8608 -0.5533
v -0.2197 0.8991 -0.7120
v -0.2713 0.8944 -0.6718
v -0.3138 0.8762 -0.6070
v -0.2767 0.9001 -0.6718
v -0.3405 0.8150 -0.3803
v -0.3293 0.7977 -0.3471
v -0.3330 0.8052 -0.3573
v -0.3464 0.7954 -0.3578
v -0.3303 0.7769 -0.3472
v -0.0179 0.7369 -0.9872
v -0.0221 0.7150 -0.9971
v -0.0169 0.7372 -0.9763
v -0.0121 0.7503 -0.9812
v -0.0073 0.7456 -0.9721
v -0.0155 0.7368 -0.9682
v 0.0000 0.7595 -0.9747
v -0.0167 0.7078 -1.1283
v -0.0178 0.7097 -1.1020
v -0.0221 0.7103 -0.9879
v -0.0256 0.7088 -1.0071
v -0.0115 0.7051 -0.9088
v -0.0100 0.7064 -0.9083
v -0.0140 0.7042 -0.9095
v -0.0089 0.7053 -0.9078
v -0.0317 0.7070 -1.0701
v -0.0215 0.7077 -1.0940
v -0.0211 0.7093 -1.0669
v -0.0074 0.7072 -1.1588
v -0.0133 0.7058 -1.1598
v -0.0157 0.7087 -1.1263
v 0.0000 0.7073 -1.1629
v 0.0000 0.7064 -1.1662
v -0.0187 0.7067 -1.1316
v -0.0234 0.7093 -0.9951
v -0.0164 0.7063 -0.9274
v -0.0201 0.7071 -0.9522
v -0.0240 0.7079 -0.9807
v -0.0226 0.7050 -0.9215
v 0.0000 0.7081 -1.1610
v -0.0097 0.7094 -1.1485
v 0.0000 0.7111 -1.1569
v 0.0133 0.7084 -0.9231
v 0.0097 0.7071 -0.9077
v 0.0127 0.7168 -0.9254
v 0.3223 0.8021 -0.3233
v 0.3236 0.8406 -0.2658
v 0.3217 0.8544 -0.3755
v 0.4027 0.8051 -0.2977
v 0.4055 0.7757 -0.3415
v 0.3897 0.7993 -0.3524
v 0.3810 0.7783 -0.3530
v 0.3739 0.8583 -0.2704
v 0.3820 0.8764 -0.3744
v 0.3974 0.8415 -0.2696
v 0.0953 0.9448 -0.7327
v 0.0806 0.9498 -0.7457
v 0.2049 0.9513 -0.7180
v 0.0489 0.9294 -0.7343
v 0.0633 0.8997 -0.7374
v 0.0613 0.8950 -0.7449
v 0.0000 0.9074 -0.7401
v 0.0000 0.9357 -0.7391
v 0.1054 0.9293 -0.7171
v 0.1484 0.9218 -0.6941
v 0.1651 0.9122 -0.6841
v 0.1566 0.8941 -0.6971
v 0.0991 0.8982 -0.7243
v 0.0796 0.9131 -0.7254
v 0.1147 0.9341 -0.8257
v 0.1550 0.9438 -0.7812
v 0.1204 0.9237 -0.8188
v 0.2084 0.9396 -0.7334
v 0.0075 0.8299 -1.0216
v 0.0058 0.8519 -1.0012
v 0.0226 0.9031 -0.9298
v 0.0113 0.8246 -1.0137
v 0.0517 0.9473 -0.8397
v 0.0778 0.9222 -0.8490
v 0.0766 0.9508 -0.8174
v 0.0000 0.9537 -0.8030
v 0.0000 0.9417 -0.8568
v 0.0463 0.9554 -0.7973
v 0.0563 0.9525 -0.7560
v 0.0000 0.9528 -0.7627
v 0.3646 0.8801 -0.3545
v 0.3320 0.8715 -0.3469
v 0.3221 0.8780 -0.4188
v 0.3946 0.8413 -0.3686
v 0.3887 0.8680 -0.4188
v 0.3706 0.8726 -0.5019
v 0.3748 0.8483 -0.4625
v 0.3754 0.8290 -0.4210
v 0.3771 0.8023 -0.3642
v 0.3961 0.8132 -0.3488
v 0.3223 0.8417 -0.4877
v 0.3326 0.8146 -0.3769
v 0.3233 0.8302 -0.3689
v 0.3225 0.8339 -0.4265
v 0.3176 0.8696 -0.4234
v 0.0211 0.8524 -0.8949
v 0.0000 0.8457 -0.9037
v 0.0069 0.8246 -0.9368
v 0.0000 0.8105 -0.9480
v 0.0235 0.8558 -0.9476
v 0.0214 0.8662 -0.9624
v 0.0124 0.8211 -0.9513
v 0.0000 0.8408 -1.0150
v 0.0000 0.7996 -1.0601
v 0.0047 0.8194 -1.0370
v 0.0086 0.7668 -1.0823
v 0.0101 0.7805 -1.0571
v 0.0090 0.7165 -1.1401
v 0.0032 0.7503 -1.1114
v 0.0050 0.7097 -1.1561
v 0.0138 0.7199 -1.1140
v 0.0132 0.7281 -1.1060
v 0.0125 0.7387 -1.0958
v 0.0032 0.7849 -0.9669
v 0.0096 0.8193 -0.9481
v 0.0101 0.7646 -0.9794
v 0.0115 0.8065 -0.9701
v 0.0100 0.7805 -0.9796
v 0.0040 0.7545 -0.9765
v 0.0000 0.7753 -0.9700
v 0.0112 0.7884 -1.0182
v 0.0113 0.8287 -1.0098
v 0.0100 0.8125 -1.0268
v 0.0097 0.7963 -1.0424
v 0.0048 0.7355 -0.9331
v 0.0024 0.7329 -0.9147
v 0.0065 0.7330 -0.9228
v 0.0065 0.7294 -0.9077
v 0.0022 0.7320 -0.9077
v 0.0078 0.7460 -0.9748
v 0.0033 0.7383 -0.9448
v 0.0117 0.7394 -0.9598
v 0.0180 0.7251 -0.9690
v 0.0111 0.7198 -0.9176
v 0.0102 0.7092 -0.9077
v 0.0094 0.7202 -0.9077
v 0.0090 0.7297 -0.9209
v 0.0176 0.7134 -1.0920
v 0.0119 0.7486 -1.0866
v 0.0162 0.7359 -1.0615
v 0.0159 0.7470 -1.0343
v 0.0193 0.7316 -0.9915
v 0.0695 0.8912 -0.7669
v 0.0824 0.9046 -0.8143
v 0.1080 0.8931 -0.7434
v 0.1218 0.9018 -0.7685
v 0.0472 0.8885 -0.7604
v 0.0494 0.8834 -0.8068
v 0.0259 0.8799 -0.7988
v 0.0000 0.8872 -0.7662
v 0.0639 0.9346 -0.8583
v 0.0000 0.9316 -0.8791
v 0.0269 0.8802 -0.9430
v 0.0238 0.8715 -0.8434
v 0.0628 0.8916 -0.8117
v 0.0392 0.8704 -0.8671
v 0.0000 0.8659 -0.8604
v 0.0533 0.8955 -0.8814
v 0.0562 0.9105 -0.8867
v 0.0389 0.8972 -0.9149
v 0.2072 0.8867 -0.6652
v 0.1941 0.8887 -0.6888
v 0.2156 0.8870 -0.6538
v 0.2406 0.8813 -0.6268
v 0.2639 0.8764 -0.6266
v 0.2645 0.8836 -0.6512
v 0.2654 0.8731 -0.5884
v 0.2823 0.8676 -0.5491
v 0.2997 0.8580 -0.4996
v 0.3084 0.8467 -0.4876
v 0.3430 0.8264 -0.4230
v 0.2922 0.8621 -0.5694
v 0.3296 0.9018 -0.4724
v 0.3460 0.9124 -0.5187
v 0.2911 0.9088 -0.5405
v 0.3106 0.9218 -0.5514
v 0.3306 0.9152 -0.5975
v 0.3670 0.8968 -0.4879
v 0.2795 0.9392 -0.6258
v 0.2071 0.9437 -0.6720
v 0.2402 0.9320 -0.6307
v 0.2445 0.9483 -0.6733
v 0.2641 0.9411 -0.6653
v 0.2130 0.9149 -0.6469
v 0.2025 0.9275 -0.6596
v 0.2443 0.9076 -0.6098
v 0.2647 0.8944 -0.5776
v 0.2934 0.8836 -0.5103
v 0.2581 0.9294 -0.6927
v 0.2785 0.9192 -0.6759
v 0.3078 0.9051 -0.6391
v 0.3478 0.8980 -0.5718
v 0.2890 0.8967 -0.6574
v 0.3533 0.8664 -0.5376
v 0.1463 0.9127 -0.7833
v 0.2117 0.8988 -0.7152
v 0.2767 0.9001 -0.6718
v 0.1657 0.9204 -0.7794
v 0.0161 0.7091 -0.9396
v 0.0160 0.7081 -0.9372
v 0.0182 0.7086 -0.9520
v 0.0220 0.7116 -0.9916
v 0.1548 0.8925 -0.7011
v 0.1623 0.8927 -0.7166
v 0.3228 0.8706 -0.5887
v 0.3207 0.8846 -0.6093
v 0.3450 0.8481 -0.5086
v 0.3620 0.8596 -0.5094
v 0.2549 0.8984 -0.6892
v 0.2879 0.8849 -0.6445
v 0.3366 0.8019 -0.3581
v 0.3293 0.7977 -0.3471
v 0.3303 0.7769 -0.3472
v 0.0214 0.7182 -1.0083
v 0.0148 0.7454 -0.9823
v 0.0145 0.7391 -0.9674
v 0.0122 0.7434 -0.9739
v 0.0154 0.7405 -0.9769
v 0.0000 0.7509 -0.9753
v 0.0000 0.7461 -0.9717
v 0.0216 0.7091 -1.0667
v 0.0143 0.7145 -1.1195
v 0.0223 0.7106 -1.0357
v 0.0232 0.7111 -1.0039
v 0.0238 0.7101 -1.0040
v 0.0228 0.7105 -0.9949
v 0.0115 0.7051 -0.9088
v 0.0097 0.7061 -0.9083
v 0.0116 0.7062 -0.9114
v 0.0140 0.7042 -0.9095
v 0.0087 0.7043 -0.9078
v 0.0083 0.7057 -0.9077
v 0.0191 0.7079 -1.1040
v 0.0299 0.7066 -1.0971
v 0.0248 0.7083 -1.0502
v 0.0159 0.7086 -1.1267
v 0.0165 0.7058 -1.1548
v 0.0101 0.7058 -1.1648
v 0.0074 0.7072 -1.1588
v 0.0048 0.7057 -1.1704
v 0.0187 0.7067 -1.1316
v 0.0260 0.7084 -0.9991
v 0.0335 0.7074 -1.0291
v 0.0265 0.7085 -1.0087
v 0.0325 0.7075 -1.0034
v 0.0226 0.7050 -0.9215
v 0.0151 0.7061 -0.9208
v 0.0273 0.7058 -0.9482
v 0.0191 0.7071 -0.9482
v 0.0292 0.7073 -0.9880
v 0.0094 0.7092 -1.1495
v 0.0000 0.7092 -1.1593
v 0.0157 0.7087 -1.1263
v 0.0147 0.7112 -1.1229
v -0.2469 0.5485 -1.0987
v 0.0000 0.2009 -2.8617
v 0.2469 0.5485 -1.0987
v 0.0000 0.2226 -2.8503
v 0.1628 0.6142 1.5548
v 0.3679 0.7781 -0.3542
v 0.0702 0.7058 -0.9828
v 0.0338 0.7075 -1.0317
v -0.3996 0.8360 -0.2691
v 0.0100 0.7078 -0.9077
v -0.0833 0.8887 -0.0479
v -0.0905 0.8618 -0.0483
v -0.0936 0.8623 -0.0505
v -0.0999 0.8371 -0.0510
v -0.1074 0.8133 -0.0489
v -0.1088 0.8133 -0.0540
v -0.0886 0.8975 -0.0342
v -0.1149 0.8374 -0.0255
v -0.0800 0.9170 -0.0058
v -0.0796 0.9187 -0.0343
v -0.0898 0.8897 -0.0434
v -0.0917 0.8897 -0.0368
v -0.1087 0.8584 0.0073
v -0.1029 0.8685 0.0001
v -0.0980 0.8803 0.0184
v -0.1289 0.8133 -0.0108
v -0.1161 0.8372 -0.0157
v -0.1269 0.8133 -0.0199
v -0.1111 0.8501 -0.0094
v -0.0913 0.8848 0.0149
v -0.0820 0.9061 0.0216
v -0.1182 0.8133 -0.0161
v -0.1109 0.8366 -0.0044
v -0.0699 0.9302 0.0219
v -0.0924 0.8862 0.0209
v -0.1060 0.8605 0.0175
v -0.1172 0.8368 0.0105
v -0.1105 0.8133 -0.0338
v -0.0753 0.9014 -0.0142
v -0.1001 0.8487 -0.0157
v -0.0747 0.8947 -0.0340
v -0.0671 0.9151 -0.0240
v -0.0876 0.8807 -0.0055
v -0.0935 0.8863 0.0237
v -0.0804 0.9151 0.0232
v -0.1213 0.8367 0.0128
v -0.0383 0.9976 0.0236
v -0.0564 0.9527 0.0090
v -0.0298 1.0068 -0.0003
v -0.0470 0.9797 0.0259
v -0.0268 1.0190 -0.0437
v -0.0137 1.0564 -0.0425
v -0.0102 1.0554 -0.0437
v -0.0175 1.0549 -0.0056
v -0.0576 0.9649 0.0055
v -0.0348 1.0199 -0.0228
v -0.0601 0.9624 -0.0123
v -0.0549 0.9463 -0.0132
v -0.0233 1.0158 -0.0123
v -0.0726 0.9305 0.0271
v -0.0728 0.9309 0.0216
v -0.0714 0.9302 0.0272
v -0.0478 0.9798 0.0289
v 0.1029 0.8374 -0.0535
v 0.0936 0.8623 -0.0505
v 0.1153 0.8133 -0.0569
v 0.1098 0.8378 -0.0501
v 0.1187 0.8133 -0.0539
v 0.0782 0.8874 -0.0413
v 0.0683 0.9167 -0.0440
v 0.0802 0.8880 -0.0459
v 0.0887 0.8613 -0.0435
v 0.0905 0.8618 -0.0483
v 0.1074 0.8133 -0.0489
v 0.0999 0.8371 -0.0510
v 0.1088 0.8133 -0.0540
v 0.1117 0.8133 -0.0568
v 0.0990 0.8751 -0.0101
v 0.1067 0.8613 0.0054
v 0.1121 0.8377 -0.0438
v 0.1122 0.8481 -0.0047
v 0.0924 0.8862 0.0209
v 0.0909 0.8863 0.0161
v 0.1193 0.8249 -0.0011
v 0.1005 0.8606 0.0028
v 0.0905 0.8608 -0.0281
v 0.0765 0.9007 -0.0105
v 0.0733 0.9009 -0.0249
v 0.0691 0.9149 -0.0144
v 0.1053 0.8310 -0.0247
v 0.1206 0.8365 0.0162
v 0.1081 0.8606 0.0210
v 0.1073 0.8605 0.0202
v 0.1198 0.8365 0.0149
v 0.1060 0.8605 0.0175
v 0.0935 0.8863 0.0237
v 0.0875 0.9008 0.0234
v 0.1010 0.8740 0.0133
v 0.0589 0.9461 0.0056
v 0.0714 0.9148 -0.0048
v 0.0559 0.9463 -0.0083
v 0.0343 0.9979 0.0019
v 0.0879 0.8747 -0.0131
v 0.0662 0.9159 -0.0395
v 0.0547 0.9483 -0.0429
v 0.0653 0.9473 0.0132
v 0.0329 1.0160 0.0261
v 0.0727 0.9321 0.0043
v 0.0612 0.9551 0.0239
v 0.0652 0.9465 0.0249
v 0.0658 0.9506 -0.0327
v 0.0348 1.0199 -0.0228
v 0.0480 0.9892 -0.0128
v 0.0802 0.9177 -0.0157
v 0.0418 1.0001 0.0015
v 0.0378 0.9804 -0.0222
v 0.0369 0.9808 -0.0310
v 0.0321 1.0155 0.0302
v 0.0478 0.9798 0.0289
v 0.0485 0.9799 0.0299
v 0.0781 0.9145 0.0235
v 0.0155 1.0519 0.0303
v 0.0314 1.0154 0.0292
v 0.0160 1.0521 0.0292
v 0.0326 1.0157 0.0292
v -0.0694 0.9427 -0.0245
v -0.1018 0.8606 0.0066
v -0.1293 0.8133 0.0050
v -0.1168 0.8365 0.0091
v -0.1260 0.8133 -0.0009
v -0.1007 0.8367 -0.0308
v -0.0970 0.8487 -0.0249
v -0.1073 0.8605 0.0202
v -0.0284 1.0155 0.0147
v -0.0751 0.9183 -0.0449
v -0.0780 0.9188 -0.0410
v -0.0643 0.9506 -0.0395
v -0.0303 1.0199 -0.0425
v -0.0653 0.9473 0.0132
v -0.0329 1.0160 0.0261
v -0.0506 0.9847 -0.0319
v -0.0314 1.0154 0.0292
v -0.0321 1.0155 0.0302
v -0.0148 1.0518 0.0293
v -0.0155 1.0519 0.0303
v 0.1161 0.8372 -0.0157
v 0.1003 0.8630 -0.0465
v 0.1234 0.8133 -0.0394
v 0.1214 0.8133 -0.0478
v 0.1250 0.8251 -0.0008
v 0.1213 0.8367 0.0128
v 0.0803 0.9154 0.0182
v 0.1289 0.8133 -0.0108
v 0.1269 0.8133 -0.0199
v 0.1155 0.8365 0.0060
v 0.0868 0.8864 0.0020
v 0.0433 0.9800 0.0063
v 0.0593 0.9310 -0.0299
v 0.0525 0.9474 -0.0385
v 0.0716 0.9176 -0.0458
v 0.0580 0.9493 -0.0446
v 0.0615 0.9501 -0.0435
v 0.0268 1.0190 -0.0437
v 0.0102 1.0554 -0.0437
v 0.0137 1.0564 -0.0425
v 0.0501 0.9826 -0.0033
v 0.0339 1.0183 -0.0030
v 0.0335 1.0175 0.0063
v 0.0656 0.9486 -0.0041
v 0.0549 0.9463 -0.0132
v 0.0253 1.0157 -0.0025
v 0.0148 1.0518 0.0293
f 1 47 2
f 3 2 47
f 47 48 3
f 5 3 48
f 48 4 5
f 4 6 5
f 7 5 6
f 6 49 7
f 49 8 7
f 9 7 8
f 11 9 8
f 8 10 11
f 14 13 12
f 12 1 14
f 2 14 1
f 15 25 24
f 15 27 25
f 15 28 27
f 28 15 16
f 16 29 28
f 16 17 29
f 16 19 17
f 19 16 18
f 18 20 19
f 18 22 21
f 18 23 22
f 23 18 15
f 15 24 23
f 34 19 20
f 36 18 21
f 18 35 34
f 37 21 22
f 24 30 37
f 39 38 30
f 30 31 40
f 40 39 30
f 31 27 40
f 27 32 41
f 41 40 27
f 32 33 42
f 42 41 32
f 33 17 42
f 43 42 17
f 17 34 43
f 44 43 34
f 35 44 34
f 36 21 45
f 21 37 45
f 46 45 37
f 46 37 30
f 30 38 46
f 13 50 12
f 25 31 30
f 33 28 29
f 19 34 17
f 20 18 34
f 23 24 37
f 27 28 32
f 25 26 31
f 27 31 26
f 26 25 27
f 33 32 28
f 17 33 29
f 22 23 37
f 24 25 30
f 50 11 10
f 50 10 51
f 10 8 51
f 52 51 8
f 8 49 52
f 53 52 49
f 49 6 53
f 54 53 6
f 6 4 54
f 55 54 4
f 4 48 55
f 56 55 48
f 57 56 48
f 48 47 57
f 47 1 57
f 58 57 1
f 59 58 1
f 1 12 59
f 60 59 12
f 61 60 12
f 12 50 61
f 62 63 64
f 64 65 62
f 66 67 68
f 68 69 66
f 71 370 70
f 72 70 73
f 70 72 71
f 131 360 75
f 360 131 74
f 130 402 72
f 79 667 78
f 76 79 77
f 82 381 81
f 83 81 381
f 81 83 84
f 81 84 80
f 88 85 87
f 127 88 87
f 127 86 88
f 90 89 91
f 91 88 90
f 86 90 88
f 92 155 93
f 155 94 93
f 97 93 94
f 92 95 96
f 95 92 93
f 94 98 97
f 99 96 95
f 99 95 93
f 93 97 99
f 100 118 167
f 118 499 167
f 101 106 102
f 101 102 104
f 104 167 101
f 167 104 100
f 108 106 105
f 105 107 108
f 109 110 103
f 101 105 106
f 114 115 787
f 116 726 114
f 114 787 116
f 112 114 726
f 726 113 112
f 111 114 112
f 117 787 778
f 778 787 774
f 117 116 787
f 498 123 122
f 498 122 120
f 124 121 123
f 121 122 123
f 122 125 111
f 125 122 121
f 122 112 113
f 122 111 112
f 113 456 122
f 127 126 400
f 127 87 126
f 128 130 72
f 128 72 129
f 73 129 72
f 75 574 131
f 129 73 502
f 128 410 130
f 488 485 132
f 485 151 132
f 134 135 132
f 132 135 136
f 137 465 138
f 138 139 137
f 139 140 143
f 143 137 139
f 140 141 142
f 142 143 140
f 142 145 143
f 141 146 145
f 145 142 141
f 146 147 145
f 148 145 147
f 149 483 150
f 483 149 144
f 151 144 152
f 144 151 133
f 149 152 144
f 152 149 150
f 153 134 132
f 153 132 151
f 151 152 153
f 154 155 92
f 92 96 154
f 157 154 96
f 159 163 158
f 515 159 158
f 107 105 162
f 107 162 160
f 159 161 163
f 105 101 162
f 101 164 162
f 161 165 163
f 101 167 169
f 101 169 168
f 165 166 163
f 101 168 164
f 165 170 166
f 172 396 171
f 396 172 173
f 396 174 216
f 218 171 396
f 396 175 218
f 396 216 175
f 177 176 298
f 176 177 299
f 658 179 281
f 183 180 181
f 182 391 395
f 398 182 395
f 182 398 184
f 182 184 183
f 183 181 182
f 185 186 567
f 185 187 186
f 186 188 567
f 563 188 386
f 191 193 249
f 191 249 190
f 208 192 191
f 192 193 191
f 249 195 198
f 195 249 193
f 194 473 197
f 473 196 197
f 196 343 197
f 202 199 200
f 200 199 407
f 199 202 201
f 201 202 755
f 202 203 755
f 755 203 204
f 205 157 525
f 207 208 191
f 207 191 206
f 427 209 210
f 427 629 209
f 199 209 407
f 629 407 209
f 211 209 199
f 773 212 211
f 209 211 212
f 212 210 209
f 214 181 180
f 180 213 214
f 391 214 215
f 391 182 214
f 214 182 181
f 174 597 216
f 175 217 218
f 175 216 217
f 222 219 221
f 220 221 219
f 224 223 225
f 226 225 227
f 224 225 226
f 228 224 226
f 223 224 228
f 229 223 228
f 229 230 223
f 234 231 238
f 232 233 235
f 236 232 235
f 227 232 236
f 225 232 227
f 223 232 225
f 232 472 233
f 237 222 221
f 238 231 237
f 239 241 242
f 185 567 239
f 239 242 185
f 244 243 248
f 252 248 243
f 198 245 249
f 245 198 246
f 246 198 318
f 248 247 532
f 250 249 251
f 251 249 245
f 247 248 252
f 252 243 187
f 191 190 189
f 190 249 189
f 189 249 250
f 247 519 532
f 256 257 254
f 254 257 255
f 258 255 257
f 255 258 253
f 253 258 259
f 253 259 260
f 253 260 255
f 255 260 254
f 254 261 256
f 261 254 260
f 262 264 263
f 263 264 265
f 266 263 265
f 263 266 267
f 262 263 267
f 262 267 268
f 269 262 268
f 262 269 264
f 271 270 272
f 272 270 273
f 272 274 271
f 274 272 275
f 273 275 272
f 275 273 278
f 336 338 271
f 276 271 338
f 271 276 270
f 276 277 270
f 277 273 270
f 273 277 378
f 279 178 280
f 658 280 178
f 280 658 281
f 282 271 274
f 336 271 282
f 286 265 264
f 265 286 285
f 285 286 283
f 283 286 284
f 284 286 287
f 284 287 288
f 283 284 288
f 283 288 289
f 285 283 289
f 266 285 289
f 266 289 267
f 265 285 266
f 542 290 535
f 257 290 542
f 290 257 256
f 256 261 290
f 535 290 261
f 535 261 291
f 292 293 294
f 293 292 295
f 383 79 295
f 295 79 293
f 293 78 294
f 78 293 79
f 298 176 296
f 299 296 176
f 296 299 300
f 300 295 292
f 295 300 383
f 386 301 303
f 304 305 306
f 305 304 307
f 308 307 304
f 307 308 309
f 624 310 622
f 310 311 312
f 311 310 624
f 640 314 307
f 317 315 316
f 317 316 318
f 198 195 319
f 319 320 198
f 198 315 317
f 315 198 320
f 321 322 513
f 323 511 637
f 324 202 200
f 703 417 326
f 599 598 241
f 519 598 330
f 242 598 185
f 241 598 242
f 334 626 616
f 628 367 333
f 335 626 334
f 626 335 613
f 339 657 337
f 336 282 338
f 339 337 340
f 116 117 341
f 745 341 117
f 722 675 725
f 342 343 196
f 196 473 467
f 467 466 196
f 466 342 196
f 616 738 334
f 345 344 188
f 347 348 99
f 553 347 99
f 553 349 347
f 351 350 357
f 138 354 353
f 352 354 351
f 355 354 352
f 358 107 356
f 358 356 160
f 109 350 110
f 358 108 107
f 350 109 357
f 360 361 359
f 362 360 359
f 575 360 98
f 364 363 365
f 363 366 365
f 364 368 363
f 363 368 366
f 367 637 511
f 637 367 468
f 74 361 360
f 89 373 71
f 71 373 370
f 534 371 372
f 371 534 374
f 374 372 371
f 376 377 375
f 377 376 359
f 74 359 361
f 380 381 401
f 381 380 382
f 382 79 383
f 79 382 380
f 379 300 299
f 300 379 279
f 653 279 379
f 178 279 653
f 385 387 388
f 386 384 389
f 389 302 386
f 386 303 384
f 391 215 174
f 215 214 174
f 174 214 390
f 174 390 597
f 392 391 174
f 299 661 379
f 395 391 393
f 393 391 392
f 393 392 174
f 174 396 393
f 394 393 396
f 394 396 395
f 395 393 394
f 396 173 397
f 396 397 398
f 398 395 396
f 410 399 130
f 410 400 126
f 410 126 399
f 399 126 87
f 77 401 652
f 380 77 79
f 77 380 401
f 401 381 82
f 401 82 652
f 130 399 402
f 399 85 402
f 399 87 85
f 88 402 85
f 91 89 403
f 403 89 404
f 404 89 71
f 404 71 72
f 404 72 402
f 403 404 402
f 88 403 402
f 88 91 403
f 405 408 705
f 405 705 732
f 732 406 405
f 406 732 703
f 412 410 409
f 411 409 410
f 650 412 409
f 415 413 414
f 414 413 597
f 418 202 324
f 202 418 203
f 416 326 417
f 326 416 420
f 325 419 417
f 416 417 419
f 633 330 421
f 644 210 462
f 645 644 462
f 462 210 494
f 240 423 424
f 425 495 530
f 530 495 422
f 407 629 631
f 644 427 210
f 429 431 430
f 432 430 431
f 430 432 428
f 433 434 428
f 428 435 430
f 435 428 434
f 430 435 429
f 436 429 435
f 213 438 437
f 440 439 441
f 620 627 440
f 442 443 444
f 442 444 120
f 442 120 454
f 579 446 622
f 620 440 449
f 449 440 450
f 440 441 450
f 447 451 453
f 453 448 447
f 454 122 456
f 454 120 122
f 455 456 113
f 458 457 662
f 663 664 650
f 650 664 459
f 489 442 460
f 442 489 443
f 462 494 464
f 464 461 462
f 461 491 462
f 350 351 465
f 354 138 465
f 465 351 354
f 230 467 473
f 229 467 230
f 467 229 331
f 752 331 229
f 466 467 332
f 331 332 467
f 367 643 468
f 613 369 619
f 367 628 643
f 613 335 369
f 470 477 237
f 231 469 237
f 470 237 469
f 232 471 472
f 469 234 470
f 234 469 231
f 471 232 473
f 471 473 194
f 474 230 473
f 474 473 232
f 232 475 474
f 232 223 475
f 230 475 223
f 475 230 474
f 222 476 219
f 222 477 476
f 222 237 477
f 477 470 476
f 470 478 476
f 479 104 482
f 481 482 104
f 104 103 481
f 110 481 103
f 484 145 481
f 481 110 484
f 145 484 143
f 145 148 481
f 483 144 133
f 483 133 480
f 350 484 110
f 465 137 350
f 484 350 137
f 137 143 484
f 486 487 485
f 485 487 480
f 480 133 485
f 133 151 485
f 497 486 485
f 497 485 488
f 460 452 489
f 478 490 492
f 461 464 491
f 219 476 492
f 478 492 476
f 490 493 492
f 210 212 494
f 219 493 220
f 219 492 493
f 426 207 495
f 207 426 208
f 207 206 495
f 497 488 496
f 132 136 496
f 496 488 132
f 498 120 444
f 497 496 136
f 499 118 119
f 500 118 100
f 118 500 119
f 451 119 500
f 119 451 447
f 447 499 119
f 502 503 501
f 504 666 502
f 503 502 666
f 409 501 503
f 445 623 446
f 505 623 205
f 505 205 506
f 611 506 440
f 510 507 508
f 507 510 421
f 509 423 507
f 423 509 600
f 507 642 508
f 642 507 423
f 312 311 512
f 611 512 311
f 512 513 322
f 513 512 611
f 514 511 323
f 511 640 307
f 640 511 514
f 160 356 107
f 347 515 158
f 515 347 349
f 515 516 160
f 516 515 517
f 344 521 518
f 518 346 344
f 521 243 518
f 244 518 243
f 198 317 318
f 185 520 252
f 598 520 185
f 598 519 520
f 519 247 520
f 252 187 185
f 252 520 247
f 187 522 186
f 187 521 522
f 187 243 521
f 344 522 521
f 522 344 345
f 522 345 188
f 186 522 188
f 163 166 525
f 157 523 525
f 523 157 96
f 163 525 524
f 526 524 96
f 96 527 526
f 524 526 163
f 523 524 525
f 524 523 96
f 527 348 347
f 96 99 527
f 348 527 99
f 527 347 158
f 158 163 527
f 527 163 526
f 525 439 205
f 525 166 439
f 170 439 166
f 439 170 528
f 167 499 529
f 169 529 448
f 529 169 167
f 439 528 441
f 499 447 529
f 447 448 529
f 530 189 531
f 533 189 530
f 330 532 519
f 531 189 250
f 330 633 532
f 422 495 533
f 533 530 422
f 495 206 533
f 206 189 533
f 189 206 191
f 537 538 539
f 538 537 540
f 541 535 536
f 535 541 542
f 535 291 543
f 535 543 544
f 385 545 387
f 544 536 535
f 385 388 545
f 571 580 550
f 551 550 580
f 97 553 99
f 553 97 98
f 553 98 360
f 360 362 553
f 349 553 362
f 297 609 554
f 554 622 310
f 622 554 609
f 314 555 307
f 555 314 313
f 604 555 313
f 557 558 559
f 559 560 557
f 561 557 560
f 560 562 561
f 346 303 301
f 386 556 301
f 188 556 386
f 344 556 188
f 344 301 556
f 301 344 346
f 569 240 239
f 567 188 563
f 564 386 302
f 565 386 564
f 563 386 565
f 567 563 566
f 568 563 565
f 566 563 568
f 569 567 570
f 239 567 569
f 570 567 566
f 570 566 571
f 571 566 568
f 572 571 568
f 156 576 155
f 577 575 98
f 575 75 360
f 75 575 577
f 98 576 577
f 576 98 94
f 94 155 576
f 573 75 577
f 574 75 573
f 573 577 576
f 573 546 548
f 548 574 573
f 576 578 573
f 578 576 156
f 156 579 578
f 547 578 579
f 578 547 549
f 549 573 578
f 573 549 546
f 552 240 569
f 552 569 550
f 550 569 570
f 550 570 571
f 581 571 572
f 582 571 581
f 580 571 582
f 502 73 583
f 502 583 504
f 502 501 129
f 409 129 501
f 129 409 411
f 411 128 129
f 128 411 410
f 585 650 584
f 584 587 127
f 127 400 584
f 412 650 585
f 650 459 586
f 650 586 587
f 650 587 584
f 589 413 457
f 589 457 458
f 588 589 458
f 217 588 458
f 218 217 458
f 216 588 217
f 216 597 588
f 214 213 591
f 591 213 590
f 590 213 437
f 437 414 590
f 592 594 595
f 592 593 594
f 596 287 286
f 287 596 592
f 592 596 593
f 431 593 596
f 593 431 429
f 593 429 436
f 594 593 436
f 595 594 436
f 287 595 436
f 287 436 288
f 595 287 592
f 591 597 214
f 590 597 591
f 597 590 414
f 413 589 597
f 588 597 589
f 390 214 597
f 584 400 410
f 585 584 410
f 410 412 585
f 330 509 507
f 598 509 330
f 507 421 330
f 598 599 600
f 509 598 600
f 424 239 240
f 424 601 239
f 424 423 601
f 423 600 599
f 423 599 241
f 601 423 241
f 239 601 241
f 623 445 602
f 445 157 602
f 602 157 205
f 439 440 506
f 439 506 205
f 623 602 205
f 579 156 155
f 603 155 154
f 446 603 154
f 154 157 446
f 445 446 157
f 446 579 603
f 579 155 603
f 605 606 607
f 607 608 605
f 641 240 552
f 313 641 552
f 550 177 552
f 177 550 551
f 552 177 313
f 177 604 313
f 609 297 546
f 548 546 297
f 609 546 549
f 549 547 609
f 610 609 547
f 547 579 610
f 610 622 609
f 514 642 640
f 508 514 510
f 642 514 508
f 611 623 505
f 611 505 506
f 513 611 321
f 468 645 612
f 644 468 643
f 468 644 645
f 462 468 612
f 468 462 463
f 614 613 619
f 619 460 614
f 442 615 614
f 614 460 442
f 613 614 615
f 454 616 626
f 616 454 456
f 617 456 455
f 618 616 617
f 616 456 617
f 322 321 619
f 321 620 619
f 449 619 620
f 619 449 621
f 621 452 460
f 619 621 460
f 619 369 322
f 622 623 624
f 579 622 610
f 623 622 446
f 611 624 623
f 311 624 611
f 625 626 613
f 613 615 625
f 442 625 615
f 625 442 626
f 626 442 454
f 321 611 627
f 627 611 440
f 321 627 620
f 630 628 333
f 631 628 630
f 631 629 628
f 632 629 427
f 632 427 644
f 634 635 633
f 634 637 468
f 468 463 634
f 463 635 634
f 635 463 638
f 462 638 463
f 638 462 491
f 426 495 636
f 495 639 636
f 639 495 425
f 633 637 634
f 637 633 421
f 641 640 642
f 313 314 640
f 641 642 423
f 240 641 423
f 313 640 641
f 628 632 643
f 628 629 632
f 632 644 643
f 462 612 645
f 637 646 323
f 421 646 637
f 510 646 421
f 646 510 514
f 514 323 646
f 647 327 731
f 647 328 327
f 648 329 710
f 652 409 649
f 409 652 650
f 652 651 77
f 651 652 649
f 654 415 653
f 654 653 379
f 413 415 654
f 657 428 432
f 428 657 656
f 656 657 655
f 655 657 339
f 339 340 655
f 655 340 656
f 656 434 433
f 434 656 340
f 656 433 428
f 437 438 658
f 660 658 438
f 179 658 660
f 659 658 178
f 178 653 659
f 415 659 653
f 659 415 414
f 414 437 659
f 658 659 437
f 413 654 379
f 299 662 661
f 662 299 177
f 661 662 457
f 457 379 661
f 379 457 413
f 652 82 663
f 652 663 650
f 81 663 82
f 81 80 663
f 663 80 665
f 663 665 664
f 503 649 409
f 666 504 667
f 667 79 666
f 76 666 79
f 666 76 503
f 503 76 77
f 651 503 77
f 503 651 649
f 669 722 668
f 671 668 722
f 670 671 672
f 672 673 670
f 668 681 674
f 722 669 675
f 676 669 668
f 669 676 675
f 671 678 679
f 679 672 671
f 677 671 722
f 681 680 720
f 681 679 680
f 683 682 674
f 674 676 668
f 676 674 682
f 674 681 683
f 692 684 685
f 684 692 686
f 687 684 688
f 687 688 689
f 684 686 690
f 684 690 688
f 691 724 685
f 692 685 724
f 686 675 676
f 675 686 692
f 686 676 682
f 686 682 690
f 683 690 682
f 417 689 325
f 689 693 687
f 693 689 694
f 693 685 684
f 685 693 691
f 695 697 696
f 696 698 699
f 698 696 697
f 696 700 695
f 696 699 701
f 696 701 700
f 697 702 329
f 697 329 698
f 698 724 691
f 724 698 329
f 699 691 693
f 691 699 698
f 699 693 694
f 699 694 701
f 689 417 703
f 703 704 689
f 704 703 705
f 705 713 704
f 695 706 711
f 706 695 700
f 695 707 702
f 702 697 695
f 708 709 710
f 707 709 708
f 710 329 708
f 708 329 702
f 708 702 707
f 713 705 408
f 709 712 710
f 408 740 713
f 714 710 712
f 710 714 730
f 740 408 715
f 716 730 714
f 718 717 719
f 679 203 418
f 203 679 718
f 420 416 419
f 720 680 679
f 679 717 718
f 677 722 721
f 725 721 722
f 675 724 723
f 341 726 116
f 675 723 725
f 675 692 724
f 727 723 724
f 729 728 743
f 731 327 736
f 730 327 648
f 730 648 710
f 327 730 736
f 733 703 326
f 406 703 733
f 703 732 705
f 727 327 328
f 328 734 727
f 723 727 734
f 734 725 723
f 727 724 329
f 727 329 648
f 727 648 327
f 737 736 735
f 616 739 738
f 618 739 616
f 735 736 730
f 735 730 737
f 716 737 730
f 741 740 715
f 729 741 728
f 715 728 741
f 405 742 728
f 728 408 405
f 405 743 742
f 743 405 406
f 742 743 728
f 408 728 715
f 354 745 744
f 778 744 117
f 744 778 354
f 745 354 355
f 744 745 117
f 746 332 331
f 204 331 752
f 203 331 204
f 331 203 718
f 331 718 719
f 719 746 331
f 747 748 750
f 749 750 748
f 751 747 752
f 750 752 747
f 226 227 748
f 753 748 227
f 748 753 749
f 754 749 753
f 749 754 750
f 755 750 754
f 755 204 750
f 204 752 750
f 751 752 229
f 229 228 751
f 747 751 228
f 228 226 747
f 748 747 226
f 756 757 758
f 759 758 757
f 201 760 759
f 759 760 758
f 761 756 762
f 758 762 756
f 762 758 763
f 760 763 758
f 233 764 757
f 765 757 764
f 757 765 759
f 766 759 765
f 766 201 759
f 201 755 760
f 760 755 763
f 754 762 755
f 763 755 762
f 753 761 754
f 762 754 761
f 227 236 753
f 761 753 236
f 236 235 761
f 756 761 235
f 235 233 756
f 757 756 233
f 767 768 211
f 769 768 767
f 770 767 211
f 771 769 772
f 767 772 769
f 767 770 772
f 211 768 773
f 211 199 770
f 201 770 199
f 770 201 772
f 772 201 766
f 765 771 766
f 772 766 771
f 765 764 771
f 238 237 771
f 771 237 769
f 237 221 769
f 774 775 776
f 775 777 776
f 774 776 778
f 774 779 141
f 141 140 774
f 775 774 140
f 140 139 775
f 777 775 139
f 139 138 777
f 353 777 138
f 353 776 777
f 776 353 354
f 776 354 778
f 774 780 779
f 781 782 783
f 783 784 781
f 785 781 784
f 784 786 785
f 782 781 115
f 787 115 781
f 781 785 787
f 783 788 797
f 797 148 783
f 784 783 148
f 148 147 784
f 786 784 147
f 147 146 786
f 779 786 146
f 146 141 779
f 780 785 786
f 786 779 780
f 774 787 785
f 785 780 774
f 115 114 789
f 789 782 115
f 782 789 788
f 788 783 782
f 790 791 792
f 792 793 790
f 794 790 793
f 793 795 794
f 790 796 791
f 134 153 792
f 793 792 153
f 153 152 793
f 795 793 152
f 152 150 795
f 788 795 797
f 789 794 795
f 795 788 789
f 114 790 794
f 794 789 114
f 790 114 111
f 796 790 111
f 125 796 111
f 121 791 125
f 125 791 796
f 791 121 124
f 791 124 792
f 799 800 798
f 802 798 801
f 798 803 799
f 803 798 802
f 800 862 798
f 804 798 862
f 805 864 804
f 806 804 864
f 807 804 806
f 801 804 807
f 804 801 798
f 809 808 1371
f 811 1384 812
f 1110 811 812
f 811 1110 1383
f 817 813 815
f 816 814 1123
f 818 816 1123
f 818 814 816
f 814 818 817
f 817 815 814
f 819 888 820
f 820 822 819
f 822 820 824
f 820 821 824
f 821 823 824
f 825 822 824
f 826 824 823
f 824 826 1088
f 1299 824 1088
f 1299 825 824
f 849 828 827
f 827 828 829
f 830 1208 894
f 894 1208 832
f 827 829 831
f 1208 833 832
f 1242 832 833
f 835 836 837
f 839 838 1055
f 845 838 839
f 843 835 840
f 840 841 843
f 842 835 843
f 837 840 835
f 1450 845 839
f 844 842 843
f 1497 843 841
f 841 846 1497
f 847 1497 846
f 1492 1497 847
f 851 849 850
f 851 828 849
f 850 849 827
f 852 853 854
f 1517 854 853
f 854 1171 852
f 836 852 837
f 1083 837 852
f 838 855 1055
f 853 836 856
f 852 836 853
f 858 857 859
f 856 1517 853
f 857 1228 859
f 861 815 813
f 813 860 861
f 1123 861 1122
f 1123 814 861
f 861 814 815
f 863 804 862
f 858 885 857
f 885 1211 857
f 868 866 867
f 870 871 869
f 866 869 871
f 871 872 866
f 867 866 872
f 872 873 867
f 873 874 867
f 867 874 875
f 1209 875 874
f 867 875 868
f 876 884 880
f 884 877 878
f 878 877 879
f 878 880 884
f 881 882 883
f 869 883 882
f 882 870 869
f 866 883 869
f 883 866 830
f 886 885 858
f 877 885 886
f 884 885 877
f 884 887 885
f 889 890 891
f 821 820 889
f 889 891 821
f 888 889 820
f 892 896 893
f 892 893 832
f 832 834 892
f 897 894 896
f 894 832 896
f 893 896 832
f 892 895 896
f 898 827 831
f 901 899 900
f 899 901 902
f 902 959 899
f 959 903 899
f 904 959 902
f 961 1119 959
f 1119 905 959
f 905 903 959
f 907 906 1381
f 907 1030 906
f 906 1103 1381
f 910 908 909
f 910 911 908
f 913 916 914
f 917 913 956
f 913 914 956
f 955 915 917
f 918 913 917
f 915 919 917
f 918 917 919
f 922 920 1312
f 1293 1291 922
f 922 921 983
f 920 922 983
f 924 925 921
f 922 924 921
f 1291 924 922
f 923 1036 924
f 923 924 1291
f 927 928 926
f 931 929 930
f 931 926 929
f 934 972 932
f 931 930 933
f 933 926 931
f 926 933 927
f 1486 1478 940
f 1486 940 936
f 1153 939 938
f 938 954 1153
f 941 945 940
f 941 943 945
f 939 942 1135
f 1135 938 939
f 1478 941 940
f 943 1470 944
f 943 944 945
f 1250 946 947
f 1250 947 1249
f 1250 821 891
f 891 946 1250
f 926 1223 1259
f 928 1223 926
f 1223 928 1224
f 948 951 949
f 948 937 936
f 936 950 948
f 948 950 951
f 949 1483 948
f 948 1483 937
f 937 1486 936
f 936 1151 950
f 955 917 956
f 1318 1116 958
f 1318 957 1116
f 957 1318 955
f 955 956 957
f 1117 961 959
f 1181 959 960
f 960 959 904
f 1181 1316 959
f 1316 1117 959
f 1221 1205 962
f 1205 977 962
f 962 977 953
f 953 952 962
f 1221 962 952
f 964 965 966
f 967 968 964
f 964 966 967
f 968 969 970
f 970 964 968
f 971 963 978
f 1202 974 972
f 974 1202 964
f 974 964 970
f 969 973 970
f 974 970 973
f 963 971 975
f 975 976 963
f 980 981 977
f 963 980 977
f 976 979 980
f 980 963 976
f 953 977 981
f 982 1312 920
f 920 983 982
f 984 982 983
f 985 935 932
f 986 985 932
f 1247 985 986
f 986 932 972
f 986 972 987
f 988 1247 986
f 988 986 989
f 986 987 989
f 926 1260 929
f 1258 988 989
f 995 993 991
f 1024 991 993
f 1024 990 991
f 1024 992 990
f 994 992 1024
f 995 992 994
f 995 990 992
f 995 991 990
f 999 996 1003
f 999 1000 996
f 996 1000 997
f 997 1000 998
f 1001 998 1000
f 998 1001 1002
f 1003 998 1002
f 1003 997 998
f 1003 996 997
f 1008 1005 1004
f 1004 1006 1007
f 1006 1004 1005
f 1008 1004 1009
f 1009 1007 1010
f 1007 1009 1004
f 1012 1011 1005
f 1005 1067 1006
f 1067 1005 1011
f 1104 908 911
f 1009 1013 1008
f 1013 1009 1014
f 1013 1015 1008
f 1005 1015 1012
f 1015 1005 1008
f 1002 1021 1003
f 1021 1002 1016
f 1002 1001 1016
f 1016 1001 1017
f 1019 1017 1001
f 1017 1019 1018
f 1018 1019 1020
f 1324 1018 1020
f 1017 1324 1021
f 1324 1017 1018
f 1021 1016 1017
f 1023 1264 1267
f 1024 1264 1023
f 1024 993 1264
f 1264 995 1025
f 995 1264 993
f 1022 1264 1025
f 1026 1027 1028
f 1027 1026 1029
f 1029 810 1027
f 1107 809 1371
f 809 1107 1028
f 1031 1028 1107
f 1028 1031 1026
f 906 1283 1032
f 1283 906 1030
f 1033 1034 810
f 1034 1033 1035
f 1027 808 809
f 808 1027 810
f 809 1028 1027
f 1286 1038 1039
f 1039 1037 1286
f 1286 924 1036
f 1040 1041 1042
f 1366 1041 1040
f 1282 1348 1343
f 1348 1282 1043
f 1072 1045 1044
f 1044 1045 1046
f 1347 1049 1047
f 1047 1239 1347
f 1049 1347 1097
f 1050 1051 1098
f 1241 1050 1048
f 1050 1241 1051
f 1054 1052 1053
f 1054 1455 1052
f 938 1052 1455
f 1052 938 1135
f 1456 1055 1429
f 1429 1055 1056
f 984 1057 1331
f 983 1057 984
f 1057 1258 1058
f 1060 1194 1059
f 1062 1064 1073
f 1066 1063 1078
f 1067 1011 1012
f 912 908 1104
f 845 1450 1070
f 1070 1388 1400
f 1445 1448 1070
f 1448 845 1070
f 1072 965 934
f 935 1045 1072
f 1072 1044 1071
f 1074 1075 1076
f 1076 1075 1077
f 1077 1079 1080
f 1079 1077 1081
f 1083 1078 1063
f 924 1086 1085
f 1037 1084 1085
f 1088 1095 1087
f 1252 1088 826
f 1088 1252 1253
f 1090 1242 1089
f 1462 1091 1092
f 1091 1462 1093
f 1092 874 1094
f 1089 1242 833
f 1242 1090 1095
f 1242 834 832
f 1299 1275 1096
f 1097 1196 1049
f 1197 1196 1097
f 799 1100 1099
f 1100 799 803
f 1099 1100 1101
f 1099 1101 799
f 1032 1102 1103
f 1104 911 1105
f 1105 1102 1104
f 1102 1105 1106
f 1103 1102 1106
f 1032 1103 906
f 1108 1371 1369
f 1371 1108 1107
f 1109 1369 1110
f 1369 1109 1108
f 1110 812 1109
f 1113 1112 1266
f 1111 1039 1038
f 1038 1286 901
f 1111 1038 901
f 1114 1112 1113
f 1117 1116 961
f 1327 1116 1117
f 1116 957 956
f 1380 1381 1118
f 1106 1381 1103
f 1106 1105 1118
f 1106 1118 1381
f 1105 911 910
f 1105 910 1118
f 1118 910 909
f 1118 909 1372
f 961 905 1119
f 961 1116 914
f 961 914 905
f 1116 956 914
f 916 905 914
f 916 913 905
f 1121 1120 919
f 918 919 1120
f 1120 1121 899
f 1121 900 899
f 1120 899 903
f 1120 903 905
f 913 1120 905
f 913 918 1120
f 1124 1122 862
f 1124 1123 1122
f 800 1124 862
f 1123 1101 818
f 800 1125 1123
f 1123 1124 800
f 800 799 1125
f 1101 1125 799
f 1101 1123 1125
f 1127 1128 1126
f 954 1455 1126
f 1329 1133 1134
f 1132 1329 1134
f 1329 1132 1166
f 1052 1135 1053
f 942 1136 1135
f 942 1442 1136
f 1257 1137 1140
f 1141 1140 1137
f 1140 1141 1191
f 1351 1142 1145
f 1145 1142 950
f 1312 1146 1147
f 1146 1235 1236
f 1366 1147 1236
f 1146 1236 1147
f 1148 1225 1149
f 1219 1191 1141
f 1145 1151 1144
f 950 1151 1145
f 1151 936 1152
f 1153 954 1075
f 1151 1152 1154
f 1157 1156 1155
f 1158 1156 1325
f 1158 1155 1156
f 1155 1158 1159
f 1159 1160 1155
f 1160 1159 1161
f 1160 1163 1164
f 1163 1160 1162
f 1155 1164 1165
f 1164 1155 1160
f 1155 1165 1157
f 1373 1166 1132
f 1166 1378 1167
f 1227 1170 1171
f 1170 1227 1185
f 1308 1358 888
f 1173 888 1358
f 1336 1173 1358
f 1176 1177 1175
f 1169 1361 1177
f 1361 1175 1177
f 852 1171 1083
f 1083 1171 1178
f 1055 1179 1454
f 1055 1180 1179
f 1055 855 1180
f 1181 1379 1134
f 1182 1379 1181
f 1182 1183 1379
f 860 1184 1315
f 1315 1184 1130
f 1129 1315 1130
f 1175 1186 1185
f 1210 1187 1172
f 1227 1188 1185
f 1189 1185 1188
f 1185 1177 1176
f 1177 1185 1189
f 1176 1175 1185
f 1191 1219 1192
f 1191 1192 1190
f 1191 1190 1142
f 1191 1142 1351
f 1092 1091 1193
f 1093 1193 1091
f 1089 1093 1090
f 1093 1089 1193
f 1209 1193 1089
f 1193 1209 874
f 874 1092 1193
f 1194 1060 1072
f 1060 1061 966
f 966 1072 1060
f 1072 966 965
f 1072 1071 1194
f 1354 1098 1066
f 1051 1066 1098
f 1066 1051 1195
f 1197 1065 1064
f 1197 1064 1196
f 1196 1064 1062
f 1066 1195 1063
f 1199 1200 1198
f 978 963 1200
f 972 934 1202
f 978 1201 971
f 1200 1201 978
f 1201 1200 1199
f 932 935 1072
f 932 1072 934
f 1203 934 965
f 964 1203 965
f 1202 1203 964
f 934 1203 1202
f 1204 927 1205
f 1198 1205 927
f 1205 1198 1200
f 977 1200 963
f 1200 977 1205
f 1218 1204 1205
f 1206 1207 1211
f 885 1206 1211
f 1206 885 887
f 1206 876 1207
f 884 1206 887
f 876 1206 884
f 1208 830 866
f 1208 1209 833
f 866 868 1208
f 1209 1208 868
f 868 875 1209
f 1089 833 1209
f 857 1211 865
f 1211 1207 1212
f 1212 1213 1211
f 1213 1210 1211
f 1214 1215 1189
f 1216 1189 1215
f 1172 1217 865
f 865 1211 1172
f 1210 1172 1211
f 1143 1218 1205
f 1143 1205 1220
f 1220 1205 1221
f 1222 1221 952
f 950 1222 951
f 1142 1222 950
f 1143 1221 1222
f 1221 1143 1220
f 928 927 1224
f 1225 1224 927
f 1224 1225 1148
f 1148 1223 1224
f 1172 1187 1226
f 1171 854 1227
f 1226 1187 1228
f 1172 1226 857
f 1226 1228 857
f 857 1217 1172
f 857 865 1217
f 1229 848 1256
f 1229 850 848
f 850 1229 851
f 848 850 1256
f 1230 1232 1313
f 1313 1131 1230
f 1231 1232 1230
f 1169 1233 1174
f 1234 1349 1361
f 1234 1361 1169
f 1233 1336 1174
f 1235 1237 1138
f 1140 1139 1237
f 1138 1237 1139
f 1239 1047 1238
f 1043 1048 1348
f 1048 1043 1240
f 1238 1041 1239
f 1041 1238 1042
f 1048 1240 1241
f 1242 892 834
f 1095 1253 1242
f 1095 1088 1253
f 1253 892 1242
f 1084 1045 1243
f 1244 1243 1045
f 1046 1045 1084
f 1045 935 985
f 985 1244 1045
f 1244 985 1085
f 1243 1244 1085
f 1084 1243 1085
f 983 921 1245
f 1245 988 1258
f 1057 1245 1258
f 983 1245 1057
f 1246 1248 1247
f 1245 1247 988
f 1245 1246 1247
f 921 1246 1245
f 921 1248 1246
f 921 925 1248
f 925 924 1248
f 924 1085 1248
f 1248 1085 985
f 1248 985 1247
f 821 1250 1251
f 947 895 1249
f 1249 1251 1250
f 1251 1249 895
f 895 892 1251
f 1251 1252 821
f 823 821 1252
f 1252 1251 1253
f 1253 1251 892
f 826 823 1252
f 1254 1168 1169
f 1254 1169 1177
f 898 850 827
f 1254 896 1168
f 896 1254 897
f 850 898 1256
f 895 947 1255
f 1255 896 895
f 896 1255 1168
f 1255 946 1168
f 1255 947 946
f 1257 1261 1258
f 1258 989 1257
f 1259 1260 926
f 1148 1259 1223
f 1148 1149 1259
f 1259 1149 1260
f 1261 1257 1140
f 1058 1258 1261
f 1262 1263 1022
f 1265 1115 1262
f 1266 1112 1114
f 1264 1263 1267
f 1262 1267 1263
f 1264 1022 1263
f 1310 1268 1270
f 1268 1310 1271
f 1268 1271 1269
f 1272 1312 1147
f 1276 1277 1278
f 1277 1276 1279
f 1275 1299 1088
f 1087 1275 1088
f 1280 1281 1282
f 1030 907 1283
f 1285 1284 1040
f 1284 1366 1040
f 1282 1343 1280
f 1085 1286 1037
f 1085 1086 1286
f 924 1286 1086
f 1294 1036 1291
f 1294 1289 1036
f 901 1286 1289
f 1289 1286 1036
f 1291 1036 923
f 1294 1291 1290
f 1290 1291 1293
f 1294 1292 1288
f 1294 1290 1292
f 1290 1293 1292
f 1293 922 1287
f 1287 922 1312
f 1293 1287 1338
f 1292 1293 1338
f 1295 1270 1297
f 1306 1295 1297
f 1302 1298 1299
f 1298 825 1299
f 1096 1301 1299
f 1301 802 1299
f 1302 1299 1300
f 802 1300 1299
f 1297 1302 1303
f 1298 1302 822
f 1298 822 825
f 1303 1302 1304
f 1300 1304 1302
f 1306 1297 1305
f 1296 819 822
f 1302 1296 822
f 1297 1296 1302
f 1303 1305 1297
f 1305 1303 1304
f 1304 1306 1305
f 1307 1270 1268
f 1268 1308 1309
f 819 1296 1268
f 1268 1309 819
f 1297 1307 1296
f 1307 1268 1296
f 1270 1307 1297
f 1295 1310 1270
f 1311 1292 1273
f 1273 1292 1338
f 1288 1292 1311
f 1287 1312 1272
f 1338 1287 1274
f 1274 1287 1272
f 863 1129 1313
f 1131 1313 1129
f 1314 1313 1232
f 1232 1386 1314
f 864 1314 1386
f 1314 864 805
f 805 1313 1314
f 1313 805 804
f 804 863 1313
f 861 860 1315
f 1315 863 861
f 1122 861 863
f 1329 1117 1316
f 1117 1329 1327
f 1182 1181 960
f 1181 1134 1316
f 1133 1316 1134
f 1329 1316 1133
f 1317 1166 958
f 958 1116 1317
f 1328 1317 1116
f 1166 1317 1328
f 1166 1167 1319
f 1166 1319 1320
f 1166 1320 958
f 958 1320 1318
f 1324 1020 1321
f 1325 1020 1019
f 1020 1325 1321
f 1321 1325 1322
f 1322 1325 1323
f 1323 1325 1156
f 1323 1157 1326
f 1157 1323 1156
f 1326 1322 1323
f 1321 1326 1324
f 1326 1321 1322
f 1329 1166 1327
f 1328 1116 1327
f 1166 1328 1327
f 1315 1330 863
f 1330 1315 1129
f 1129 1130 1131
f 863 1330 1129
f 862 1122 863
f 1331 1057 1332
f 1261 1057 1058
f 1057 1261 1332
f 1332 1261 1140
f 1140 1237 1332
f 1331 1332 1235
f 1235 1332 1237
f 1334 984 1333
f 1312 1334 1146
f 1312 982 1334
f 982 984 1334
f 984 1331 1146
f 1146 1331 1235
f 1333 984 1146
f 1334 1333 1146
f 1336 1233 1335
f 1233 1169 1335
f 1335 1169 946
f 1169 1168 946
f 946 891 1337
f 1337 1335 946
f 1335 1337 1336
f 1336 1337 891
f 891 890 1336
f 890 889 1173
f 1173 1336 890
f 888 1173 889
f 888 819 1309
f 888 1309 1308
f 1339 1340 1341
f 1342 1341 1340
f 1285 1338 1272
f 1273 1338 1285
f 1274 1272 1338
f 1272 1147 1366
f 1272 1366 1284
f 1285 1272 1284
f 1268 1344 1281
f 1281 1280 1268
f 1343 1268 1280
f 1343 1348 1358
f 1308 1268 1358
f 1343 1358 1268
f 1268 1269 1345
f 1268 1345 1346
f 1268 1346 1344
f 1239 1236 1347
f 1239 1041 1366
f 1239 1366 1236
f 1347 1236 1235
f 1235 1138 1347
f 1138 1368 1347
f 1174 1348 1048
f 1360 1174 1048
f 1174 1360 1349
f 1234 1169 1174
f 1174 1349 1234
f 1174 1350 1348
f 1097 1145 1197
f 1145 1097 1351
f 1352 1354 1066
f 1185 1066 1353
f 1186 1352 1185
f 1352 1066 1185
f 1175 1352 1186
f 1175 1354 1352
f 1066 1078 1355
f 1355 1078 1083
f 1454 1179 1082
f 1083 1178 1355
f 1171 1355 1178
f 1098 1354 1356
f 1356 1354 1175
f 1098 1356 1175
f 1357 1098 1175
f 1350 1358 1348
f 1174 1336 1350
f 1358 1350 1336
f 1353 1066 1359
f 1359 1066 1355
f 1170 1359 1355
f 1355 1171 1170
f 1359 1170 1353
f 1185 1353 1170
f 1048 1050 1360
f 1098 1360 1050
f 1360 1098 1357
f 1361 1357 1175
f 1349 1357 1361
f 1357 1349 1360
f 1144 1151 1362
f 1151 1154 1362
f 1363 1075 954
f 1362 1154 1064
f 1064 1154 1073
f 1191 1364 1150
f 1364 1191 1351
f 1351 1365 1364
f 1351 1097 1365
f 1365 1097 1364
f 1144 1065 1197
f 1197 1145 1144
f 1362 1367 1144
f 1064 1367 1362
f 1065 1367 1064
f 1367 1065 1144
f 1150 1364 1368
f 1138 1150 1368
f 1150 1138 1139
f 1191 1139 1140
f 1139 1191 1150
f 1368 1097 1347
f 1097 1368 1364
f 1056 1055 1438
f 1055 1453 1438
f 1453 1055 1454
f 1370 1131 1130
f 1131 1370 1110
f 1110 1369 1131
f 1369 1371 1131
f 1134 1373 1132
f 1372 1134 1380
f 1372 1380 1118
f 1372 1373 1134
f 1162 1184 1163
f 1184 1162 1374
f 1160 1374 1162
f 1161 1374 1160
f 1161 1068 1374
f 1068 1161 1375
f 1068 1375 1069
f 1068 1069 1184
f 1184 1374 1068
f 908 1376 1377
f 1376 1378 1166
f 1377 1376 1166
f 1377 1166 1373
f 1372 1377 1373
f 1372 909 1377
f 909 908 1377
f 908 912 1375
f 908 1375 1378
f 908 1378 1376
f 1380 1183 1381
f 1379 1380 1134
f 1183 1182 1382
f 1382 1381 1183
f 1381 1382 907
f 1380 1379 1183
f 1130 1184 1383
f 1384 1383 1184
f 1383 1384 811
f 1370 1383 1110
f 1383 1370 1130
f 1371 1230 1131
f 1231 1371 808
f 1385 808 810
f 1386 808 1385
f 808 1386 1232
f 1232 1231 808
f 1371 1231 1230
f 1387 1400 1388
f 1391 1390 1389
f 1392 1393 1394
f 1395 1394 1393
f 1387 1396 1400
f 1388 1407 1387
f 1135 1397 1053
f 1397 1135 1443
f 1391 1389 1397
f 1135 1136 1443
f 1395 1398 1396
f 1399 1396 1398
f 1393 1401 1395
f 1398 1395 1401
f 1402 1406 1410
f 1403 1404 1405
f 1404 1403 1402
f 1406 1402 1407
f 1408 1402 1403
f 1402 1408 1409
f 1410 1412 1402
f 1405 1412 1413
f 1412 1405 1404
f 1428 1054 1413
f 1413 1054 1397
f 1054 1053 1397
f 1397 1409 1408
f 1409 1397 1389
f 1407 1388 1406
f 1070 1406 1388
f 1406 1070 1410
f 1414 1415 1416
f 1416 1415 1424
f 1417 1416 1418
f 1416 1417 1419
f 1420 1414 1421
f 1421 1414 1416
f 1419 1421 1416
f 1421 1419 1422
f 1429 1423 1415
f 1415 1423 1424
f 1425 1418 1426
f 1418 1425 1417
f 1127 1428 1427
f 1427 1428 1413
f 1413 1421 1422
f 1421 1413 1412
f 1410 1420 1412
f 1412 1420 1421
f 1411 1420 1410
f 1411 1414 1420
f 1414 1411 1429
f 1429 1415 1414
f 1423 1430 1431
f 1431 1430 1433
f 1056 1432 1430
f 1430 1432 1433
f 1128 1127 1434
f 1434 1127 1427
f 1424 1423 1431
f 1423 1429 1056
f 1056 1430 1423
f 1128 1434 1435
f 1433 1432 1436
f 1432 1056 1438
f 1438 1440 1436
f 1451 1128 1437
f 1437 1128 1435
f 1436 1432 1438
f 1441 1442 942
f 1442 1441 1443
f 1443 1136 1442
f 1400 1445 1070
f 1400 1396 1447
f 1400 1447 1446
f 1400 1446 1448
f 1400 1448 1445
f 1410 1449 1411
f 1449 1410 1070
f 1070 1450 1449
f 1452 1363 954
f 1363 1452 1451
f 1453 1454 1082
f 1439 1453 1082
f 1438 1453 1439
f 1455 1054 1428
f 1455 1428 1127
f 1127 1126 1455
f 938 1455 954
f 1449 1457 1456
f 1457 1055 1456
f 1411 1456 1429
f 1449 1456 1411
f 1450 1457 1449
f 1450 839 1457
f 839 1055 1457
f 1459 1458 1363
f 1438 1082 1460
f 1459 1451 1437
f 1451 1459 1363
f 1460 1440 1438
f 1439 1082 1438
f 1179 1460 1082
f 1458 1075 1363
f 1128 1452 1461
f 1451 1452 1128
f 954 1126 1461
f 1128 1461 1126
f 954 1461 1452
f 1462 1092 847
f 847 1463 1462
f 1463 847 846
f 1492 847 1092
f 1059 1444 944
f 1444 945 944
f 1470 1464 944
f 1464 1470 1060
f 944 1464 1060
f 1059 944 1060
f 1465 1466 1467
f 1467 1468 1465
f 1470 1465 1468
f 1468 1469 1470
f 1466 1465 1470
f 1467 1471 969
f 969 968 1467
f 1468 1467 968
f 968 967 1468
f 1469 1468 967
f 967 966 1469
f 1061 1469 966
f 1061 1470 1469
f 1470 1061 1060
f 1470 943 1472
f 1472 1466 1470
f 1466 1472 1471
f 1471 1467 1466
f 941 1473 1474
f 1474 1475 941
f 1472 941 1475
f 1473 941 1476
f 941 1472 943
f 1474 1477 976
f 976 975 1474
f 1474 974 1475
f 974 973 1475
f 1471 1475 973
f 973 969 1471
f 1475 1471 1472
f 1478 1476 941
f 1479 1473 1476
f 1479 1476 1478
f 1473 1479 1477
f 1477 1474 1473
f 1480 1481 1482
f 1480 1482 1483
f 1481 1484 1485
f 1481 1485 1482
f 1482 1486 1483
f 1486 1482 1487
f 1482 1485 1487
f 1480 952 953
f 953 981 1480
f 1481 1480 981
f 981 980 1481
f 1484 1481 980
f 980 979 1484
f 1477 1484 979
f 979 976 1477
f 1479 1485 1484
f 1484 1477 1479
f 1485 1479 1478
f 1485 1478 1487
f 1486 1487 1478
f 937 1483 1486
f 949 1480 1483
f 1488 1489 1490
f 1491 1490 1489
f 1497 1492 1488
f 1489 1488 1492
f 1489 1494 1491
f 1493 1491 1494
f 1492 1494 1489
f 1495 1490 870
f 871 870 1490
f 1496 1488 1495
f 1490 1495 1488
f 1488 1496 1497
f 1092 1494 1492
f 1094 1494 1092
f 1494 1094 1493
f 1493 1094 873
f 874 873 1094
f 1491 1493 872
f 873 872 1493
f 1490 1491 871
f 872 871 1491
f 1498 1499 1500
f 1501 1500 1499
f 1502 1503 1498
f 1499 1498 1503
f 1499 1504 1501
f 1505 1501 1504
f 1503 843 1499
f 1504 1499 843
f 1506 1500 879
f 878 879 1500
f 1507 1498 1506
f 1500 1506 1498
f 1508 1502 1507
f 1498 1507 1502
f 835 842 1508
f 1502 1508 842
f 842 844 1502
f 1503 1502 844
f 844 843 1503
f 843 1497 1504
f 1496 1504 1497
f 1504 1496 1505
f 1495 1505 1496
f 1505 1495 882
f 870 882 1495
f 1501 1505 881
f 882 881 1505
f 1500 1501 878
f 881 878 1501
f 1510 1511 1512
f 1511 1510 1513
f 1511 1514 1515
f 1516 1515 1514
f 1514 1511 1513
f 886 858 1509
f 859 1509 858
f 856 1512 1517
f 856 1510 1512
f 1510 856 836
f 835 1510 836
f 1513 1510 835
f 1508 1513 835
f 1513 1508 1514
f 1507 1514 1508
f 1514 1507 1516
f 1506 1516 1507
f 879 877 1506
f 1506 877 1516
f 877 886 1516
f 1516 886 1509
f 1521 1518 1519
f 1635 1754 1636
f 1525 1642 1521
f 1522 1523 1713
f 1519 1683 1573
f 1525 1573 1524
f 1521 1573 1525
f 1573 1521 1519
f 1526 1528 1645
f 1519 1645 1528
f 1645 1519 1518
f 1524 1573 1529
f 1626 1529 1573
f 1536 1531 1533
f 1533 1534 1536
f 1744 1531 1532
f 1744 1540 1531
f 1540 1533 1531
f 1535 1536 1534
f 1531 1536 1532
f 1537 1538 1539
f 1537 1539 1646
f 1541 1638 1534
f 1541 1534 1533
f 1533 1540 1541
f 1712 1721 1542
f 1577 1549 1544
f 1544 1549 1641
f 1541 1544 1545
f 1540 1544 1541
f 1572 1537 1548
f 1537 1549 1548
f 1549 1537 1646
f 1646 1641 1549
f 1551 1552 1664
f 1579 1664 1552
f 1664 1579 1550
f 1550 1662 1664
f 1553 1537 1603
f 1538 1537 1553
f 1687 1537 1554
f 1543 1671 1556
f 1557 1721 1556
f 1721 1557 1584
f 1543 1556 1721
f 1558 1587 1709
f 1523 1560 1559
f 1563 1562 1584
f 1547 1562 1788
f 1546 1562 1547
f 1562 1546 1584
f 1565 1632 1564
f 1566 1540 1745
f 1744 1745 1540
f 1528 1568 1570
f 1569 1570 1568
f 1575 1519 1570
f 1570 1519 1528
f 1554 1572 1687
f 1537 1572 1554
f 1548 1679 1572
f 1548 1549 1679
f 1571 1679 1549
f 1683 1737 1573
f 1540 1567 1544
f 1684 1575 1576
f 1684 1519 1575
f 1519 1684 1683
f 1576 1575 1570
f 1576 1570 1569
f 1549 1577 1571
f 1578 1577 1544
f 1574 1578 1544
f 1578 1682 1577
f 1682 1578 1574
f 1581 1550 1579
f 1550 1581 1580
f 1582 1688 1568
f 1568 1527 1582
f 1527 1568 1528
f 1582 1527 1555
f 1583 1584 1546
f 1583 1585 1584
f 1721 1584 1585
f 1584 1557 1556
f 1559 1586 1561
f 1560 1586 1559
f 1560 1520 1586
f 1586 1588 1561
f 1561 1588 1558
f 1634 1546 1589
f 1585 1546 1721
f 1583 1546 1585
f 1546 1547 1589
f 1634 1721 1546
f 1635 1636 1634
f 1754 1520 1560
f 1522 1754 1560
f 1522 1560 1523
f 1636 1754 1522
f 1592 1648 1590
f 1593 1590 1648
f 1618 1590 1593
f 1595 1597 1594
f 1597 1595 1596
f 1594 1597 1598
f 1600 1598 1597
f 1598 1600 1599
f 1599 1605 1604
f 1605 1599 1600
f 1606 1604 1605
f 1604 1607 1603
f 1607 1604 1606
f 1607 1613 1603
f 1608 1610 1609
f 1609 1610 1595
f 1596 1595 1610
f 1602 1611 1716
f 1716 1601 1602
f 1611 1602 1672
f 1613 1607 1614
f 1612 1613 1614
f 1612 1614 1615
f 1616 1618 1623
f 1620 1619 1617
f 1621 1617 1619
f 1617 1621 1616
f 1591 1616 1621
f 1616 1591 1590
f 1616 1590 1618
f 1623 1618 1593
f 1623 1593 1622
f 1616 1623 1617
f 1664 1624 1746
f 1564 1625 1627
f 1749 1564 1632
f 1564 1749 1625
f 1749 1632 1628
f 1626 1625 1749
f 1746 1629 1664
f 1551 1629 1552
f 1664 1629 1551
f 1628 1630 1631
f 1629 1633 1552
f 1629 1630 1633
f 1630 1628 1633
f 1633 1628 1552
f 1579 1552 1628
f 1635 1634 1589
f 1579 1637 1581
f 1579 1628 1565
f 1565 1628 1632
f 1637 1579 1564
f 1564 1579 1565
f 1564 1581 1637
f 1739 1534 1638
f 1529 1626 1638
f 1639 1638 1626
f 1739 1638 1639
f 1526 1645 1539
f 1541 1640 1638
f 1545 1640 1541
f 1545 1524 1640
f 1640 1524 1529
f 1640 1529 1638
f 1542 1721 1636
f 1636 1721 1634
f 1636 1522 1542
f 1641 1521 1642
f 1544 1641 1545
f 1642 1525 1524
f 1641 1524 1545
f 1524 1641 1642
f 1547 1635 1589
f 1547 1643 1635
f 1644 1646 1645
f 1645 1646 1539
f 1645 1518 1644
f 1644 1518 1646
f 1646 1518 1521
f 1646 1521 1641
f 1648 1647 1697
f 1580 1581 1647
f 1649 1650 1651
f 1650 1649 1652
f 1651 1653 1627
f 1653 1651 1650
f 1651 1625 1649
f 1627 1625 1651
f 1654 1655 1652
f 1655 1654 1736
f 1652 1656 1650
f 1656 1652 1655
f 1650 1657 1653
f 1657 1650 1656
f 1653 1658 1659
f 1658 1653 1657
f 1659 1627 1653
f 1733 1625 1626
f 1733 1649 1625
f 1649 1733 1660
f 1660 1652 1649
f 1652 1660 1654
f 1732 1624 1661
f 1662 1590 1624
f 1624 1590 1661
f 1661 1591 1663
f 1591 1661 1590
f 1732 1663 1726
f 1663 1732 1661
f 1624 1664 1662
f 1669 1665 1668
f 1668 1665 1898
f 1668 1898 1666
f 1668 1666 1667
f 1669 1670 1665
f 1672 1556 1671
f 1556 1672 1584
f 1674 1676 1675
f 1676 1674 1673
f 1673 1674 1582
f 1673 1555 1676
f 1555 1673 1582
f 1647 1648 1677
f 1677 1648 1592
f 1592 1550 1677
f 1550 1592 1705
f 1580 1677 1550
f 1647 1677 1580
f 1595 1678 1577
f 1594 1678 1595
f 1571 1594 1679
f 1594 1571 1577
f 1577 1678 1594
f 1595 1577 1609
f 1681 1680 1689
f 1680 1681 1569
f 1576 1569 1684
f 1577 1682 1609
f 1574 1544 1567
f 1609 1682 1574
f 1683 1684 1734
f 1569 1685 1734
f 1685 1569 1681
f 1734 1684 1569
f 1686 1598 1599
f 1598 1686 1594
f 1599 1604 1686
f 1687 1686 1604
f 1686 1687 1572
f 1572 1679 1686
f 1679 1594 1686
f 1582 1689 1688
f 1689 1582 1674
f 1688 1689 1680
f 1569 1568 1680
f 1680 1568 1688
f 1690 1608 1574
f 1609 1574 1608
f 1567 1690 1574
f 1690 1567 1540
f 1540 1691 1690
f 1691 1540 1566
f 1566 1692 1691
f 1691 1693 1690
f 1693 1691 1692
f 1740 1690 1693
f 1659 1696 1694
f 1696 1659 1658
f 1697 1694 1696
f 1694 1697 1647
f 1694 1647 1695
f 1581 1564 1695
f 1695 1647 1581
f 1695 1564 1627
f 1627 1694 1695
f 1694 1627 1659
f 1563 1584 1698
f 1602 1584 1672
f 1584 1602 1698
f 1838 1563 1698
f 1563 1939 1562
f 1699 1668 1667
f 1700 1699 1667
f 1669 1699 1700
f 1587 1670 1709
f 1709 1670 1669
f 1669 1668 1699
f 1672 1671 1701
f 1707 1702 1676
f 1703 1704 1707
f 1702 1707 1704
f 1702 1675 1676
f 1675 1702 1704
f 1604 1603 1687
f 1613 1553 1603
f 1687 1603 1537
f 1590 1705 1592
f 1705 1590 1706
f 1706 1590 1662
f 1550 1706 1662
f 1706 1550 1705
f 1700 1667 1708
f 1707 1700 1708
f 1708 1703 1707
f 1709 1707 1676
f 1709 1669 1707
f 1707 1669 1700
f 1710 1711 1612
f 1701 1711 1710
f 1711 1553 1613
f 1613 1612 1711
f 1522 1713 1542
f 1714 1712 1542
f 1714 1526 1539
f 1701 1611 1672
f 1611 1701 1710
f 1611 1710 1715
f 1612 1715 1710
f 1612 1615 1715
f 1716 1715 1615
f 1715 1716 1611
f 1717 1701 1538
f 1553 1711 1717
f 1717 1711 1701
f 1671 1538 1701
f 1671 1720 1538
f 1720 1671 1543
f 1553 1717 1538
f 1561 1555 1718
f 1561 1558 1709
f 1676 1561 1709
f 1561 1676 1555
f 1523 1718 1555
f 1523 1559 1718
f 1718 1559 1561
f 1543 1719 1720
f 1719 1543 1721
f 1538 1719 1712
f 1721 1712 1719
f 1712 1714 1538
f 1539 1538 1714
f 1719 1538 1720
f 1526 1714 1722
f 1722 1714 1542
f 1542 1713 1722
f 1713 1523 1722
f 1523 1555 1722
f 1527 1722 1555
f 1722 1528 1526
f 1528 1722 1527
f 1723 1724 1725
f 1724 1723 1726
f 1727 1725 1728
f 1725 1727 1723
f 1731 1726 1723
f 1726 1731 1729
f 1730 1723 1727
f 1723 1730 1731
f 1663 1591 1724
f 1724 1621 1725
f 1621 1724 1591
f 1725 1619 1728
f 1619 1725 1621
f 1728 1620 1740
f 1620 1728 1619
f 1693 1728 1740
f 1728 1693 1727
f 1692 1727 1693
f 1727 1692 1730
f 1566 1730 1692
f 1730 1566 1731
f 1726 1729 1732
f 1726 1663 1724
f 1735 1734 1685
f 1734 1735 1738
f 1738 1736 1733
f 1736 1738 1735
f 1733 1736 1654
f 1733 1654 1660
f 1733 1737 1738
f 1737 1734 1738
f 1734 1737 1683
f 1630 1535 1534
f 1534 1739 1630
f 1631 1739 1639
f 1530 1737 1626
f 1737 1733 1626
f 1626 1573 1530
f 1573 1737 1530
f 1742 1740 1741
f 1608 1690 1742
f 1740 1742 1690
f 1620 1741 1740
f 1741 1620 1617
f 1741 1617 1623
f 1741 1623 1622
f 1742 1741 1622
f 1608 1742 1622
f 1608 1622 1610
f 1744 1743 1745
f 1746 1743 1747
f 1743 1744 1747
f 1624 1732 1743
f 1743 1732 1729
f 1745 1729 1731
f 1729 1745 1743
f 1745 1731 1566
f 1747 1629 1746
f 1743 1746 1624
f 1532 1747 1744
f 1532 1748 1747
f 1748 1532 1536
f 1748 1536 1535
f 1630 1748 1535
f 1748 1630 1747
f 1629 1747 1630
f 1630 1739 1631
f 1749 1639 1626
f 1639 1628 1631
f 1628 1639 1749
f 1750 1756 1752
f 1869 1752 1751
f 1869 1753 1752
f 1753 1750 1752
f 1754 1759 1520
f 1755 1754 1635
f 1758 1752 1757
f 1757 1752 1756
f 1759 1760 1761
f 1762 1760 1759
f 1763 1758 1757
f 1756 1763 1757
f 1763 1750 1874
f 1750 1763 1756
f 1874 1767 1763
f 1751 1810 1764
f 1764 1966 1751
f 1765 1751 1966
f 1890 1763 1767
f 1769 1772 1773
f 1769 1775 1768
f 1775 1769 1770
f 1773 1770 1769
f 1768 1772 1769
f 1775 1771 1768
f 1778 1791 1776
f 1794 1776 1791
f 1778 1779 1791
f 1779 1777 1791
f 1770 1782 1775
f 1782 1770 1780
f 1773 1780 1770
f 1780 1773 1774
f 1780 1774 1781
f 1783 1802 1964
f 1787 1782 1786
f 1782 1780 1786
f 1781 1786 1780
f 1789 1875 1547
f 1789 1547 1788
f 1781 1792 1786
f 1792 1781 1785
f 1785 1793 1792
f 1793 1794 1792
f 1791 1792 1794
f 1777 1792 1791
f 1777 1795 1792
f 1796 1798 1797
f 1949 1777 1779
f 1800 1801 1954
f 1964 1803 1945
f 1803 1964 1802
f 1788 1809 1808
f 1562 1809 1788
f 1808 1809 1562
f 1808 1562 1939
f 1814 1771 1775
f 1751 1811 1810
f 1811 1751 1752
f 1927 1810 1811
f 1810 1927 1764
f 1795 1812 1792
f 1777 1925 1795
f 1813 1758 1763
f 1921 1813 1763
f 1763 1977 1921
f 1816 1814 1782
f 1814 1775 1782
f 1913 1814 1816
f 1913 1815 1814
f 1811 1752 1758
f 1813 1811 1758
f 1811 1813 1817
f 1916 1811 1817
f 1913 1816 1787
f 1816 1782 1787
f 1786 1912 1787
f 1792 1912 1786
f 1792 1914 1912
f 1913 1787 1912
f 1824 1818 1798
f 1818 1819 1798
f 1798 1796 1824
f 1951 1818 1824
f 1818 1951 1950
f 1801 1800 1764
f 1783 1904 1802
f 1808 1904 1788
f 1804 1586 1520
f 1588 1586 1805
f 1805 1558 1588
f 1558 1805 1806
f 1806 1587 1558
f 1587 1806 1807
f 1784 1820 1783
f 1789 1820 1790
f 1820 1789 1783
f 1783 1789 1788
f 1904 1783 1788
f 1520 1761 1804
f 1761 1520 1759
f 1754 1762 1759
f 1755 1762 1754
f 1823 1950 1821
f 1951 1821 1950
f 1825 1827 1828
f 1827 1825 1826
f 1832 1830 1831
f 1829 1832 1833
f 1832 1829 1830
f 1828 1833 1825
f 1833 1828 1829
f 1829 1828 1830
f 1838 1698 1835
f 1602 1835 1698
f 1601 1835 1602
f 1601 1837 1835
f 1837 1601 1836
f 1838 1835 1837
f 1849 1840 1839
f 1840 1841 1839
f 1840 1830 1841
f 1840 1831 1830
f 1831 1840 1832
f 1826 1842 1827
f 1826 1843 1842
f 1837 1844 1846
f 1837 1845 1844
f 1845 1837 1836
f 1836 1847 1845
f 1959 1844 1845
f 1960 1849 1848
f 1955 1848 1849
f 1839 1955 1849
f 1822 1853 1821
f 1850 1851 1852
f 1854 1855 1853
f 1821 1853 1855
f 1855 1823 1821
f 1856 1853 1822
f 1852 1856 1850
f 1856 1852 1853
f 1766 1860 1859
f 1797 1861 1857
f 1797 1798 1861
f 1891 1860 1862
f 1864 1862 1983
f 1864 1819 1862
f 1863 1861 1798
f 1798 1819 1863
f 1861 1819 1864
f 1819 1861 1863
f 1755 1784 1865
f 1762 1755 1865
f 1820 1755 1790
f 1755 1820 1784
f 1862 1880 1891
f 1819 1818 1880
f 1819 1880 1862
f 1910 1818 1950
f 1910 1877 1818
f 1877 1880 1818
f 1868 1766 1767
f 1766 1868 1872
f 1872 1774 1867
f 1774 1866 1867
f 1866 1774 1773
f 1794 1871 1869
f 1869 1751 1870
f 1776 1870 1751
f 1776 1869 1870
f 1776 1794 1869
f 1868 1767 1874
f 1785 1868 1874
f 1781 1868 1785
f 1868 1781 1774
f 1774 1872 1868
f 1957 1760 1873
f 1873 1760 1762
f 1762 1865 1873
f 1865 1784 1783
f 1783 1873 1865
f 1873 1783 1957
f 1874 1876 1785
f 1755 1875 1790
f 1635 1643 1875
f 1875 1755 1635
f 1643 1547 1875
f 1875 1789 1790
f 1876 1874 1871
f 1874 1750 1753
f 1871 1874 1869
f 1874 1753 1869
f 1794 1876 1871
f 1794 1793 1876
f 1793 1785 1876
f 1880 1877 1879
f 1877 1881 1882
f 1882 1879 1877
f 1879 1882 1878
f 1884 1883 1885
f 1886 1884 1860
f 1884 1886 1883
f 1887 1888 1885
f 1888 1887 1889
f 1885 1890 1884
f 1890 1885 1888
f 1884 1890 1859
f 1859 1860 1884
f 1892 1886 1860
f 1886 1892 1893
f 1893 1883 1886
f 1883 1893 1894
f 1894 1885 1883
f 1885 1894 1887
f 1797 1895 1796
f 1895 1797 1857
f 1857 1896 1895
f 1896 1857 1858
f 1896 1897 1895
f 1822 1895 1897
f 1895 1822 1821
f 1895 1821 1824
f 1900 1901 1670
f 1670 1899 1900
f 1901 1898 1665
f 1665 1670 1901
f 1670 1587 1899
f 1807 1899 1587
f 1902 1901 1942
f 1898 1901 1902
f 1945 1903 1846
f 1803 1903 1945
f 1903 1803 1802
f 1903 1802 1904
f 1846 1903 1837
f 1907 1906 1905
f 1801 1905 1906
f 1905 1801 1926
f 1926 1908 1909
f 1905 1909 1907
f 1909 1905 1926
f 1877 1911 1881
f 1823 1910 1950
f 1910 1823 1911
f 1911 1877 1910
f 1913 1912 1914
f 1913 1914 1828
f 1828 1827 1913
f 1927 1811 1916
f 1916 1817 1813
f 1915 1927 1916
f 1917 1927 1915
f 1918 1843 1920
f 1843 1919 1920
f 1920 1815 1913
f 1920 1913 1918
f 1918 1913 1827
f 1843 1918 1842
f 1827 1842 1918
f 1923 1915 1916
f 1915 1923 1917
f 1813 1921 1916
f 1921 1922 1923
f 1923 1916 1921
f 1914 1924 1828
f 1830 1828 1924
f 1924 1914 1792
f 1812 1924 1792
f 1925 1812 1795
f 1830 1834 1925
f 1834 1812 1925
f 1924 1834 1830
f 1834 1924 1812
f 1926 1928 1908
f 1927 1801 1764
f 1801 1927 1926
f 1917 1926 1927
f 1926 1917 1928
f 1929 1919 1930
f 1919 1929 1931
f 1932 1930 1919
f 1933 1934 1851
f 1934 1933 1930
f 1935 1929 1933
f 1930 1933 1929
f 1936 1931 1935
f 1929 1935 1931
f 1931 1936 1814
f 1814 1815 1931
f 1919 1931 1815
f 1920 1919 1815
f 1843 1932 1919
f 1930 1932 1934
f 1880 1879 1891
f 1937 1860 1891
f 1860 1937 1892
f 1879 1878 1938
f 1938 1891 1879
f 1891 1938 1937
f 1903 1838 1837
f 1808 1903 1904
f 1808 1939 1903
f 1838 1939 1563
f 1838 1903 1939
f 1941 1942 1901
f 1901 1900 1941
f 1940 1900 1899
f 1899 1807 1940
f 1900 1940 1943
f 1943 1941 1900
f 1941 1943 1944
f 1944 1953 1941
f 1942 1941 1953
f 1945 1844 1961
f 1844 1945 1846
f 1961 1844 1956
f 1954 1801 1946
f 1801 1906 1946
f 1906 1907 1948
f 1946 1906 1948
f 1947 1946 1948
f 1841 1830 1949
f 1949 1830 1925
f 1949 1925 1777
f 1839 1841 1949
f 1796 1895 1824
f 1821 1951 1824
f 1944 1943 1952
f 1943 1954 1952
f 1954 1943 1940
f 1940 1807 1954
f 1946 1947 1954
f 1954 1947 1952
f 1952 1953 1944
f 1953 1952 1947
f 1955 1839 1949
f 1955 1949 1799
f 1799 1956 1955
f 1955 1959 1848
f 1959 1955 1956
f 1751 1958 1776
f 1958 1751 1965
f 1958 1965 1957
f 1956 1844 1959
f 1959 1847 1960
f 1847 1959 1845
f 1960 1848 1959
f 1799 1949 1779
f 1961 1779 1778
f 1779 1961 1799
f 1961 1778 1945
f 1956 1799 1961
f 1962 1805 1586
f 1586 1804 1962
f 1761 1962 1804
f 1962 1761 1800
f 1800 1805 1962
f 1800 1806 1805
f 1806 1800 1954
f 1807 1806 1954
f 1964 1963 1958
f 1778 1776 1963
f 1963 1776 1958
f 1783 1958 1957
f 1958 1783 1964
f 1963 1945 1778
f 1945 1963 1964
f 1965 1765 1966
f 1765 1965 1751
f 1966 1764 1800
f 1966 1800 1761
f 1760 1965 1761
f 1965 1966 1761
f 1957 1965 1760
f 1967 1968 1969
f 1970 1969 1968
f 1896 1974 1967
f 1968 1967 1974
f 1968 1971 1970
f 1972 1970 1971
f 1974 1973 1968
f 1971 1968 1973
f 1897 1856 1822
f 1856 1897 1969
f 1896 1967 1897
f 1969 1897 1967
f 1858 1974 1896
f 1974 1814 1973
f 1936 1973 1814
f 1973 1936 1971
f 1935 1971 1936
f 1971 1935 1972
f 1933 1972 1935
f 1972 1851 1850
f 1851 1972 1933
f 1970 1850 1856
f 1850 1970 1972
f 1856 1969 1970
f 1975 1977 1976
f 1976 1978 1975
f 1979 1921 1977
f 1921 1979 1922
f 1977 1890 1976
f 1888 1976 1890
f 1976 1888 1978
f 1889 1978 1888
f 1978 1889 1980
f 1980 1975 1978
f 1975 1980 1981
f 1981 1977 1975
f 1977 1981 1979
f 1988 1861 1982
f 1864 1982 1861
f 1983 1982 1864
f 1983 1866 1982
f 1773 1982 1866
f 1772 1982 1773
f 1763 1890 1977
f 1767 1766 1890
f 1859 1890 1766
f 1934 1932 1985
f 1984 1985 1932
f 1826 1986 1843
f 1932 1843 1986
f 1984 1932 1986
f 1986 1854 1984
f 1853 1984 1854
f 1984 1852 1985
f 1852 1984 1853
f 1985 1851 1934
f 1851 1985 1852
f 1974 1858 1771
f 1857 1771 1858
f 1861 1771 1857
f 1771 1861 1987
f 1987 1768 1771
f 1771 1814 1974
f 1768 1988 1772
f 1772 1988 1982
f 1988 1768 1987
f 1987 1861 1988
f 1867 1862 1872
f 1867 1983 1862
f 1860 1766 1862
f 1766 1872 1862
f 1867 1866 1983
f 1989 1990 1991
f 1991 1992 1989
f 1993 1994 1992
f 1992 1991 1993
f 1992 1994 1996
f 1989 1992 1996
f 1999 2000 1998
f 2001 1998 2000
f 2000 2002 2001
f 1991 1990 2003
f 2003 1993 1991
f 2004 2005 2006
f 2006 2007 2004
f 2008 2009 2010
f 2010 2011 2008
f 2004 2007 1996
f 2008 2011 1996
f 1990 1989 2007
f 2007 2006 1990
f 1994 1993 2009
f 2009 2008 1994
f 1996 2007 1989
f 1994 2008 1996
f 2002 1996 1997
f 2012 1997 1996
f 2009 1993 2019
f 2000 1999 2005
f 2005 2004 2000
f 2016 2017 2011
f 2011 2010 2016
f 2002 2000 2004
f 2004 1996 2002
f 2017 1996 2011
f 2012 1996 2001
f 1996 2017 2001
f 2003 2015 2021
f 2014 2021 2015
f 2015 1999 2014
f 2010 2009 2019
f 1993 2003 2019
f 1999 1990 2006
f 2016 2010 2019
f 2019 2023 2016
f 2003 1990 1999
f 2022 1999 1998
f 2003 2021 2020
f 1999 2022 2014
f 2003 1999 2015
f 2020 2019 2003
f 2019 2020 2024
f 2024 2023 2019
f 2006 2005 1999
f 1997 2018 1995
f 1997 1995 2013
f 2013 2002 1997
f 2018 1997 2012
f 2025 2001 2002
f 2001 2018 2012
f 2026 2025 2002
f 2002 2013 2026
f 2028 2030 2027
f 2028 2013 2030
f 2029 2035 2013
f 2029 2013 2028
f 2028 2027 2032
f 2032 2033 2028
f 2034 2029 2101
f 2034 2035 2029
f 2036 2032 2027
f 2037 2038 2039
f 2039 2040 2037
f 2041 2040 2039
f 2039 2042 2041
f 2038 2037 2043
f 2043 2044 2038
f 2042 2045 2046
f 2046 2041 2042
f 2041 2059 2040
f 2043 2037 2040
f 2040 2049 2043
f 2040 2048 2049
f 2059 2041 2046
f 2059 2047 2050
f 2050 2048 2059
f 2048 2050 2049
f 2059 2051 2047
f 2040 2059 2048
f 2052 2039 2038
f 2052 2042 2039
f 2052 2038 2044
f 2045 2054 2053
f 2052 2044 2055
f 2045 2052 2055
f 2036 2027 2057
f 2030 2035 2056
f 2056 2031 2030
f 2057 2027 2030
f 2057 2030 2031
f 2057 2031 2056
f 2053 2058 2046
f 2046 2045 2053
f 2059 2046 2058
f 2045 2042 2052
f 2054 2045 2055
f 2051 2059 2060
f 2059 2058 2060
f 2058 2053 2061
f 2061 2060 2058
f 2053 2054 2062
f 2062 2061 2053
f 2054 2055 2062
f 2063 2064 2065
f 2065 2066 2063
f 2067 2065 2064
f 2064 2068 2067
f 2070 2068 2064
f 2070 2064 2063
f 2070 2071 2069
f 2074 2072 2075
f 2072 2074 2073
f 2073 2087 2072
f 2076 2066 2065
f 2065 2067 2076
f 2077 2078 2079
f 2079 2080 2077
f 2081 2082 2083
f 2083 2084 2081
f 2070 2078 2077
f 2069 2082 2081
f 2081 2070 2069
f 2071 2070 2087
f 2069 2087 2086
f 2066 2079 2078
f 2078 2063 2066
f 2068 2081 2084
f 2084 2067 2068
f 2063 2078 2070
f 2070 2081 2068
f 2090 2067 2084
f 2072 2077 2080
f 2080 2075 2072
f 2088 2083 2082
f 2082 2089 2088
f 2087 2070 2077
f 2077 2072 2087
f 2082 2069 2089
f 2069 2085 2073
f 2073 2089 2069
f 2076 2090 2095
f 2076 2091 2092
f 2083 2090 2084
f 2067 2090 2076
f 2079 2066 2076
f 2088 2093 2090
f 2090 2083 2088
f 2076 2075 2080
f 2074 2075 2094
f 2095 2091 2076
f 2075 2076 2092
f 2092 2094 2075
f 2090 2093 2096
f 2096 2095 2090
f 2079 2076 2080
f 2087 2100 2086
f 2071 2087 2069
f 2086 2098 2069
f 2085 2069 2098
f 2098 2097 2085
f 2087 2073 2099
f 2073 2085 2097
f 2099 2100 2087
f 2029 2028 2105
f 2104 2105 2028
f 2104 2103 2107
f 2105 2104 2107
f 2109 2103 2108
f 2105 2107 2110
f 2105 2110 2101
f 2113 2111 2104
f 2113 2112 2111
f 2113 2104 2028
f 2028 2033 2113
f 2106 2034 2101
f 2101 2110 2106
f 2101 2029 2105
f 2112 2113 2036
f 2114 2123 2115
f 2115 2116 2114
f 2117 2118 2115
f 2115 2123 2117
f 2116 2129 2043
f 2043 2114 2116
f 2118 2117 2119
f 2119 2120 2118
f 2123 2121 2117
f 2043 2122 2123
f 2123 2114 2043
f 2119 2117 2121
f 2121 2123 2124
f 2122 2124 2123
f 2124 2125 2121
f 2116 2115 2126
f 2115 2118 2126
f 2129 2116 2126
f 2128 2120 2127
f 2133 2129 2126
f 2133 2126 2128
f 2130 2112 2036
f 2109 2108 2131
f 2108 2103 2131
f 2103 2102 2111
f 2111 2130 2103
f 2102 2103 2104
f 2104 2111 2102
f 2130 2111 2112
f 2127 2120 2119
f 2119 2132 2127
f 2132 2119 2121
f 2120 2128 2126
f 2126 2118 2120
f 2060 2121 2125
f 2060 2132 2121
f 2132 2060 2061
f 2061 2127 2132
f 2127 2061 2062
f 2062 2128 2127
f 2062 2133 2128
f 2138 2134 2135
f 2137 2136 2138
f 2138 2135 2137
f 2137 2135 2134
f 2134 2136 2137
f 2140 2141 2139
f 2140 2139 2142
f 2142 2139 2141
f 2146 2143 2144
f 2145 2144 2143
f 2146 2144 2145
f 2155 2156 2159
f 2157 2161 2155
f 2158 2149 2156
f 2160 2157 2202
f 2160 2161 2157
f 2156 2163 2164
f 2167 2168 2166
f 2166 2168 2165
f 2168 2169 2165
f 2148 2170 2147
f 2166 2165 2148
f 2172 2173 2153
f 2152 2153 2151
f 2175 2176 2174
f 2174 2176 2153
f 2178 2177 2181
f 2179 2180 2177
f 2173 2181 2154
f 2172 2178 2173
f 2172 2179 2178
f 2182 2180 2179
f 2183 2184 2180
f 2180 2184 2186
f 2177 2186 2187
f 2188 2189 2163
f 2190 2268 2188
f 2191 2192 2164
f 2193 2194 2191
f 2170 2163 2147
f 2169 2188 2170
f 2168 2190 2169
f 2195 2268 2190
f 2196 2197 2193
f 2198 2175 2197
f 2197 2175 2194
f 2194 2175 2192
f 2192 2202 2159
f 2184 2201 2200
f 2200 2201 2199
f 2199 2201 2167
f 2199 2167 2166
f 2152 2202 2175
f 2204 2205 2187
f 2206 2203 2185
f 2205 2154 2181
f 2203 2187 2186
f 2166 2207 2199
f 2200 2206 2185
f 2209 2162 2220
f 2209 2210 2148
f 2150 2215 2214
f 2212 2152 2150
f 2229 2213 2212
f 2216 2217 2222
f 2220 2221 2219
f 2217 2160 2223
f 2216 2160 2217
f 2162 2158 2221
f 2218 2219 2224
f 2225 2256 2227
f 2220 2225 2211
f 2233 2241 2232
f 2233 2232 2230
f 2214 2230 2150
f 2234 2236 2235
f 2235 2231 2234
f 2240 2238 2237
f 2237 2233 2214
f 2238 2241 2233
f 2240 2243 2238
f 2242 2243 2240
f 2244 2245 2242
f 2244 2242 2239
f 2239 2240 2246
f 2247 2248 2249
f 2250 2251 2248
f 2252 2253 2224
f 2254 2255 2253
f 2218 2228 2220
f 2248 2225 2228
f 2251 2256 2225
f 2250 2257 2251
f 2258 2259 2255
f 2235 2236 2258
f 2235 2258 2254
f 2235 2254 2252
f 2224 2249 2218
f 2266 2260 2244
f 2231 2261 2213
f 2263 2264 2262
f 2265 2204 2263
f 2264 2206 2266
f 2204 2203 2264
f 2215 2205 2265
f 2214 2265 2237
f 2237 2263 2246
f 2246 2262 2239
f 2226 2267 2211
f 2208 2200 2207
f 2260 2266 2208
f 2147 2149 2148
f 2149 2162 2148
f 2148 2210 2207
f 2166 2148 2207
f 2154 2150 2153
f 2154 2215 2150
f 2151 2150 2152
f 2153 2150 2151
f 2155 2161 2156
f 2156 2149 2147
f 2158 2162 2149
f 2202 2155 2159
f 2202 2157 2155
f 2160 2216 2161
f 2156 2147 2163
f 2159 2156 2164
f 2167 2201 2168
f 2165 2169 2170
f 2148 2165 2170
f 2153 2176 2171
f 2171 2172 2153
f 2153 2173 2154
f 2175 2198 2176
f 2175 2174 2153
f 2152 2175 2153
f 2178 2179 2177
f 2177 2180 2186
f 2173 2178 2181
f 2172 2182 2179
f 2182 2183 2180
f 2186 2184 2185
f 2181 2177 2187
f 2188 2268 2189
f 2191 2194 2192
f 2193 2197 2194
f 2170 2188 2163
f 2169 2190 2188
f 2168 2195 2190
f 2196 2198 2197
f 2192 2175 2202
f 2164 2192 2159
f 2163 2189 2164
f 2185 2184 2200
f 2184 2183 2201
f 2152 2213 2261
f 2152 2261 2202
f 2203 2204 2187
f 2185 2203 2186
f 2205 2215 2154
f 2187 2205 2181
f 2200 2208 2206
f 2199 2207 2200
f 2209 2211 2210
f 2211 2209 2220
f 2162 2209 2148
f 2210 2211 2207
f 2212 2213 2152
f 2229 2231 2213
f 2150 2229 2212
f 2218 2220 2219
f 2220 2162 2221
f 2222 2217 2223
f 2224 2216 2222
f 2226 2211 2225
f 2220 2228 2225
f 2231 2229 2232
f 2230 2232 2229
f 2231 2232 2241
f 2214 2233 2230
f 2150 2230 2229
f 2234 2241 2236
f 2234 2231 2241
f 2239 2242 2240
f 2237 2238 2233
f 2238 2243 2241
f 2242 2245 2243
f 2244 2227 2245
f 2266 2244 2239
f 2246 2240 2237
f 2247 2250 2248
f 2252 2254 2253
f 2254 2258 2255
f 2218 2249 2228
f 2249 2248 2228
f 2248 2251 2225
f 2251 2257 2256
f 2258 2236 2259
f 2222 2235 2252
f 2222 2252 2224
f 2224 2247 2249
f 2244 2260 2227
f 2260 2226 2227
f 2226 2225 2227
f 2261 2235 2223
f 2231 2235 2261
f 2261 2223 2202
f 2223 2160 2202
f 2222 2223 2235
f 2263 2204 2264
f 2239 2262 2266
f 2262 2264 2266
f 2264 2203 2206
f 2265 2205 2204
f 2214 2215 2265
f 2237 2265 2263
f 2246 2263 2262
f 2267 2260 2208
f 2211 2267 2208
f 2211 2208 2207
f 2208 2266 2206
f 2226 2260 2267
f 2269 2270 2271
f 2274 2595 2279
f 2275 2276 2277
f 2595 2274 2278
f 2282 2283 2284
f 2281 2280 2597
f 2286 2287 2288
f 2290 2291 2292
f 2296 2297 2298
f 2299 2300 2297
f 2302 2303 2304
f 2306 2307 2308
f 2314 2315 2313
f 2327 2322 2326
f 2323 2324 2325
f 2322 2309 2326
f 2328 2329 2330
f 2333 2329 2334
f 2339 2340 2341
f 2343 2344 2345
f 2349 2350 2351
f 2352 2353 2354
f 2357 2358 2359
f 2366 2367 2368
f 2370 2371 2372
f 2376 2314 2377
f 2383 2384 2385
f 2386 2387 2383
f 2273 2388 2279
f 2388 2389 2386
f 2390 2391 2392
f 2393 2394 2391
f 2395 2396 2394
f 2397 2392 2398
f 2399 2400 2401
f 2401 2402 2403
f 2404 2405 2406
f 2403 2407 2408
f 2409 2401 2396
f 2410 2411 2412
f 2413 2414 2411
f 2415 2398 2414
f 2412 2416 2417
f 2410 2417 2418
f 2419 2420 2421
f 2422 2423 2420
f 2418 2422 2424
f 2425 2426 2427
f 2428 2421 2429
f 2430 2431 2432
f 2433 2434 2430
f 2595 2388 2273
f 2433 2429 2435
f 2436 2437 2438
f 2432 2439 2388
f 2541 2440 2442
f 2444 2445 2443
f 2448 2449 2450
f 2452 2453 2454
f 2456 2452 2457
f 2458 2458 2459
f 2453 2458 2458
f 2462 2463 2464
f 2465 2466 2467
f 2468 2469 2466
f 2477 2475 2476
f 2477 2479 2478
f 2476 2526 2474
f 2487 2488 2489
f 2488 2491 2489
f 2493 2492 2483
f 2495 2492 2460
f 2497 2498 2499
f 2459 2500 2496
f 2502 2503 2504
f 2505 2506 2507
f 2509 2510 2511
f 2504 2512 2513
f 2514 2513 2515
f 2511 2516 2517
f 2523 2524 2525
f 2480 2658 2521
f 2479 2528 2494
f 2533 2664 2534
f 2534 2472 2533
f 2535 2536 2537
f 2538 2539 2536
f 2542 2543 2539
f 2544 2537 2545
f 2546 2547 2548
f 2548 2549 2550
f 2551 2552 2547
f 2550 2553 2554
f 2549 2555 2553
f 2557 2551 2546
f 2558 2559 2560
f 2560 2561 2562
f 2563 2564 2559
f 2562 2544 2545
f 2565 2566 2564
f 2555 2567 2565
f 2553 2565 2563
f 2554 2563 2558
f 2568 2569 2570
f 2570 2571 2557
f 2572 2573 2574
f 2575 2574 2576
f 2577 2578 2579
f 2580 2581 2582
f 2583 2584 2581
f 2584 2588 2577
f 2589 2590 2588
f 2592 2585 2586
f 2593 2582 2543
f 2272 2594 2282
f 2273 2279 2595
f 2596 2595 2278
f 2278 2274 2279
f 2597 2285 2281
f 2281 2285 2280
f 2598 2599 2600
f 2286 2601 2287
f 2290 2602 2291
f 2293 2603 2295
f 2299 2604 2300
f 2606 2607 2309
f 2607 2305 2309
f 2608 2311 2310
f 2313 2315 2337
f 2337 2315 2316
f 2314 2364 2315
f 2315 2364 2316
f 2294 2337 2609
f 2610 2317 2619
f 2611 2612 2613
f 2318 2619 2317
f 2320 2319 2365
f 2320 2321 2319
f 2380 2317 2320
f 2614 2615 2320
f 2621 2346 2327
f 2322 2327 2309
f 2326 2617 2309
f 2301 2326 2309
f 2328 2334 2329
f 2333 2618 2329
f 2619 2331 2332
f 2336 2377 2313
f 2605 2335 2289
f 2377 2314 2313
f 2620 2337 2294
f 2339 2338 2340
f 2343 2622 2344
f 2342 2621 2347
f 2352 2345 2353
f 2616 2356 2361
f 2356 2355 2361
f 2623 2624 2312
f 2362 2625 2626
f 2368 2367 2628
f 2366 2629 2367
f 2360 2369 2355
f 2363 2627 2373
f 2374 2619 2375
f 2377 2336 2376
f 2376 2364 2314
f 2378 2379 2380
f 2630 2382 2381
f 2382 2608 2381
f 2381 2382 2631
f 2348 2381 2310
f 2383 2387 2384
f 2388 2439 2389
f 2385 2384 2405
f 2390 2393 2391
f 2393 2395 2394
f 2395 2409 2396
f 2397 2390 2392
f 2399 2632 2400
f 2632 2404 2406
f 2401 2400 2402
f 2404 2633 2405
f 2403 2402 2407
f 2634 2403 2408
f 2409 2399 2401
f 2410 2413 2411
f 2413 2415 2414
f 2415 2397 2398
f 2410 2412 2417
f 2424 2422 2420
f 2635 2424 2636
f 2418 2417 2422
f 2428 2419 2421
f 2430 2434 2431
f 2433 2435 2434
f 2595 2432 2388
f 2595 2433 2637
f 2433 2428 2429
f 2432 2431 2439
f 2440 2587 2442
f 2587 2638 2441
f 2639 2541 2442
f 2444 2451 2445
f 2443 2451 2444
f 2446 2443 2447
f 2452 2455 2453
f 2456 2640 2452
f 2462 2642 2463
f 2464 2463 2641
f 2465 2468 2466
f 2473 2490 2645
f 2477 2476 2474
f 2476 2475 2480
f 2474 2526 2528
f 2476 2480 2526
f 2482 2481 2530
f 2644 2646 2471
f 2471 2485 2484
f 2470 2486 2643
f 2488 2650 2491
f 2495 2478 2494
f 2460 2493 2483
f 2478 2479 2494
f 2477 2478 2495
f 2461 2477 2492
f 2495 2651 2492
f 2460 2492 2493
f 2496 2500 2497
f 2497 2652 2498
f 2459 2458 2500
f 2502 2653 2503
f 2484 2518 2501
f 2511 2510 2516
f 2518 2649 2519
f 2648 2649 2518
f 2520 2655 2656
f 2521 2658 2526
f 2523 2657 2524
f 2480 2521 2526
f 2647 2527 2649
f 2649 2527 2654
f 2659 2660 2661
f 2528 2522 2529
f 2662 2531 2530
f 2663 2532 2530
f 2533 2472 2664
f 2534 2508 2472
f 2535 2538 2536
f 2538 2542 2539
f 2540 2541 2442
f 2541 2587 2440
f 2542 2593 2543
f 2544 2535 2537
f 2546 2551 2547
f 2548 2547 2549
f 2550 2549 2553
f 2666 2556 2665
f 2557 2571 2551
f 2558 2563 2559
f 2563 2565 2564
f 2562 2561 2544
f 2565 2567 2566
f 2555 2667 2567
f 2553 2555 2565
f 2554 2553 2563
f 2573 2668 2669
f 2568 2669 2569
f 2570 2569 2571
f 2671 2666 2670
f 2673 2672 2668
f 2572 2668 2573
f 2579 2578 2674
f 2674 2575 2576
f 2675 2579 2676
f 2676 2576 2677
f 2575 2572 2574
f 2577 2588 2578
f 2580 2583 2581
f 2583 2589 2584
f 2585 2591 2586
f 2584 2589 2588
f 2592 2591 2585
f 2593 2580 2582
f 2691 2681 2682
f 2684 2686 2761
f 2687 2691 2688
f 2732 2702 2698
f 2700 2771 2704
f 2708 2705 2706
f 2707 2742 2761
f 2707 2680 2710
f 2715 2719 2714
f 2721 2723 2720
f 2838 2726 2721
f 2720 2842 2719
f 2716 2728 2717
f 2714 2730 2731
f 2734 2733 2741
f 2712 2718 2733
f 2678 2736 2680
f 2679 2735 2678
f 2739 2740 2707
f 2737 2706 2738
f 2684 2678 2686
f 2744 2743 2684
f 2743 2679 2678
f 2694 2682 2746
f 2688 2682 2696
f 2720 2681 2750
f 2695 2754 2694
f 2704 2752 2754
f 2701 2753 2702
f 2696 2754 2697
f 2690 2751 2691
f 2756 2757 2759
f 2754 2752 2756
f 2729 2758 2753
f 2728 2841 2758
f 2692 2759 2792
f 2756 2759 2692
f 2685 2761 2760
f 2761 2700 2760
f 2763 2762 2747
f 2744 2760 2763
f 2763 2760 2746
f 2731 2768 2714
f 2765 2748 2768
f 2682 2767 2747
f 2747 2767 2763
f 2761 2771 2700
f 2708 2770 2705
f 2764 2698 2770
f 2760 2700 2704
f 2768 2769 2766
f 2781 2693 2692
f 2781 2692 2788
f 2783 2792 2793
f 2798 2834 2794
f 2795 2818 2796
f 2801 2800 2803
f 2799 2851 2802
f 2773 2778 2805
f 2806 2824 2825
f 2840 2777 2817
f 2722 2813 2842
f 2723 2722 2842
f 2842 2776 2840
f 2817 2819 2836
f 2821 2810 2822
f 2772 2806 2822
f 2824 2802 2823
f 2800 2809 2826
f 2803 2800 2823
f 2772 2843 2774
f 2785 2829 2830
f 2785 2775 2833
f 2791 2839 2834
f 2835 2797 2795
f 2837 2836 2835
f 2833 2838 2755
f 2833 2725 2838
f 2789 2757 2839
f 2841 2842 2837
f 2828 2798 2852
f 2828 2852 2843
f 2820 2845 2828
f 2828 2829 2798
f 2812 2846 2811
f 2848 2819 2817
f 2848 2811 2819
f 2812 2811 2847
f 2849 2848 2777
f 2852 2794 2851
f 2796 2846 2801
f 2845 2853 2850
f 2853 2832 2850
f 2810 2832 2853
f 2686 2678 2680
f 2683 2686 2680
f 2720 2713 2681
f 2713 2767 2681
f 2682 2681 2767
f 2685 2744 2684
f 2689 2691 2687
f 2697 2689 2687
f 2786 2755 2693
f 2693 2755 2691
f 2755 2690 2691
f 2689 2693 2691
f 2792 2788 2692
f 2692 2693 2689
f 2692 2689 2697
f 2756 2692 2697
f 2754 2696 2694
f 2697 2687 2688
f 2697 2688 2696
f 2764 2732 2698
f 2704 2771 2699
f 2732 2701 2702
f 2704 2699 2703
f 2761 2742 2705
f 2733 2708 2706
f 2683 2707 2761
f 2737 2733 2706
f 2707 2683 2709
f 2761 2686 2683
f 2709 2683 2680
f 2707 2709 2680
f 2734 2712 2733
f 2734 2711 2712
f 2734 2735 2711
f 2711 2748 2712
f 2713 2715 2714
f 2715 2713 2719
f 2714 2719 2716
f 2714 2716 2717
f 2733 2718 2708
f 2712 2748 2718
f 2713 2720 2719
f 2720 2750 2721
f 2750 2724 2721
f 2721 2722 2723
f 2724 2838 2721
f 2838 2725 2726
f 2721 2726 2722
f 2720 2723 2842
f 2719 2842 2728
f 2716 2719 2728
f 2717 2728 2729
f 2730 2717 2729
f 2714 2717 2730
f 2701 2731 2730
f 2732 2731 2701
f 2741 2733 2737
f 2679 2745 2735
f 2735 2734 2736
f 2678 2735 2736
f 2710 2739 2707
f 2741 2737 2738
f 2707 2740 2742
f 2743 2763 2745
f 2743 2745 2679
f 2684 2743 2678
f 2695 2694 2746
f 2704 2695 2746
f 2746 2682 2747
f 2704 2746 2760
f 2694 2696 2682
f 2688 2691 2682
f 2711 2769 2748
f 2769 2768 2748
f 2749 2751 2750
f 2691 2751 2749
f 2691 2750 2681
f 2691 2749 2750
f 2695 2704 2754
f 2704 2703 2752
f 2701 2730 2753
f 2730 2729 2753
f 2690 2838 2751
f 2838 2724 2750
f 2838 2750 2751
f 2729 2728 2758
f 2756 2752 2757
f 2697 2754 2756
f 2744 2685 2760
f 2685 2684 2761
f 2763 2746 2762
f 2743 2744 2763
f 2762 2746 2747
f 2732 2765 2731
f 2732 2764 2765
f 2765 2718 2748
f 2713 2714 2767
f 2714 2768 2766
f 2731 2765 2768
f 2714 2766 2767
f 2763 2767 2769
f 2718 2764 2770
f 2761 2705 2771
f 2708 2718 2770
f 2765 2764 2718
f 2763 2769 2745
f 2767 2766 2769
f 2769 2711 2735
f 2769 2735 2745
f 2853 2820 2772
f 2806 2772 2773
f 2775 2849 2776
f 2776 2849 2777
f 2774 2843 2778
f 2805 2778 2779
f 2778 2843 2780
f 2772 2774 2778
f 2785 2782 2781
f 2785 2786 2782
f 2829 2785 2783
f 2785 2781 2783
f 2782 2786 2781
f 2785 2784 2786
f 2784 2787 2786
f 2787 2755 2786
f 2781 2788 2792
f 2781 2786 2693
f 2793 2792 2789
f 2783 2781 2792
f 2829 2783 2793
f 2852 2798 2794
f 2798 2791 2834
f 2795 2797 2818
f 2796 2818 2846
f 2799 2779 2851
f 2801 2804 2800
f 2778 2780 2779
f 2805 2779 2799
f 2773 2772 2778
f 2806 2773 2805
f 2806 2805 2824
f 2808 2807 2809
f 2807 2810 2809
f 2808 2810 2807
f 2817 2777 2848
f 2800 2804 2808
f 2804 2831 2810
f 2804 2812 2831
f 2840 2776 2777
f 2815 2813 2776
f 2816 2814 2813
f 2842 2815 2776
f 2726 2727 2816
f 2726 2725 2727
f 2722 2726 2816
f 2722 2816 2813
f 2842 2813 2815
f 2836 2840 2817
f 2836 2819 2811
f 2797 2836 2811
f 2797 2811 2818
f 2800 2808 2809
f 2804 2810 2808
f 2853 2822 2810
f 2821 2809 2810
f 2822 2806 2821
f 2853 2772 2822
f 2825 2824 2823
f 2823 2800 2826
f 2824 2799 2802
f 2824 2805 2799
f 2827 2820 2843
f 2820 2828 2843
f 2772 2820 2827
f 2772 2827 2843
f 2798 2829 2791
f 2829 2790 2791
f 2829 2793 2790
f 2844 2830 2829
f 2830 2849 2785
f 2831 2832 2810
f 2812 2832 2831
f 2787 2784 2833
f 2833 2814 2816
f 2833 2813 2814
f 2776 2813 2833
f 2833 2775 2776
f 2785 2849 2775
f 2784 2785 2833
f 2791 2793 2839
f 2835 2836 2797
f 2837 2840 2836
f 2790 2793 2791
f 2833 2727 2725
f 2755 2838 2690
f 2833 2816 2727
f 2755 2787 2833
f 2837 2842 2840
f 2789 2792 2757
f 2793 2789 2839
f 2841 2728 2842
f 2792 2759 2757
f 2780 2843 2852
f 2845 2830 2828
f 2830 2844 2828
f 2828 2844 2829
f 2811 2846 2818
f 2812 2804 2846
f 2848 2847 2811
f 2832 2812 2847
f 2849 2845 2850
f 2849 2850 2848
f 2850 2847 2848
f 2830 2845 2849
f 2780 2852 2851
f 2801 2846 2804
f 2779 2780 2851
f 2850 2832 2847
f 2845 2820 2853
f 2854 2900 2855
f 2866 2862 2865
f 2865 2861 2864
f 2927 2867 2869
f 2868 2856 2917
f 2869 2859 2868
f 2872 2871 2874
f 2878 2877 2897
f 2877 2876 2875
f 2916 2883 2880
f 2916 2884 2883
f 2884 2886 2883
f 2887 2888 2886
f 2886 2930 2885
f 2881 2885 2890
f 2881 2890 2893
f 2883 2893 2882
f 2875 2894 2904
f 2876 2892 2894
f 2898 2878 2900
f 2896 2895 2903
f 2880 2899 2907
f 2858 2899 2857
f 2859 2907 2858
f 2904 2908 2909
f 2904 2912 2908
f 2906 2905 2911
f 2911 2913 2870
f 2911 2870 2873
f 2872 2911 2871
f 2915 2916 2914
f 2914 2916 2907
f 2870 2918 2917
f 2892 2920 2918
f 2917 2919 2868
f 2894 2918 2912
f 2887 2922 2915
f 2861 2915 2860
f 2862 2915 2861
f 2868 2921 2927
f 2924 2926 2920
f 2868 2927 2869
f 2928 2888 2863
f 2863 2923 2862
f 2885 2931 2929
f 2927 2932 2864
f 2927 2929 2932
f 2890 2929 2926
f 2936 2933 2955
f 2935 2937 2934
f 2946 2866 2947
f 2943 2951 3002
f 2939 2950 2938
f 2937 2952 2934
f 2960 2975 2957
f 2959 2958 2960
f 2965 2964 2961
f 3005 2961 2968
f 2967 2962 3005
f 2969 2972 2971
f 2976 2958 2974
f 2976 2975 2958
f 2935 2936 2976
f 2982 2957 2978
f 2974 2972 2980
f 2958 2972 2974
f 2937 2976 2942
f 2953 2984 2981
f 2985 2986 2983
f 2983 2982 2978
f 2986 2973 2982
f 2934 2991 2984
f 2980 2961 2987
f 2989 2990 2991
f 2992 2970 2993
f 2994 2995 2990
f 2993 2986 2985
f 2997 3000 2995
f 2989 2997 2994
f 2944 2964 2998
f 2999 3001 3000
f 3001 2996 2992
f 2938 2999 2997
f 3002 3004 3001
f 3003 3005 3001
f 2931 2967 3003
f 2932 2929 3004
f 2871 2854 2855
f 2871 2873 2854
f 2873 2857 2854
f 2856 2858 2857
f 2856 2859 2858
f 2867 2914 2859
f 2868 2859 2856
f 2867 2860 2914
f 2867 2861 2860
f 2866 2948 2862
f 2948 2863 2862
f 2932 2865 2864
f 2932 2866 2865
f 2865 2862 2861
f 2927 2864 2867
f 2864 2861 2867
f 2869 2867 2859
f 2917 2856 2873
f 2870 2917 2873
f 2911 2873 2871
f 2873 2856 2857
f 2906 2872 2874
f 2874 2871 2855
f 2855 2906 2874
f 2897 2875 2895
f 2897 2877 2875
f 2878 2876 2877
f 2878 2899 2876
f 2879 2880 2876
f 2876 2880 2883
f 2883 2886 2881
f 2883 2881 2893
f 2884 2922 2886
f 2922 2887 2886
f 2886 2885 2881
f 2888 2928 2966
f 2888 2966 2889
f 2930 2888 2889
f 2886 2888 2930
f 2883 2882 2892
f 2882 2893 2891
f 2892 2882 2924
f 2875 2876 2894
f 2876 2883 2892
f 2896 2897 2895
f 2895 2875 2904
f 2857 2899 2898
f 2879 2876 2899
f 2898 2899 2878
f 2854 2898 2900
f 2854 2857 2898
f 2906 2902 2901
f 2895 2904 2909
f 2855 2902 2906
f 2903 2895 2909
f 2906 2901 2905
f 2916 2880 2907
f 2880 2879 2899
f 2858 2907 2899
f 2911 2905 2908
f 2911 2908 2910
f 2904 2894 2912
f 2872 2906 2911
f 2911 2910 2913
f 2860 2915 2914
f 2884 2916 2922
f 2914 2907 2859
f 2917 2918 2919
f 2892 2924 2920
f 2870 2913 2918
f 2894 2892 2918
f 2868 2919 2921
f 2923 2887 2915
f 2915 2922 2916
f 2924 2891 2926
f 2927 2921 2925
f 2891 2893 2926
f 2882 2891 2924
f 2893 2890 2926
f 2998 2928 2863
f 2863 2888 2887
f 2923 2863 2887
f 2862 2923 2915
f 2890 2885 2929
f 2885 2930 2931
f 2927 2925 2929
f 2955 2933 2954
f 2933 2934 2954
f 2936 2935 2934
f 2936 2934 2933
f 2937 2939 2938
f 2935 2976 2937
f 2939 2941 2950
f 2941 2943 2950
f 2940 2945 2943
f 2942 2941 2939
f 2943 2944 2947
f 2945 2944 2943
f 2944 2949 2948
f 2944 2946 2947
f 2944 2948 2946
f 2951 2947 2932
f 2947 2866 2932
f 2946 2948 2866
f 2943 2947 2951
f 2950 2943 3002
f 2989 2938 2997
f 2938 2950 2999
f 2952 2938 2989
f 2954 2934 2953
f 2937 2938 2952
f 2977 2956 2954
f 2954 2953 2979
f 2956 2955 2954
f 2973 2960 2957
f 2960 2958 2975
f 2959 2972 2958
f 2971 2972 2959
f 2968 2961 2972
f 2972 2961 2980
f 2961 2963 2988
f 2969 2968 2972
f 2962 2965 2961
f 2961 2964 2963
f 2967 2965 2962
f 3005 2962 2961
f 2889 2966 2965
f 2967 2889 2965
f 2930 2889 2967
f 2996 2968 2969
f 2996 2969 2971
f 2996 2971 2970
f 2973 2959 2960
f 2970 2959 2973
f 2970 2971 2959
f 2986 2970 2973
f 2982 2973 2957
f 2976 2936 2975
f 2977 2954 2979
f 2977 2979 2981
f 2941 2942 2974
f 2942 2976 2974
f 2939 2937 2942
f 2983 2986 2982
f 2953 2934 2984
f 2979 2953 2981
f 2934 2952 2991
f 2944 2940 2987
f 2987 2940 2980
f 2945 2940 2944
f 2987 2961 2988
f 2940 2974 2980
f 2940 2941 2974
f 2943 2941 2940
f 2989 2994 2990
f 2994 2997 2995
f 2992 2996 2970
f 2952 2989 2991
f 2993 2970 2986
f 2949 2944 2998
f 2988 2963 2964
f 2964 2987 2988
f 2964 2944 2987
f 2999 2950 3001
f 3001 2968 2996
f 2997 2999 3000
f 3001 3005 2968
f 2950 3002 3001
f 2863 2948 2998
f 2928 2998 2966
f 2998 2964 2966
f 2964 2965 2966
f 2948 2949 2998
f 3002 2951 3004
f 2951 2932 3004
f 3003 2967 3005
f 2931 2930 2967
f 3025 3015 3048
f 3022 3102 3021
f 3021 3044 3023
f 3029 3057 3028
f 3031 3032 3033
f 3091 3040 3032
f 3037 3036 3061
f 3041 3042 3043
f 3041 3007 3042
f 3021 3023 3046
f 3057 3025 3028
f 3052 3059 3058
f 3053 3055 3054
f 3051 3016 3057
f 3057 3016 3025
f 3036 3063 3062
f 3062 3063 3060
f 3066 3056 3052
f 3056 3013 3059
f 3006 3067 3007
f 3006 3068 3067
f 3043 3069 3022
f 3042 3044 3069
f 3037 3054 3036
f 3047 3071 3074
f 3046 3023 3071
f 3071 3023 3072
f 3072 3023 3073
f 3073 3023 3055
f 3082 3075 3081
f 3078 3020 3080
f 3039 3084 3026
f 3026 3084 3082
f 3082 3085 3075
f 3086 3048 3080
f 3050 3028 3086
f 3091 3090 3092
f 3092 3061 3060
f 3024 3081 3048
f 3017 3093 3011
f 3096 3020 3019
f 3099 3010 3011
f 3064 3097 3098
f 3010 3099 3012
f 3100 3101 3068
f 3100 3033 3101
f 3022 3103 3102
f 3022 3069 3103
f 3034 3104 3098
f 3049 3030 3104
f 3093 3076 3008
f 3106 3138 3159
f 3105 3159 3199
f 3112 3156 3111
f 3121 3122 3123
f 3124 3177 3182
f 3127 3113 3152
f 3111 3126 3112
f 3198 3158 3129
f 3158 3187 3129
f 3132 3140 3176
f 3165 3164 3133
f 3180 3114 3182
f 3139 3136 3137
f 3139 3138 3106
f 3136 3106 3105
f 3140 3192 3181
f 3204 3121 3142
f 3142 3161 3141
f 3132 3109 3107
f 3111 3148 3146
f 3148 3157 3147
f 3118 3144 3116
f 3118 3116 3115
f 3150 3204 3151
f 3149 3151 3141
f 3117 3156 3112
f 3152 3145 3184
f 3146 3147 3153
f 3186 3155 3154
f 3186 3165 3155
f 3162 3139 3163
f 3163 3137 3161
f 3165 3204 3150
f 3164 3150 3149
f 3141 3167 3142
f 3141 3168 3167
f 3141 3169 3168
f 3141 3151 3169
f 3170 3174 3109
f 3172 3143 3124
f 3143 3170 3175
f 3173 3171 3143
f 3166 3145 3178
f 3180 3179 3178
f 3177 3181 3180
f 3166 3183 3145
f 3166 3184 3183
f 3186 3188 3187
f 3187 3184 3135
f 3186 3154 3188
f 3188 3133 3184
f 3124 3143 3175
f 3189 3115 3116
f 3190 3117 3110
f 3191 3115 3189
f 3181 3197 3195
f 3194 3125 3126
f 3125 3193 3126
f 3126 3196 3195
f 3196 3181 3195
f 3195 3110 3128
f 3197 3108 3195
f 3198 3199 3159
f 3200 3161 3123
f 3163 3161 3200
f 3201 3144 3127
f 3008 3035 3009
f 3041 3006 3007
f 3008 3009 3011
f 3028 3025 3048
f 3051 3065 3016
f 3010 3018 3017
f 3010 3056 3018
f 3020 3094 3086
f 3010 3017 3011
f 3011 3093 3008
f 3047 3022 3021
f 3021 3102 3044
f 3014 3056 3010
f 3024 3048 3015
f 3024 3015 3026
f 3025 3016 3015
f 3015 3039 3026
f 3030 3097 3064
f 3050 3029 3028
f 3013 3014 3030
f 3014 3012 3030
f 3079 3076 3019
f 3014 3010 3012
f 3030 3012 3097
f 3031 3091 3032
f 3033 3032 3040
f 3065 3034 3098
f 3098 3027 3085
f 3027 3035 3085
f 3038 3058 3030
f 3015 3016 3084
f 3015 3084 3039
f 3091 3063 3040
f 3042 3007 3040
f 3042 3040 3044
f 3035 3027 3045
f 3035 3045 3009
f 3047 3021 3046
f 3024 3082 3081
f 3024 3026 3082
f 3049 3104 3065
f 3104 3034 3065
f 3066 3050 3094
f 3029 3051 3057
f 3080 3020 3086
f 3053 3074 3055
f 3054 3055 3023
f 3014 3013 3056
f 3058 3059 3030
f 3059 3013 3030
f 3061 3062 3060
f 3061 3036 3062
f 3036 3023 3063
f 3065 3085 3083
f 3065 3098 3085
f 3052 3056 3059
f 3006 3100 3068
f 3067 3068 3040
f 3007 3067 3040
f 3050 3086 3094
f 3043 3042 3069
f 3037 3053 3054
f 3036 3054 3023
f 3070 3049 3065
f 3047 3046 3071
f 3074 3071 3072
f 3074 3072 3073
f 3074 3073 3055
f 3081 3075 3008
f 3076 3081 3008
f 3078 3081 3077
f 3078 3077 3079
f 3078 3079 3019
f 3048 3078 3080
f 3077 3081 3079
f 3079 3081 3076
f 3078 3019 3020
f 3035 3008 3075
f 3016 3065 3083
f 3016 3083 3084
f 3084 3083 3085
f 3082 3084 3085
f 3075 3085 3035
f 3086 3028 3048
f 3065 3051 3087
f 3065 3087 3088
f 3088 3089 3065
f 3089 3070 3065
f 3091 3031 3090
f 3063 3091 3092
f 3092 3090 3061
f 3063 3092 3060
f 3048 3081 3078
f 3096 3095 3094
f 3096 3094 3020
f 3017 3096 3093
f 3093 3096 3019
f 3018 3095 3017
f 3017 3095 3096
f 3009 3099 3011
f 3097 3027 3098
f 3097 3099 3027
f 3099 3045 3027
f 3030 3064 3098
f 3104 3030 3098
f 3012 3099 3097
f 3099 3009 3045
f 3068 3101 3040
f 3101 3033 3040
f 3100 3031 3033
f 3102 3103 3044
f 3103 3069 3044
f 3094 3095 3066
f 3095 3018 3056
f 3066 3095 3056
f 3049 3038 3030
f 3093 3019 3076
f 3105 3106 3159
f 3109 3174 3107
f 3126 3117 3112
f 3182 3114 3113
f 3119 3118 3115
f 3174 3120 3107
f 3107 3120 3108
f 3121 3204 3122
f 3161 3121 3123
f 3126 3110 3117
f 3113 3124 3182
f 3114 3134 3145
f 3114 3145 3113
f 3181 3176 3140
f 3127 3172 3113
f 3172 3124 3113
f 3111 3194 3126
f 3120 3119 3115
f 3126 3128 3110
f 3135 3198 3129
f 3129 3187 3135
f 3131 3130 3181
f 3130 3179 3181
f 3131 3181 3125
f 3153 3194 3146
f 3178 3134 3114
f 3180 3178 3114
f 3158 3186 3187
f 3136 3139 3106
f 3140 3132 3192
f 3142 3121 3161
f 3124 3175 3177
f 3166 3131 3202
f 3132 3176 3109
f 3127 3144 3160
f 3152 3113 3145
f 3146 3148 3147
f 3111 3156 3148
f 3118 3173 3144
f 3149 3150 3151
f 3194 3111 3146
f 3154 3155 3133
f 3155 3165 3133
f 3166 3179 3130
f 3166 3130 3131
f 3148 3156 3157
f 3159 3138 3158
f 3144 3173 3160
f 3163 3122 3162
f 3162 3138 3139
f 3163 3139 3137
f 3186 3204 3165
f 3164 3165 3150
f 3167 3168 3204
f 3142 3167 3204
f 3169 3151 3204
f 3168 3169 3204
f 3170 3109 3175
f 3171 3118 3143
f 3118 3119 3143
f 3172 3173 3143
f 3119 3174 3170
f 3143 3119 3170
f 3119 3120 3174
f 3173 3118 3171
f 3176 3175 3109
f 3176 3177 3175
f 3178 3145 3134
f 3178 3179 3166
f 3180 3181 3179
f 3182 3177 3180
f 3177 3176 3181
f 3173 3172 3127
f 3160 3173 3127
f 3145 3183 3184
f 3166 3202 3185
f 3166 3185 3184
f 3187 3188 3184
f 3188 3154 3133
f 3108 3190 3110
f 3156 3117 3144
f 3117 3116 3144
f 3117 3189 3116
f 3108 3120 3190
f 3190 3191 3117
f 3117 3191 3189
f 3190 3120 3191
f 3191 3120 3115
f 3108 3192 3107
f 3181 3192 3197
f 3194 3131 3125
f 3126 3193 3196
f 3126 3195 3128
f 3125 3181 3193
f 3196 3193 3181
f 3197 3192 3108
f 3195 3108 3110
f 3132 3107 3192
f 3158 3198 3159
f 3198 3135 3199
f 3122 3200 3123
f 3122 3163 3200
f 3201 3156 3144
f 3201 3157 3156
f 3131 3194 3202
f 3194 3153 3203
f 3194 3203 3202
f 3205 3206 3207
f 3208 3209 3205
f 3210 3211 3212
f 3213 3214 3208
f 3207 3215 3216
f 3219 3220 3259
f 3218 3221 3219
f 3221 3223 3220
f 3220 3224 3225
f 3226 3227 3228
f 3223 3229 3224
f 3231 3226 3230
f 3232 3233 3231
f 3228 3235 3229
f 3236 3237 3210
f 3238 3239 3240
f 3241 3242 3243
f 3244 3245 3241
f 3242 3246 3247
f 3245 3248 3246
f 3249 3250 3251
f 3224 3244 3252
f 3229 3253 3244
f 3246 3254 3255
f 3257 3247 3258
f 3243 3257 3250
f 3260 3261 3262
f 3267 3268 3269
f 3269 3270 3271
f 3239 3267 3272
f 3273 3274 3267
f 3274 3216 3268
f 3216 3275 3268
f 3275 3276 3277
f 3271 3278 3279
f 3280 3271 3279
f 3281 3282 3283
f 3284 3285 3286
f 3286 3287 3288
f 3367 3295 3298
f 3296 3294 3367
f 3297 3367 3298
f 3368 3299 3300
f 3301 3302 3299
f 3303 3296 3297
f 3304 3305 3302
f 3306 3300 3303
f 3310 3311 3312
f 3313 3314 3311
f 3310 3315 3313
f 3313 3316 3317
f 3317 3303 3314
f 3317 3318 3306
f 3316 3319 3318
f 3320 3321 3310
f 3320 3312 3322
f 3327 3328 3329
f 3334 3335 3336
f 3337 3338 3335
f 3339 3334 3340
f 3340 3336 3341
f 3342 3343 3284
f 3328 3337 3344
f 3345 3346 3347
f 3348 3212 3205
f 3205 3209 3206
f 3208 3214 3209
f 3213 3349 3214
f 3207 3206 3215
f 3219 3221 3220
f 3218 3222 3221
f 3221 3230 3223
f 3220 3223 3224
f 3226 3350 3227
f 3223 3228 3229
f 3230 3226 3228
f 3222 3233 3226
f 3232 3351 3233
f 3351 3352 3234
f 3228 3227 3235
f 3238 3354 3239
f 3241 3245 3242
f 3244 3253 3245
f 3242 3245 3246
f 3245 3253 3248
f 3224 3229 3244
f 3229 3235 3253
f 3253 3235 3353
f 3248 3353 3355
f 3257 3242 3247
f 3243 3242 3257
f 3225 3224 3252
f 3263 3256 3357
f 3264 3357 3266
f 3264 3256 3263
f 3357 3265 3217
f 3356 3256 3217
f 3264 3263 3357
f 3272 3267 3269
f 3267 3274 3268
f 3269 3277 3270
f 3268 3275 3277
f 3240 3239 3272
f 3239 3273 3267
f 3273 3358 3274
f 3274 3359 3216
f 3216 3215 3275
f 3275 3360 3276
f 3270 3361 3362
f 3284 3343 3285
f 3286 3285 3287
f 3288 3287 3363
f 3289 3281 3283
f 3364 3365 3291
f 3325 3295 3292
f 3297 3296 3367
f 3368 3301 3299
f 3301 3304 3302
f 3304 3369 3305
f 3290 3308 3370
f 3291 3290 3307
f 3370 3288 3371
f 3310 3313 3311
f 3313 3317 3314
f 3310 3321 3315
f 3313 3315 3316
f 3314 3303 3297
f 3317 3306 3303
f 3320 3373 3321
f 3320 3310 3312
f 3323 3325 3324
f 3326 3297 3298
f 3374 3324 3293
f 3330 3333 3331
f 3331 3375 3332
f 3372 3333 3330
f 3372 3330 3331
f 3331 3332 3366
f 3331 3309 3366
f 3336 3335 3338
f 3344 3337 3335
f 3340 3334 3336
f 3341 3336 3376
f 3342 3376 3343
f 3329 3328 3344
f 3377 3347 3346
f 3378 3379 3380
f 3379 3378 3381
f 3382 3383 3384
f 3383 3382 3385
f 3386 3352 3387
f 3352 3386 3388
f 3389 3390 3391
f 3390 3389 3392
f 3393 3394 3395
f 3394 3393 3396
f 3391 3397 3398
f 3397 3391 3390
f 3396 3399 3400
f 3399 3396 3393
f 3232 3401 3351
f 3402 3351 3401
f 3403 3385 3382
f 3385 3403 3404
f 3398 3405 3406
f 3405 3398 3397
f 3400 3407 3408
f 3407 3400 3399
f 3381 3409 3410
f 3409 3381 3378
f 3411 3404 3403
f 3404 3411 3412
f 3406 3413 3414
f 3413 3406 3405
f 3408 3415 3416
f 3415 3408 3407
f 3410 3417 3418
f 3417 3410 3409
f 3419 3420 3411
f 3411 3420 3412
f 3421 3422 3423
f 3422 3424 3423
f 3425 3426 3427
f 3428 3427 3426
f 3418 3429 3430
f 3429 3418 3417
f 3423 3424 3431
f 3424 3432 3431
f 3420 3419 3433
f 3434 3433 3419
f 3427 3428 3369
f 3435 3369 3428
f 3430 3392 3389
f 3392 3430 3429
f 3436 3437 3438
f 3439 3438 3437
f 3431 3432 3440
f 3432 3441 3440
f 3369 3442 3305
f 3442 3369 3435
f 3443 3444 3436
f 3437 3436 3444
f 3440 3441 3445
f 3446 3445 3441
f 3395 3305 3442
f 3305 3395 3394
f 3447 3448 3443
f 3444 3443 3448
f 3401 3232 3449
f 3450 3449 3232
f 3451 3452 3434
f 3433 3434 3452
f 3426 3425 3447
f 3448 3447 3425
f 3449 3450 3453
f 3450 3454 3453
f 3349 3455 3446
f 3445 3446 3455
f 3456 3457 3451
f 3452 3451 3457
f 3416 3458 3459
f 3458 3416 3415
f 3453 3454 3460
f 3454 3461 3460
f 3455 3349 3462
f 3462 3349 3213
f 3463 3464 3456
f 3457 3456 3464
f 3459 3465 3466
f 3465 3459 3458
f 3460 3461 3421
f 3461 3422 3421
f 3462 3380 3379
f 3380 3462 3213
f 3438 3439 3463
f 3464 3463 3439
f 3466 3384 3383
f 3384 3466 3465
f 3414 3388 3386
f 3388 3414 3413
f 3979 3971 3960
f 4058 4061 4038
f 4058 4082 4094
f 4058 4094 4061
f 4061 4094 4090
f 4061 4090 4072
f 3995 3935 3975
f 3987 4013 4014
f 3987 4029 4013
f 4029 4030 4013
f 4013 4030 4006
f 4014 4013 4008
f 4038 4047 4030
f 4030 4047 4033
f 4029 4038 4030
f 4029 4058 4038
f 4038 4061 4047
f 4047 4061 4046
f 4089 4083 4100
f 4093 4106 4100
f 4112 4100 4106
f 3952 3960 3940
f 4187 4116 4145
f 4133 4146 4159
f 4146 4187 4159
f 4159 4201 4133
f 4037 4048 4057
f 4048 4053 4057
f 4053 4098 4057
f 4173 4057 4101
f 4115 4037 4057
f 3974 4014 4003
f 3966 3987 3974
f 3987 4014 3974
f 3974 4003 3977
f 4052 4037 4076
f 4090 4065 4059
f 4065 4016 4059
f 4059 3985 4072
f 4090 4059 4072
f 4014 3995 4003
f 4003 3995 3975
f 4072 3823 4039
f 4039 3823 3986
f 4039 3986 4035
f 4061 4039 4035
f 4061 4035 4046
f 4072 4039 4061
f 4035 3986 4046
f 4033 4015 4030
f 4047 4046 4015
f 4047 4015 4033
f 4030 4015 4006
f 4015 3976 4006
f 4002 4006 3935
f 4002 3935 3995
f 4008 4002 3995
f 4008 3995 4014
f 4013 4002 4008
f 4006 4002 4013
f 4116 4173 4101
f 4116 4187 4173
f 3960 3952 3977
f 4003 3975 3979
f 3975 3971 3979
f 4003 3979 3960
f 4003 3960 3977
f 4146 4173 4187
f 4187 4145 4184
f 4201 4187 4184
f 4188 4166 4195
f 4188 4195 4204
f 4195 4202 4204
f 4100 4112 4101
f 4101 4112 4116
f 4103 4111 4076
f 4103 4076 4037
f 3977 3963 3974
f 3977 3952 3963
f 3952 3940 3963
f 3963 3940 3910
f 3963 3910 3875
f 3963 3875 3950
f 3974 3963 3950
f 3974 3950 3966
f 4202 4195 4201
f 4201 4159 4187
f 4202 4201 4184
f 4166 4188 4181
f 4094 4082 4093
f 4100 4094 4093
f 4083 4090 4094
f 4083 4094 4100
f 4075 4004 4011
f 3983 4011 4004
f 4053 4034 4007
f 4053 4007 4098
f 4012 4007 4034
f 4004 4075 4007
f 4100 4101 4007
f 4101 4057 4098
f 4098 4007 4101
f 4032 4011 3953
f 3941 3953 4011
f 4089 4075 4011
f 4100 4007 4075
f 4100 4075 4089
f 4143 4195 4166
f 4143 4166 4157
f 4166 4181 4157
f 4146 4103 4115
f 4146 4115 4173
f 4115 4103 4037
f 4173 4115 4057
f 4004 4007 4012
f 4004 4012 3983
f 3989 3936 3983
f 4136 4133 4143
f 4133 4201 4195
f 4143 4133 4195
f 4126 4103 4133
f 4111 4103 4126
f 4103 4146 4133
f 4126 4133 4136
f 4083 4089 4065
f 4089 4032 4065
f 4089 4011 4032
f 4032 4016 4065
f 4083 4065 4090
f 4016 3909 4059
f 4016 4032 3909
f 4032 3953 3909
f 3985 3962 4072
f 4059 3909 3985
f 3953 3938 3937
f 3919 3908 3909
f 3937 3919 3909
f 3937 3909 3953
f 3938 3953 3941
f 3932 3938 3941
f 3983 3941 4011
f 3932 3941 3983
f 4012 4053 4048
f 4017 4048 4025
f 4025 4048 4052
f 3989 3983 4048
f 3989 4048 4017
f 4012 4034 4053
f 4012 4048 3983
f 4037 4052 4048
f 3907 3904 3908
f 3907 3908 3919
f 3936 3924 3983
f 3923 3932 3983
f 3924 3923 3983
f 3936 3989 3924
f 3834 3854 3960
f 3834 3960 3971
f 3854 3861 3960
f 3976 3835 4006
f 3835 3847 4006
f 3847 3935 4006
f 3847 3817 3935
f 3986 3801 4046
f 3801 3835 4046
f 3835 4015 4046
f 3835 3976 4015
f 3801 3780 3835
f 3845 3816 4072
f 3845 4072 3962
f 3816 3823 4072
f 3823 3801 3986
f 3816 3741 3823
f 3736 3712 3733
f 3693 3697 3712
f 3707 3693 3712
f 3736 3707 3712
f 3718 3758 3737
f 3718 3737 3712
f 3718 3712 3697
f 3737 3733 3712
f 3758 3801 3737
f 3817 3850 3935
f 3935 3850 3975
f 3850 3834 3971
f 3850 3971 3975
f 3817 3834 3850
f 3786 3782 3768
f 3768 3782 3775
f 3768 3775 3738
f 3738 3775 3762
f 3775 3778 3762
f 3738 3762 3778
f 3738 3778 3758
f 3738 3758 3718
f 3687 3702 3681
f 3960 3861 3940
f 3861 3867 3910
f 3861 3910 3940
f 3867 3875 3910
f 3867 3857 3875
f 3663 3595 3624
f 3665 3658 3664
f 3703 3612 3663
f 3703 3658 3612
f 3658 3606 3612
f 3658 3613 3606
f 3637 3588 3658
f 3654 3637 3658
f 3658 3588 3613
f 3685 3717 3728
f 3685 3728 3715
f 3663 3685 3715
f 3799 3832 3825
f 3799 3825 3782
f 3799 3782 3786
f 3744 3715 3728
f 3744 3665 3703
f 3744 3703 3715
f 3767 3665 3744
f 3713 3736 3756
f 3756 3816 3789
f 3756 3741 3816
f 3736 3741 3756
f 3782 3814 3775
f 3814 3834 3817
f 3814 3818 3834
f 3782 3825 3814
f 3741 3770 3823
f 3736 3733 3741
f 3770 3801 3823
f 3737 3801 3770
f 3737 3770 3741
f 3733 3737 3741
f 3780 3810 3835
f 3778 3810 3780
f 3758 3778 3780
f 3801 3758 3780
f 3815 3814 3817
f 3778 3815 3810
f 3810 3815 3835
f 3815 3817 3835
f 3817 3847 3835
f 3775 3814 3815
f 3778 3775 3815
f 3660 3685 3663
f 3660 3663 3624
f 3814 3822 3818
f 3818 3822 3867
f 3818 3867 3854
f 3818 3854 3834
f 3867 3861 3854
f 3825 3832 3822
f 3825 3822 3814
f 3612 3606 3663
f 3606 3595 3663
f 3606 3589 3595
f 3602 3598 3591
f 3591 3598 3585
f 3591 3585 3617
f 3685 3679 3681
f 3702 3698 3685
f 3702 3685 3681
f 3685 3660 3679
f 3665 3767 3705
f 3654 3665 3705
f 3822 3832 3867
f 3867 3799 3857
f 3832 3799 3867
f 3585 3606 3588
f 3585 3588 3617
f 3588 3606 3613
f 3585 3589 3606
f 3617 3633 3591
f 3591 3636 3602
f 3713 3707 3736
f 3702 3687 3693
f 3702 3693 3707
f 3702 3707 3713
f 3794 3795 3873
f 3866 3790 3873
f 3852 3869 3873
f 3852 3873 3833
f 3774 3728 3716
f 3728 3717 3716
f 3790 3774 3716
f 3794 3716 3795
f 3794 3790 3716
f 3702 3720 3716
f 3702 3716 3698
f 3685 3698 3716
f 3685 3716 3717
f 3812 3864 3833
f 3812 3904 3864
f 3739 3831 3812
f 3787 3739 3812
f 3833 3787 3812
f 3904 3812 3908
f 3812 3831 3908
f 3720 3833 3716
f 3716 3833 3795
f 3833 3873 3795
f 3702 3713 3720
f 3655 3636 3633
f 3633 3636 3591
f 3703 3664 3658
f 3664 3703 3665
f 3663 3715 3703
f 3866 3883 3790
f 3794 3873 3790
f 3853 3790 3836
f 3637 3633 3617
f 3637 3617 3588
f 3655 3633 3637
f 3654 3658 3665
f 3705 3655 3637
f 3705 3637 3654
f 3713 3724 3720
f 3720 3724 3739
f 3720 3739 3833
f 3833 3739 3787
f 3724 3756 3739
f 3713 3756 3724
f 3739 3756 3831
f 3831 3845 3962
f 3831 3962 3908
f 3831 3816 3845
f 3789 3816 3831
f 3756 3789 3831
f 3833 3864 3852
f 3852 3864 3869
f 3864 3907 3874
f 3864 3874 3869
f 3904 3907 3864
f 3876 3869 3874
f 3878 3873 3869
f 3878 3869 3876
f 3883 3866 3873
f 3882 3883 3873
f 3882 3873 3878
f 3767 3774 3853
f 3853 3774 3790
f 3744 3728 3774
f 3744 3774 3767
f 3962 3985 3909
f 3962 3909 3908
f 3890 3853 3836
f 3836 3790 3883
f 3882 3836 3883
f 3836 3882 3890
f 4028 4023 4021
f 4023 4024 4019
f 4019 4024 4009
f 4009 4024 3994
f 4009 3994 3997
f 4010 4009 3997
f 4095 4092 4088
f 4069 4095 4088
f 4041 4045 4027
f 4092 4084 4060
f 4092 4060 4079
f 3990 4010 3997
f 4018 4041 4027
f 4018 4027 4028
f 4041 4050 4045
f 4088 4092 4073
f 4092 4079 4073
f 4073 4064 4062
f 4088 4073 4062
f 4088 4062 4050
f 4073 4079 4064
f 4079 4060 4055
f 4079 4055 4064
f 4064 4055 4049
f 4050 4064 4049
f 4050 4049 4045
f 4062 4064 4050
f 4040 4050 4041
f 4040 4041 4018
f 4069 4088 4056
f 4056 4088 4050
f 4056 4050 4040
f 4084 4092 4099
f 4092 4095 4099
f 4021 4023 4019
f 4021 4019 4009
f 4010 4021 4009
f 4028 4021 4010
f 4018 4028 3990
f 3990 4028 4010
f 4045 4049 4027
f 4049 4055 4036
f 4049 4036 4024
f 4049 4024 4023
f 4027 4049 4023
f 4027 4023 4028
f 4216 4212 4219
f 4230 4227 4229
f 4209 4216 4219
f 3957 3915 3942
f 3942 3915 3939
f 3982 3973 3942
f 3973 3957 3942
f 3939 3912 3913
f 3942 3922 3925
f 3942 3939 3913
f 3942 3913 3922
f 3958 3965 3964
f 3942 3946 3949
f 3942 3925 3946
f 3991 3982 3942
f 3949 3991 3942
f 3981 3991 3949
f 4150 4177 4149
f 4150 4149 4130
f 3999 3965 3993
f 3988 3999 3993
f 3988 3993 3996
f 3964 3965 3999
f 3969 3993 3965
f 4001 3982 3991
f 3981 4001 3991
f 4026 4042 4001
f 4026 4001 3981
f 4001 3973 3982
f 4042 4022 3973
f 4042 3973 4001
f 3967 3957 4022
f 3967 3954 3957
f 4022 3957 3973
f 3993 3968 3992
f 3993 3969 3968
f 3996 3993 3992
f 3969 3947 3948
f 3969 3948 3968
f 3912 3939 3915
f 3929 3954 3970
f 3957 3954 3929
f 3929 3970 3921
f 3915 3929 3921
f 3956 4044 3970
f 3954 3956 3970
f 3915 3957 3929
f 3915 3921 3916
f 3915 3916 3912
f 4306 4280 4273
f 4298 4280 4306
f 4306 4273 4293
f 4299 4294 4301
f 4299 4318 4294
f 4294 4307 4276
f 4301 4294 4287
f 4299 4301 4287
f 4287 4294 4276
f 4287 4276 4255
f 4314 4306 4311
f 4314 4305 4306
f 4305 4298 4306
f 4311 4306 4293
f 4309 4314 4311
f 4246 4287 4249
f 4249 4287 4255
f 4246 4249 4234
f 4256 4239 4248
f 4277 4279 4304
f 4289 4277 4304
f 4269 4277 4289
f 4284 4289 4286
f 4277 4282 4279
f 4256 4248 4282
f 4282 4266 4279
f 4222 4251 4284
f 4251 4289 4284
f 4222 4284 4200
f 4162 4170 4226
f 4162 4226 4191
f 4191 4226 4215
f 4287 4246 4262
f 4246 4228 4254
f 4246 4254 4262
f 4262 4254 4265
f 4265 4254 4252
f 4252 4254 4243
f 4300 4252 4243
f 4315 4316 4313
f 4318 4316 4315
f 4308 4315 4313
f 4313 4304 4308
f 4313 4303 4304
f 4304 4303 4289
f 4308 4304 4279
f 4318 4312 4316
f 4318 4299 4312
f 4312 4299 4300
f 4312 4300 4303
f 4312 4303 4310
f 4316 4312 4310
f 4316 4310 4303
f 4316 4303 4313
f 4303 4300 4295
f 4303 4295 4296
f 4296 4295 4284
f 4296 4284 4286
f 4296 4286 4289
f 4303 4296 4289
f 4299 4287 4297
f 4287 4262 4297
f 4297 4262 4265
f 4299 4297 4300
f 4297 4265 4300
f 4265 4252 4300
f 4270 4300 4243
f 4270 4243 4200
f 4270 4200 4284
f 4295 4270 4284
f 4295 4300 4270
f 4280 4298 4275
f 4298 4292 4275
f 4263 4268 4266
f 4263 4266 4258
f 4268 4275 4266
f 4275 4292 4266
f 4257 4266 4282
f 4257 4282 4248
f 4258 4266 4257
f 4305 4315 4308
f 4298 4305 4302
f 4305 4308 4302
f 4305 4314 4315
f 4302 4308 4292
f 4298 4302 4292
f 4292 4290 4266
f 4292 4308 4290
f 4290 4308 4279
f 4266 4290 4279
f 4218 4161 4228
f 4218 4228 4246
f 4218 4246 4234
f 4276 4285 4255
f 4285 4271 4261
f 4255 4285 4261
f 4234 4249 4255
f 4234 4255 4232
f 4255 4261 4245
f 4232 4255 4245
f 4307 4283 4291
f 4307 4309 4283
f 4309 4293 4288
f 4309 4288 4283
f 4283 4288 4264
f 4283 4264 4272
f 4283 4272 4274
f 4278 4291 4283
f 4276 4291 4285
f 4276 4307 4291
f 4278 4283 4274
f 4278 4274 4271
f 4285 4278 4271
f 4285 4291 4278
f 4119 4124 4113
f 4119 4127 4124
f 4113 4124 4154
f 4127 4213 4124
f 4127 4218 4213
f 4218 4234 4213
f 4213 4234 4232
f 4213 4232 4245
f 4213 4245 4214
f 4124 4213 4214
f 4124 4214 4154
f 4224 4257 4236
f 4257 4196 4236
f 4258 4257 4224
f 4226 4196 4205
f 4226 4170 4196
f 4226 4205 4239
f 4169 4194 4199
f 4169 4199 4189
f 4194 4203 4199
f 4200 4193 4222
f 4174 4164 4193
f 4174 4193 4200
f 4238 4253 4251
f 4193 4238 4251
f 4193 4251 4222
f 4250 4256 4282
f 4242 4237 4250
f 4259 4247 4277
f 4259 4277 4269
f 4259 4269 4289
f 4253 4259 4289
f 4253 4289 4251
f 4238 4259 4253
f 4238 4247 4259
f 4242 4282 4244
f 4282 4242 4250
f 4247 4244 4282
f 4247 4282 4277
f 4225 4226 4239
f 4237 4225 4239
f 4250 4239 4256
f 4237 4239 4250
f 4239 4205 4248
f 4196 4257 4235
f 4196 4235 4205
f 4248 4205 4257
f 4257 4205 4235
f 4215 4226 4207
f 4207 4226 4225
f 4217 4215 4207
f 4241 4237 4242
f 4241 4242 4244
f 4233 4229 4241
f 4233 4241 4244
f 4233 4244 4247
f 4240 4233 4247
f 4240 4247 4238
f 4138 4149 4164
f 4097 4138 4164
f 4097 4164 4165
f 4231 4207 4237
f 4227 4223 4207
f 4227 4207 4229
f 4223 4217 4207
f 4207 4225 4237
f 4241 4231 4237
f 4229 4207 4231
f 4229 4231 4241
f 4177 4197 4168
f 4197 4233 4168
f 4168 4233 4240
f 4168 4240 4238
f 4198 4168 4238
f 4198 4238 4193
f 4172 4168 4198
f 4149 4177 4168
f 4172 4198 4193
f 4164 4172 4193
f 4149 4172 4164
f 4149 4168 4172
f 4224 4236 4178
f 4236 4196 4170
f 4178 4236 4170
f 4178 4170 4162
f 4199 4216 4192
f 4192 4216 4209
f 4199 4203 4206
f 4199 4210 4212
f 4199 4212 4216
f 4199 4208 4210
f 4199 4206 4208
f 4190 4211 4197
f 4211 4233 4197
f 4179 4177 4150
f 4190 4197 4177
f 4190 4177 4179
f 4104 4153 4074
f 4153 4128 4074
f 4153 4167 4128
f 4074 4128 4121
f 4163 4199 4192
f 4176 4163 4192
f 4176 4192 4221
f 4121 4063 4043
f 3984 4043 3954
f 3984 3954 3967
f 4043 3984 3967
f 4031 4043 3967
f 4031 3967 4022
f 4107 4063 4121
f 4022 4074 4085
f 4085 4074 4121
f 4085 4121 4043
f 4085 4043 4031
f 4022 4085 4031
f 4026 4117 4042
f 4026 4104 4117
f 4104 4074 4117
f 4117 4074 4022
f 4042 4117 4022
f 4189 4199 4163
f 4167 4189 4163
f 4153 4169 4189
f 4153 4189 4167
f 4167 4151 4128
f 4167 4176 4151
f 4163 4176 4167
f 4121 4125 4107
f 4128 4125 4121
f 4128 4151 4125
f 4221 4192 4209
f 4209 4219 4221
f 4220 4230 4229
f 4220 4229 4233
f 4211 4220 4233
f 4125 4096 4107
f 4200 4185 4175
f 4185 4132 4175
f 4174 4165 4164
f 4200 4165 4174
f 4200 4175 4165
f 4254 4228 4152
f 4132 4185 4152
f 4200 4243 4185
f 4243 4254 4185
f 4254 4152 4185
f 4097 4165 4102
f 4086 4080 4066
f 4102 4086 4066
f 4114 4119 4105
f 4134 4130 4149
f 4138 4134 4149
f 3972 4096 4044
f 4107 4096 3972
f 3954 4043 3972
f 3954 3972 4005
f 4063 3972 4043
f 4063 4107 3972
f 3972 4044 3956
f 4005 3972 3956
f 4005 3956 3954
f 4086 4114 4105
f 4080 4086 4105
f 4080 4105 4066
f 3996 3992 3988
f 3969 3965 3958
f 3958 3964 3947
f 3969 3958 3947
f 4317 4318 4315
f 4317 4315 4309
f 4307 4294 4317
f 4294 4318 4317
f 4309 4315 4314
f 4309 4311 4293
f 4307 4317 4309
f 4152 4228 4132
f 4228 4161 4132
f 4132 4161 4123
f 4123 4119 4114
f 4132 4123 4114
f 4108 4132 4114
f 4108 4114 4086
f 4123 4127 4119
f 4161 4218 4127
f 4161 4127 4123
f 4165 4175 4108
f 4175 4132 4108
f 4102 4108 4086
f 4165 4108 4102
f 4081 4097 4102
f 4066 4081 4102
f 4105 4119 4113
f 4105 4113 4110
f 4113 4154 4110
f 4293 4281 4288
f 4288 4281 4260
f 4288 4260 4264
f 4293 4273 4267
f 4281 4267 4260
f 4293 4267 4281
f 3759 3796 3784
f 3763 3779 3759
f 3759 3802 3806
f 3759 3806 3796
f 3779 3802 3759
f 3772 3809 3802
f 3772 3802 3779
f 3699 3731 3701
f 3699 3701 3692
f 3752 3766 3763
f 3765 3766 3752
f 3749 3765 3752
f 3708 3748 3725
f 3701 3706 3708
f 3798 3809 3772
f 3754 3765 3749
f 3754 3777 3765
f 3731 3749 3729
f 3731 3729 3701
f 3701 3729 3706
f 3706 3729 3708
f 3708 3745 3748
f 3745 3760 3748
f 3749 3750 3745
f 3729 3749 3745
f 3729 3745 3708
f 3740 3749 3731
f 3740 3754 3749
f 3699 3734 3731
f 3734 3740 3731
f 3708 3694 3701
f 3725 3704 3708
f 3704 3694 3708
f 3701 3694 3692
f 3766 3772 3779
f 3765 3772 3766
f 3763 3766 3779
f 3777 3772 3765
f 3777 3798 3772
f 3750 3759 3745
f 3749 3752 3750
f 3745 3764 3760
f 3745 3759 3784
f 3745 3784 3764
f 3752 3763 3759
f 3752 3759 3750
f 3577 3565 3569
f 3584 3565 3577
f 3880 3897 3884
f 3826 3827 3888
f 3827 3844 3888
f 3888 3889 3898
f 3888 3898 3880
f 3880 3898 3900
f 3880 3900 3897
f 3844 3877 3889
f 3844 3889 3888
f 3839 3863 3841
f 3839 3862 3863
f 3849 3848 3877
f 3849 3877 3844
f 3820 3849 3843
f 3820 3843 3844
f 3820 3844 3827
f 3843 3849 3844
f 3821 3848 3849
f 3821 3849 3820
f 3785 3821 3820
f 3653 3656 3623
f 3641 3653 3623
f 3610 3641 3623
f 3807 3819 3813
f 3807 3813 3841
f 3807 3803 3819
f 3841 3813 3839
f 3829 3813 3819
f 3719 3773 3751
f 3773 3791 3793
f 3791 3820 3827
f 3785 3820 3791
f 3719 3785 3791
f 3719 3791 3773
f 3793 3826 3888
f 3761 3793 3828
f 3793 3888 3828
f 3793 3827 3826
f 3791 3827 3793
f 3828 3870 3851
f 3828 3859 3870
f 3828 3880 3859
f 3828 3888 3880
f 3803 3805 3819
f 3819 3805 3830
f 3819 3830 3829
f 3803 3808 3805
f 3900 3903 3897
f 3859 3880 3870
f 3870 3893 3872
f 3880 3893 3870
f 3884 3893 3880
f 3811 3872 3783
f 3811 3783 3792
f 3870 3872 3811
f 3851 3870 3811
f 3884 3896 3893
f 3884 3903 3896
f 3897 3903 3884
f 3496 3498 3507
f 3498 3521 3507
f 3484 3498 3496
f 3478 3480 3474
f 3480 3490 3477
f 3502 3490 3480
f 3491 3502 3480
f 3478 3491 3480
f 3516 3502 3478
f 3478 3502 3491
f 3516 3503 3502
f 3471 3487 3484
f 3484 3487 3498
f 3470 3471 3484
f 3531 3536 3516
f 3536 3520 3516
f 3540 3551 3531
f 3542 3527 3525
f 3529 3527 3542
f 3517 3482 3539
f 3535 3517 3539
f 3522 3479 3517
f 3546 3533 3522
f 3493 3481 3527
f 3508 3493 3527
f 3528 3508 3527
f 3571 3515 3533
f 3596 3537 3571
f 3579 3543 3537
f 3579 3537 3596
f 3580 3559 3579
f 3626 3599 3625
f 3531 3516 3532
f 3531 3532 3540
f 3532 3541 3540
f 3518 3519 3532
f 3516 3518 3532
f 3532 3519 3559
f 3532 3559 3541
f 3559 3543 3579
f 3505 3543 3559
f 3505 3559 3519
f 3470 3468 3467
f 3468 3476 3467
f 3470 3475 3468
f 3475 3508 3476
f 3475 3476 3468
f 3476 3539 3482
f 3508 3539 3476
f 3475 3493 3508
f 3469 3473 3474
f 3474 3473 3478
f 3473 3483 3488
f 3476 3479 3473
f 3467 3476 3473
f 3469 3467 3473
f 3479 3483 3473
f 3483 3522 3533
f 3479 3522 3483
f 3482 3517 3479
f 3476 3482 3479
f 3478 3494 3501
f 3478 3501 3516
f 3501 3518 3516
f 3501 3519 3518
f 3501 3494 3519
f 3488 3537 3494
f 3473 3488 3494
f 3478 3473 3494
f 3537 3505 3494
f 3494 3505 3519
f 3505 3537 3543
f 3515 3571 3537
f 3483 3533 3515
f 3483 3515 3537
f 3488 3483 3537
f 3507 3510 3496
f 3496 3510 3495
f 3512 3511 3510
f 3510 3511 3495
f 3525 3527 3511
f 3511 3530 3525
f 3512 3530 3511
f 3484 3496 3486
f 3486 3485 3484
f 3484 3485 3470
f 3470 3485 3475
f 3485 3481 3475
f 3486 3495 3485
f 3496 3495 3486
f 3495 3509 3527
f 3495 3527 3481
f 3485 3495 3481
f 3481 3493 3475
f 3509 3511 3527
f 3511 3509 3495
f 3597 3540 3629
f 3597 3551 3540
f 3516 3520 3503
f 3503 3523 3506
f 3520 3523 3503
f 3520 3534 3523
f 3551 3538 3531
f 3531 3538 3536
f 3536 3538 3520
f 3538 3534 3520
f 3538 3547 3534
f 3551 3619 3547
f 3551 3547 3538
f 3477 3489 3500
f 3500 3497 3487
f 3500 3514 3524
f 3500 3524 3497
f 3489 3514 3500
f 3489 3513 3514
f 3502 3503 3492
f 3502 3492 3490
f 3490 3492 3489
f 3490 3489 3477
f 3492 3499 3489
f 3499 3513 3489
f 3492 3513 3499
f 3492 3523 3513
f 3506 3523 3492
f 3503 3506 3492
f 3647 3662 3634
f 3670 3662 3647
f 3597 3647 3575
f 3597 3575 3551
f 3575 3619 3551
f 3634 3619 3575
f 3634 3662 3619
f 3647 3634 3575
f 3512 3550 3530
f 3530 3550 3557
f 3512 3567 3550
f 3599 3620 3625
f 3620 3557 3550
f 3599 3557 3620
f 3594 3587 3590
f 3594 3590 3582
f 3615 3596 3571
f 3609 3579 3596
f 3615 3609 3596
f 3578 3568 3546
f 3568 3533 3546
f 3568 3571 3533
f 3544 3529 3542
f 3544 3542 3566
f 3544 3527 3529
f 3528 3527 3544
f 3548 3528 3544
f 3535 3522 3517
f 3546 3522 3535
f 3556 3546 3535
f 3548 3545 3528
f 3545 3508 3528
f 3539 3508 3545
f 3560 3599 3573
f 3563 3525 3599
f 3563 3599 3560
f 3563 3542 3525
f 3566 3542 3563
f 3605 3625 3620
f 3605 3581 3626
f 3605 3626 3625
f 3599 3530 3557
f 3599 3525 3530
f 3583 3573 3599
f 3583 3599 3626
f 3573 3563 3560
f 3566 3563 3573
f 3561 3566 3573
f 3570 3561 3573
f 3570 3573 3583
f 3552 3548 3555
f 3553 3555 3564
f 3552 3545 3548
f 3553 3545 3552
f 3562 3549 3553
f 3549 3545 3553
f 3549 3539 3545
f 3562 3535 3539
f 3562 3539 3549
f 3642 3676 3628
f 3564 3555 3561
f 3564 3561 3570
f 3561 3544 3566
f 3548 3544 3561
f 3555 3548 3561
f 3578 3556 3554
f 3578 3554 3562
f 3554 3556 3535
f 3554 3535 3562
f 3578 3546 3556
f 3623 3615 3603
f 3603 3578 3593
f 3603 3615 3578
f 3615 3571 3568
f 3615 3568 3578
f 3628 3615 3623
f 3512 3581 3567
f 3550 3567 3620
f 3567 3605 3620
f 3581 3605 3567
f 3587 3577 3590
f 3584 3577 3587
f 3590 3577 3569
f 3590 3569 3582
f 3586 3593 3572
f 3572 3593 3578
f 3572 3578 3562
f 3593 3623 3603
f 3610 3623 3593
f 3586 3610 3593
f 3644 3689 3607
f 3607 3689 3646
f 3689 3667 3646
f 3646 3667 3651
f 3674 3651 3667
f 3667 3711 3674
f 3646 3622 3576
f 3576 3600 3587
f 3587 3600 3584
f 3622 3601 3576
f 3797 3753 3851
f 3753 3828 3851
f 3761 3828 3753
f 3711 3761 3753
f 3722 3730 3747
f 3722 3753 3730
f 3711 3753 3722
f 3674 3711 3722
f 3651 3674 3722
f 3732 3711 3667
f 3732 3761 3711
f 3793 3761 3732
f 3773 3793 3732
f 3751 3732 3689
f 3719 3751 3644
f 3644 3751 3689
f 3689 3732 3667
f 3751 3773 3732
f 3607 3616 3587
f 3607 3587 3594
f 3616 3576 3587
f 3646 3576 3616
f 3607 3646 3616
f 3646 3638 3622
f 3646 3651 3677
f 3646 3677 3638
f 3576 3574 3584
f 3576 3584 3600
f 3584 3574 3565
f 3558 3562 3553
f 3558 3553 3564
f 3572 3562 3558
f 3601 3574 3576
f 3686 3722 3721
f 3677 3651 3722
f 3677 3722 3686
f 3580 3579 3630
f 3630 3628 3676
f 3630 3676 3675
f 3579 3628 3630
f 3615 3628 3579
f 3609 3615 3579
f 3541 3580 3592
f 3541 3592 3629
f 3580 3630 3592
f 3541 3629 3540
f 3559 3580 3541
f 3682 3675 3676
f 3682 3676 3642
f 3675 3727 3735
f 3652 3672 3670
f 3688 3710 3672
f 3649 3623 3656
f 3642 3628 3623
f 3642 3623 3649
f 3722 3757 3721
f 3792 3851 3811
f 3753 3797 3747
f 3753 3747 3730
f 3747 3757 3722
f 3747 3792 3783
f 3747 3783 3757
f 3851 3792 3747
f 3797 3851 3747
f 3683 3735 3710
f 3668 3683 3688
f 3668 3688 3672
f 3683 3710 3688
f 3675 3735 3683
f 3803 3807 3808
f 3813 3829 3839
f 3829 3830 3862
f 3829 3862 3839
f 3474 3472 3470
f 3477 3472 3480
f 3480 3472 3474
f 3474 3467 3469
f 3474 3470 3467
f 3472 3471 3470
f 3500 3487 3471
f 3500 3471 3472
f 3477 3500 3472
f 3630 3668 3648
f 3630 3648 3592
f 3592 3648 3629
f 3648 3668 3672
f 3680 3683 3668
f 3630 3680 3668
f 3629 3652 3597
f 3652 3647 3597
f 3652 3670 3647
f 3648 3672 3652
f 3629 3648 3652
f 3675 3680 3630
f 3680 3675 3683
f 3700 3675 3682
f 3714 3675 3700
f 3714 3727 3675
f 3710 3673 3672
f 3672 3673 3670
f 3670 3671 3662
f 3673 3671 3670
f 3710 3671 3673
f 3487 3497 3504
f 3497 3524 3504
f 3487 3504 3526
f 3487 3526 3498
f 3498 3526 3521
f 3504 3524 3526
f 3555 3553 3552
f 4067 4054 3837
f 4067 3837 4020
f 4054 3978 3944
f 3961 3980 3943
f 4000 4071 3980
f 4000 3980 3961
f 3978 4000 3961
f 4000 3978 4054
f 4078 4020 3998
f 4077 4067 4078
f 4078 4067 4020
f 3955 4078 3998
f 4051 4078 3955
f 3955 3998 3959
f 3998 4020 3959
f 3959 3934 3865
f 3959 3865 3930
f 4020 3934 3959
f 4020 3837 3934
f 3837 4054 3944
f 4183 4171 4156
f 4171 4155 4156
f 4156 4155 4141
f 4186 4182 4180
f 4186 4183 4182
f 4183 4156 4182
f 4182 4156 4160
f 4180 4182 4147
f 4171 4144 4142
f 4171 4142 4155
f 4144 4139 4142
f 4142 4139 4140
f 3959 3930 3926
f 3959 3926 3945
f 3959 3945 3906
f 3951 3959 3906
f 3955 3959 3951
f 4160 4156 4137
f 4156 4141 4137
f 4137 4141 4087
f 4137 4087 4122
f 4087 4141 4070
f 4087 4070 4054
f 4087 4054 4067
f 4091 4087 4067
f 4091 4067 4077
f 4109 4087 4091
f 4122 4087 4109
f 4071 4000 4068
f 4000 4054 4070
f 4000 4070 4068
f 4070 4141 4068
f 4071 4068 4120
f 4120 4068 4118
f 4068 4141 4118
f 4118 4141 4129
f 4129 4141 4155
f 4129 4155 4142
f 4131 4129 4142
f 4131 4142 4140
f 4120 4118 4129
f 4120 4129 4131
f 4077 4135 4091
f 4077 4078 4135
f 4078 4051 4135
f 4109 4135 4122
f 4091 4135 4109
f 4137 4122 4148
f 4122 4135 4148
f 4135 4051 4147
f 4135 4147 4148
f 4148 4147 4182
f 4158 4148 4182
f 4160 4158 4182
f 4137 4148 4158
f 4137 4158 4160
f 3911 3917 3918
f 3920 3918 3917
f 3920 3917 3914
f 3920 3914 3927
f 3914 3917 3927
f 3927 3917 3911
f 3920 3927 3928
f 3920 3928 3931
f 3927 3911 3928
f 3928 3911 3933
f 3928 3933 3931
f 3723 3755 3669
f 3755 3837 3840
f 3776 3804 3755
f 3723 3776 3755
f 3743 3840 3871
f 3871 3943 3858
f 3871 3961 3943
f 3871 3978 3961
f 3840 3944 3978
f 3840 3978 3871
f 3868 3944 3840
f 3743 3871 3771
f 3771 3800 3746
f 3771 3858 3800
f 3771 3871 3858
f 3696 3742 3695
f 3723 3742 3776
f 3742 3804 3776
f 3742 3824 3804
f 3769 3838 3742
f 3696 3769 3742
f 3838 3855 3742
f 3742 3855 3865
f 3742 3865 3824
f 3824 3865 3860
f 3804 3824 3837
f 3804 3837 3755
f 3837 3868 3840
f 3837 3944 3868
f 3865 3934 3837
f 3860 3865 3837
f 3824 3860 3837
f 3621 3618 3639
f 3639 3618 3657
f 3604 3611 3608
f 3608 3611 3627
f 3608 3627 3618
f 3608 3618 3621
f 3604 3614 3611
f 3639 3657 3640
f 3639 3640 3643
f 3639 3643 3645
f 3865 3855 3930
f 3930 3855 3926
f 3855 3945 3926
f 3855 3906 3945
f 3855 3879 3906
f 3856 3879 3855
f 3838 3856 3855
f 3627 3632 3618
f 3618 3632 3659
f 3618 3659 3657
f 3632 3669 3684
f 3632 3684 3659
f 3684 3840 3743
f 3684 3743 3771
f 3669 3755 3840
f 3669 3840 3684
f 3632 3723 3669
f 3746 3726 3771
f 3771 3726 3684
f 3726 3691 3684
f 3691 3659 3684
f 3726 3659 3691
f 3690 3678 3726
f 3709 3690 3726
f 3746 3709 3726
f 3678 3666 3726
f 3726 3666 3659
f 3659 3666 3657
f 3666 3640 3657
f 3643 3640 3666
f 3678 3645 3643
f 3678 3643 3666
f 3723 3695 3742
f 3695 3650 3696
f 3695 3661 3650
f 3723 3632 3695
f 3632 3635 3695
f 3695 3635 3661
f 3661 3631 3650
f 3661 3614 3631
f 3661 3611 3614
f 3635 3627 3611
f 3635 3611 3661
f 3632 3627 3635
f 3901 3899 3886
f 3901 3905 3899
f 3894 3892 3895
f 3895 3892 3899
f 3895 3899 3905
f 3894 3902 3892
f 3902 3891 3892
f 3892 3891 3899
f 3891 3886 3899
f 3891 3881 3886
f 3902 3885 3891
f 3891 3885 3881
f 3885 3887 3881
f 3902 3887 3885
f 3788 3781 3842
f 3788 3842 3846
f 4320 4324 4319
f 4337 4323 4320
f 4327 4400 4325
f 4325 4328 4337
f 4426 4330 4429
f 4334 4333 4335
f 4335 4325 4337
f 4338 4320 4339
f 4347 4365 4348
f 4351 4354 4365
f 4355 4359 4354
f 4357 4361 4354
f 4350 4363 4364
f 4365 4366 4348
f 4344 4370 4371
f 4375 4373 4374
f 4345 4376 4375
f 4341 4378 4342
f 4371 4367 4380
f 4384 4383 4385
f 4386 4374 4391
f 4387 4374 4377
f 4385 4374 4387
f 4369 4390 4389
f 4342 4382 4340
f 4367 4389 4381
f 4342 4340 4339
f 4393 4351 4391
f 4394 4403 4326
f 4394 4326 4340
f 4369 4396 4390
f 4398 4399 4392
f 4351 4393 4399
f 4329 4402 4327
f 4397 4334 4403
f 4395 4413 4396
f 4336 4403 4334
f 4408 4399 4501
f 4406 4501 4398
f 4331 4409 4329
f 4334 4412 4429
f 4413 4454 4414
f 4419 4421 4418
f 4417 4418 4416
f 4419 4425 4421
f 4428 4331 4426
f 4425 4430 4431
f 4423 4431 4422
f 4418 4433 4478
f 4470 4418 4478
f 4436 4435 4469
f 4438 4440 4437
f 4442 4440 4438
f 4446 4445 4442
f 4447 4448 4446
f 4447 4446 4456
f 4359 4358 4447
f 4450 4447 4456
f 4443 4442 4457
f 4476 4464 4458
f 4463 4437 4462
f 4464 4437 4463
f 4472 4471 4483
f 4462 4440 4474
f 4470 4479 4469
f 4477 4476 4468
f 4483 4473 4485
f 4434 4487 4478
f 4487 4490 4478
f 4488 4481 4477
f 4493 4482 4491
f 4482 4485 4491
f 4428 4484 4492
f 4432 4497 4487
f 4496 4489 4488
f 4331 4504 4406
f 4491 4503 4501
f 4500 4491 4501
f 4428 4492 4504
f 4430 4505 4432
f 4432 4415 4499
f 4496 4454 4453
f 4342 4319 4322
f 4319 4324 4321
f 4319 4321 4322
f 4337 4328 4323
f 4320 4323 4324
f 4326 4337 4338
f 4333 4327 4325
f 4325 4400 4328
f 4330 4331 4329
f 4429 4330 4329
f 4429 4329 4333
f 4332 4429 4333
f 4332 4333 4334
f 4333 4329 4327
f 4336 4334 4335
f 4336 4335 4326
f 4335 4337 4326
f 4335 4333 4325
f 4340 4338 4339
f 4338 4337 4320
f 4339 4320 4319
f 4342 4339 4319
f 4341 4342 4322
f 4344 4343 4370
f 4344 4345 4343
f 4345 4346 4348
f 4346 4347 4348
f 4365 4354 4349
f 4347 4351 4365
f 4349 4354 4356
f 4351 4352 4354
f 4352 4353 4354
f 4353 4355 4354
f 4354 4359 4357
f 4357 4359 4361
f 4354 4361 4356
f 4355 4358 4359
f 4359 4360 4361
f 4356 4362 4363
f 4363 4362 4454
f 4356 4361 4362
f 4350 4356 4363
f 4349 4356 4350
f 4365 4364 4366
f 4365 4350 4364
f 4365 4349 4350
f 4345 4348 4368
f 4368 4348 4366
f 4367 4368 4369
f 4343 4345 4368
f 4368 4366 4369
f 4371 4370 4367
f 4370 4343 4368
f 4370 4368 4367
f 4375 4372 4373
f 4345 4344 4376
f 4373 4372 4377
f 4377 4374 4373
f 4341 4379 4378
f 4322 4379 4341
f 4380 4367 4381
f 4342 4378 4382
f 4383 4391 4374
f 4386 4375 4374
f 4346 4345 4375
f 4385 4383 4374
f 4340 4382 4388
f 4367 4369 4389
f 4388 4394 4340
f 4392 4393 4391
f 4391 4351 4386
f 4384 4391 4383
f 4384 4392 4391
f 4394 4397 4403
f 4366 4395 4396
f 4338 4340 4326
f 4369 4366 4396
f 4366 4364 4395
f 4336 4326 4403
f 4398 4501 4399
f 4408 4353 4399
f 4353 4351 4399
f 4392 4399 4393
f 4327 4401 4400
f 4327 4402 4401
f 4329 4409 4402
f 4364 4404 4413
f 4395 4364 4413
f 4364 4363 4404
f 4334 4397 4405
f 4331 4406 4407
f 4358 4408 4501
f 4331 4410 4409
f 4331 4411 4410
f 4331 4407 4411
f 4334 4405 4412
f 4404 4454 4413
f 4363 4454 4404
f 4429 4412 4415
f 4332 4334 4429
f 4435 4416 4470
f 4416 4418 4470
f 4436 4417 4416
f 4436 4416 4435
f 4418 4421 4422
f 4420 4419 4418
f 4417 4420 4418
f 4422 4421 4423
f 4421 4425 4423
f 4419 4424 4425
f 4423 4425 4431
f 4425 4428 4427
f 4424 4428 4425
f 4428 4426 4427
f 4426 4331 4330
f 4427 4426 4429
f 4430 4427 4429
f 4431 4430 4432
f 4425 4427 4430
f 4434 4422 4432
f 4434 4432 4487
f 4422 4431 4432
f 4433 4422 4434
f 4478 4433 4434
f 4418 4422 4433
f 4459 4437 4464
f 4459 4438 4437
f 4439 4442 4438
f 4480 4438 4459
f 4442 4441 4440
f 4442 4444 4441
f 4443 4446 4442
f 4442 4445 4444
f 4446 4448 4445
f 4447 4449 4448
f 4447 4451 4449
f 4361 4447 4450
f 4447 4452 4451
f 4447 4358 4452
f 4360 4359 4447
f 4361 4360 4447
f 4362 4361 4450
f 4453 4362 4450
f 4454 4362 4453
f 4453 4456 4455
f 4489 4455 4443
f 4455 4446 4443
f 4455 4456 4446
f 4453 4450 4456
f 4489 4443 4457
f 4481 4438 4480
f 4439 4438 4481
f 4457 4442 4439
f 4476 4459 4464
f 4476 4480 4459
f 4471 4465 4460
f 4471 4460 4461
f 4462 4437 4440
f 4466 4465 4471
f 4467 4466 4471
f 4475 4467 4471
f 4469 4435 4470
f 4468 4476 4458
f 4471 4461 4483
f 4483 4461 4473
f 4474 4440 4441
f 4472 4475 4471
f 4470 4478 4479
f 4477 4480 4476
f 4477 4481 4480
f 4478 4490 4479
f 4495 4483 4482
f 4482 4483 4485
f 4486 4472 4483
f 4495 4486 4483
f 4488 4489 4439
f 4488 4439 4481
f 4489 4457 4439
f 4487 4497 4490
f 4493 4495 4482
f 4491 4485 4494
f 4428 4424 4484
f 4496 4498 4489
f 4432 4499 4497
f 4498 4455 4489
f 4498 4453 4455
f 4406 4500 4501
f 4501 4502 4358
f 4501 4503 4502
f 4491 4494 4503
f 4500 4493 4491
f 4331 4428 4504
f 4432 4505 4415
f 4496 4453 4498
f 4496 4414 4454
f 4505 4429 4415
f 4430 4429 4505
f 4556 4555 4553
f 4557 4554 4551
f 4556 4553 4554
f 4556 4554 4557
f 4538 4542 4540
f 4543 4545 4542
f 4543 4542 4538
f 4537 4535 4534
f 4538 4540 4535
f 4538 4535 4537
f 4542 4536 4540
f 4542 4544 4539
f 4542 4539 4536
f 4536 4539 4533
f 4535 4536 4533
f 4535 4533 4534
f 4540 4536 4535
f 4555 4550 4553
f 4550 4545 4553
f 4553 4545 4552
f 4554 4553 4552
f 4554 4552 4551
f 4545 4550 4544
f 4545 4544 4541
f 4541 4544 4542
f 4545 4541 4542
f 4551 4552 4548
f 4543 4552 4545
f 4543 4546 4552
f 4546 4548 4552
f 4547 4548 4546
f 4549 4551 4548
f 4549 4548 4547
f 4507 4506 4508
f 4507 4508 4509
f 4519 4523 4522
f 4523 4526 4522
f 4522 4526 4525
f 4523 4528 4526
f 4523 4529 4528
f 4528 4529 4530
f 4530 4529 4532
f 4526 4528 4527
f 4528 4530 4527
f 4530 4532 4527
f 4527 4532 4531
f 4525 4527 4531
f 4509 4508 4510
f 4508 4506 4510
f 4520 4510 4517
f 4509 4510 4520
f 4517 4522 4521
f 4522 4525 4521
f 4525 4526 4527
f 4525 4531 4524
f 4521 4525 4524
f 4517 4521 4524
f 4517 4524 4520
f 4506 4511 4518
f 4506 4518 4510
f 4511 4512 4518
f 4513 4514 4518
f 4513 4518 4512
f 4515 4514 4513
f 4515 4516 4518
f 4515 4518 4514
f 4519 4522 4518
f 4519 4518 4516
f 4517 4510 4518
f 4517 4518 4522
f 4559 4560 4638
f 4559 4638 4562
f 4587 4671 4564
f 4644 4566 4567
f 4566 4569 4568
f 4573 4575 4572
f 4570 4578 4579
f 4588 4564 4584
f 4580 4589 4583
f 4593 4594 4592
f 4599 4588 4597
f 4621 4603 4604
f 4605 4665 4603
f 4603 4665 4779
f 4608 4586 4607
f 4610 4607 4585
f 4583 4591 4561
f 4613 4615 4609
f 4609 4615 4754
f 4648 4616 4619
f 4620 4617 4616
f 4620 4618 4617
f 4621 4604 4618
f 4618 4603 4616
f 4622 4610 4624
f 4624 4585 4588
f 4624 4588 4599
f 4623 4599 4598
f 4626 4703 4628
f 4709 4626 4560
f 4788 4637 4639
f 4562 4638 4637
f 4639 4622 4625
f 4703 5206 4628
f 4636 4630 5206
f 4642 4630 4635
f 4628 4590 4582
f 4584 4563 4644
f 4644 4567 4568
f 4646 4648 4645
f 4645 4648 4619
f 4689 4651 4650
f 4651 6810 4650
f 4650 4652 4593
f 4653 4560 4559
f 4653 4559 4656
f 4659 4660 4657
f 4657 4590 4640
f 4659 4657 4661
f 4590 4662 4589
f 4590 4657 4662
f 4665 4666 4668
f 4669 4666 4665
f 4669 4572 4666
f 4666 4572 4667
f 4565 4671 4566
f 4671 4676 4672
f 4679 4778 4678
f 4615 4678 4677
f 4681 4777 4679
f 4614 4679 4678
f 4575 4687 4576
f 4574 4687 4575
f 4688 4651 4687
f 4687 4689 5261
f 4687 5261 5260
f 5431 4692 4693
f 4699 5110 4696
f 4703 4704 4705
f 4703 4707 4708
f 4626 4709 4627
f 4597 4584 4712
f 5318 4728 4727
f 4720 4721 4718
f 4721 5271 5362
f 4737 4734 5450
f 4735 4733 4737
f 4739 5332 5202
f 4656 4741 4709
f 4741 5434 4743
f 4710 4743 4744
f 4672 4745 4569
f 4569 5085 4571
f 4748 4747 4738
f 4748 5201 4747
f 4615 4677 4754
f 4757 4655 4694
f 4756 4755 5431
f 4785 4600 4762
f 4762 4579 4760
f 4761 4759 5310
f 4668 4674 4765
f 4668 4764 4674
f 4764 4676 4674
f 4646 4766 4753
f 4646 4767 4766
f 4753 4663 4752
f 4770 4787 4788
f 4769 4639 4772
f 4773 4774 4775
f 4766 4776 4664
f 4768 4776 4767
f 4619 4776 4768
f 4683 4777 4682
f 4664 4616 4683
f 4603 4779 4777
f 4668 4765 4780
f 4780 4765 4778
f 4783 4592 4781
f 4578 4596 4760
f 4775 4784 4786
f 4598 4597 4784
f 4601 4600 4785
f 4786 4601 4761
f 4558 4559 4788
f 4790 4793 4791
f 4792 4791 4729
f 4796 4715 4719
f 4810 4814 4811
f 4811 4814 4812
f 4810 4815 4813
f 4807 4817 4815
f 4816 4818 4819
f 4816 4819 4820
f 4814 4820 4821
f 4822 4821 4823
f 4812 4814 4822
f 4825 4826 4824
f 4812 4822 4826
f 4826 4823 4827
f 4824 4827 4828
f 4825 4828 4829
f 4839 4838 4831
f 4833 4837 4838
f 4831 4838 5399
f 4832 4825 4839
f 4830 4840 4833
f 4846 4812 4832
f 4831 4846 4832
f 5399 4847 4831
f 4854 4810 4853
f 4857 4856 4853
f 4859 4861 4856
f 4861 4809 4808
f 4856 4808 4854
f 4725 4869 4728
f 4851 4855 4726
f 4726 4855 4725
f 4841 4855 4850
f 4868 4855 4841
f 4873 5387 4872
f 5397 5387 4874
f 4876 4879 4878
f 4875 4879 4877
f 4881 4884 4880
f 4880 4884 4887
f 4887 4890 4885
f 4896 4902 4893
f 4892 4893 5384
f 4849 4898 4896
f 4903 4898 4847
f 4898 4902 4896
f 4903 4905 4900
f 4815 4912 4818
f 4807 4907 4817
f 4908 4910 4907
f 4907 4911 4912
f 4914 4921 4917
f 5304 4920 4914
f 4809 4908 4922
f 4808 4908 4807
f 4917 4924 4923
f 4923 4924 4908
f 4927 4926 4928
f 4931 4932 4946
f 4936 4938 4935
f 4941 4933 4940
f 4947 4946 4945
f 4946 4948 4949
f 4944 4949 4997
f 4986 4943 5039
f 4954 4960 4958
f 5147 5014 5143
f 4962 5022 5027
f 5143 5014 4964
f 5014 5015 4964
f 4965 4968 4966
f 4964 4990 4968
f 4970 4973 5469
f 5454 4979 4974
f 5113 4982 4981
f 4926 4927 4984
f 4950 4986 4985
f 4985 4991 5013
f 4990 4967 4968
f 4990 4964 4993
f 4997 4994 5003
f 5002 4957 4956
f 5004 5002 4956
f 5003 5002 5004
f 4937 5010 5007
f 4999 5007 4995
f 4995 5009 4996
f 5007 5009 4995
f 5010 5008 5007
f 5014 5147 5011
f 4934 5006 4935
f 4942 5012 5006
f 4941 4985 5012
f 5015 5014 5013
f 4993 5015 4991
f 5014 5011 5013
f 4997 5003 5025
f 5018 5026 5019
f 5019 5027 5022
f 5023 5027 5019
f 5032 4951 5030
f 4940 5054 5034
f 5035 5036 5037
f 5039 5037 5040
f 4970 5462 4973
f 5043 5062 5462
f 5048 5053 5046
f 5047 5053 5049
f 5051 5465 5050
f 5050 5465 5053
f 4933 5055 5054
f 4933 5046 5055
f 5046 5053 5057
f 5057 5052 5058
f 5054 5058 5036
f 4970 4972 5042
f 5059 5062 5043
f 5042 4980 5043
f 5063 5068 5064
f 5066 5028 5063
f 5030 5070 5029
f 5070 5041 5029
f 5029 5071 5069
f 5069 5071 5063
f 5020 5073 5019
f 5021 5072 5073
f 4695 5076 5130
f 4700 5077 5076
f 5110 4717 5077
f 5111 5087 4797
f 5084 5082 5080
f 4632 4698 4699
f 5080 4632 4631
f 4631 4630 4636
f 4667 5085 4670
f 4572 5086 5085
f 4670 4746 4745
f 4670 4745 4676
f 5208 5087 5082
f 5088 5089 5219
f 5106 5219 4707
f 5466 5091 5104
f 4931 5092 5091
f 5091 5093 5094
f 5073 5096 5019
f 5075 5096 5073
f 5176 5096 5075
f 5091 5101 5093
f 4931 5099 5092
f 4976 5102 5454
f 5102 5094 5105
f 5108 4627 4744
f 4698 5111 4699
f 5111 4719 5110
f 4982 5113 4983
f 5112 4983 5074
f 5153 5112 5151
f 4730 4715 5114
f 5319 5117 5250
f 5322 5324 5117
f 4731 5121 5119
f 5119 5122 5116
f 5118 5116 5123
f 5124 4733 4735
f 4697 5130 5128
f 4570 4571 4578
f 4649 4593 4783
f 5133 5223 5136
f 5138 4967 5264
f 4967 4969 5264
f 5143 4964 5142
f 5142 4965 5140
f 5142 5140 5139
f 5141 5139 5138
f 5146 4963 4962
f 4959 5143 5142
f 5148 5149 4954
f 5152 5151 5156
f 5152 5156 4953
f 5152 4953 5144
f 5158 5152 5144
f 5169 5152 5158
f 5179 4981 5154
f 5135 5154 5134
f 5151 5074 5156
f 5074 4983 5072
f 4953 5156 4952
f 5274 4928 5153
f 4928 4983 5153
f 4805 4802 4800
f 4801 5150 5160
f 5157 4801 5160
f 5164 5282 5126
f 5168 5151 5169
f 5158 5145 5150
f 5167 5169 5158
f 5163 5141 5171
f 5173 5137 5172
f 5172 5264 4843
f 5175 5177 5176
f 5177 4981 5155
f 5178 5176 5155
f 5180 5132 5182
f 5182 5136 5183
f 5182 5183 5181
f 4797 5184 4795
f 5184 5154 4981
f 5185 4981 4984
f 5186 4984 4927
f 5114 4795 5115
f 5187 5185 5186
f 5270 5186 5188
f 5121 5189 5122
f 4799 4800 5192
f 5192 4798 5190
f 5192 5190 5189
f 5195 5172 5194
f 5194 4843 4842
f 5197 4750 5196
f 5366 5196 5198
f 5199 5197 5366
f 5200 5201 5197
f 5196 5202 5203
f 5084 5206 5205
f 5206 5084 4636
f 5209 5210 5208
f 5205 5209 5083
f 5211 5214 5210
f 5083 5081 5084
f 5216 5134 5215
f 5087 5215 5134
f 5216 5087 5213
f 4705 4629 4703
f 4702 5217 4701
f 5207 5206 5217
f 4701 5217 4629
f 5204 5211 5205
f 4702 5216 5218
f 5218 5212 5211
f 4707 5219 4711
f 4704 5220 4705
f 4711 5219 4704
f 5224 5220 5219
f 5225 5227 5228
f 5225 5228 5230
f 4724 5225 5245
f 5245 5230 5244
f 5248 5191 5231
f 5234 4862 4858
f 5234 5236 5233
f 5237 5233 5230
f 5237 5230 5238
f 5242 5233 5236
f 5243 5241 4858
f 4726 5246 5243
f 4726 4724 5246
f 5243 5245 5244
f 4724 5250 5247
f 5249 5231 5251
f 5247 5248 5225
f 5231 5252 5251
f 5231 5194 5252
f 5252 5194 5253
f 5253 4844 5227
f 5227 5297 5254
f 4803 5256 5255
f 5256 4802 5162
f 5255 5256 5195
f 5125 5258 5127
f 5297 5229 5254
f 4576 5261 5086
f 5261 4571 5085
f 5266 5166 5265
f 5265 5166 5263
f 5263 4843 5264
f 5033 5268 4987
f 5268 5032 5031
f 5264 4969 5262
f 4989 4969 4992
f 5271 5272 5270
f 5114 5115 5272
f 5193 5270 5277
f 5275 4928 5274
f 5273 5153 5170
f 5273 5170 5167
f 5277 4927 5275
f 4731 5119 4732
f 5278 5118 5279
f 5126 5281 4733
f 5126 5282 5281
f 5285 5289 5449
f 5285 5449 5284
f 5442 5294 5295
f 5127 5297 4844
f 5165 4844 5166
f 5296 5165 5164
f 5127 5164 5126
f 5124 4735 5300
f 5305 5300 4919
f 5298 5305 5238
f 5235 5302 5234
f 4913 5301 4918
f 5305 5304 5303
f 5238 5303 5239
f 5238 5305 5303
f 4918 5301 5302
f 5306 5295 5308
f 5285 5308 5286
f 5310 4782 4595
f 5312 4635 4686
f 5335 4661 4686
f 5314 5315 5316
f 4790 5316 4793
f 5320 5321 5318
f 5316 5317 5320
f 5319 4723 5321
f 5324 5322 5323
f 5323 5315 5314
f 5334 5333 5345
f 5128 5332 4685
f 5202 5128 5129
f 5347 5331 5339
f 5341 5340 5342
f 5326 5346 5345
f 5346 5331 5347
f 5347 5348 5345
f 5349 5350 5351
f 4732 5354 5363
f 4718 4719 4720
f 4716 5076 4717
f 5203 5078 5076
f 5076 5077 4717
f 5345 5358 5327
f 5326 5357 5325
f 5363 5356 5364
f 5362 5364 5365
f 5203 5367 5198
f 4722 5362 5367
f 5367 5365 5368
f 5198 5368 5369
f 5348 5311 5335
f 5370 4658 5311
f 5374 5371 4871
f 5371 5373 5383
f 4878 5371 5383
f 5375 5377 5392
f 5320 5378 4729
f 5318 5376 5320
f 5318 4727 5376
f 5376 4728 5377
f 5377 5375 5376
f 5378 5375 5393
f 5338 5379 5331
f 5380 4646 4753
f 5338 4753 5336
f 4876 5383 5381
f 5382 5381 4891
f 5384 4902 5385
f 5384 5385 5386
f 5387 5384 5386
f 4865 5388 5371
f 4886 4885 5381
f 4886 5381 5373
f 5390 4882 5391
f 4867 5391 4864
f 4849 5390 4867
f 5395 4881 5396
f 5391 4887 5389
f 5371 5394 5372
f 5371 4878 5394
f 5372 4875 5392
f 5392 4877 5393
f 4895 5397 5395
f 4893 4895 5396
f 4838 4837 5399
f 5399 5400 4904
f 4903 5398 4904
f 4938 5401 4939
f 4937 5401 4938
f 5401 4997 4949
f 5047 4949 4948
f 5048 5401 5049
f 5411 5403 5410
f 5403 5409 5410
f 5415 5404 5416
f 5417 5405 5415
f 5419 5405 5418
f 5421 5407 5422
f 5428 4787 5426
f 5427 5425 4773
f 4690 5431 5430
f 5432 5429 5427
f 5433 4693 5434
f 4741 5433 4742
f 5338 5435 5344
f 5437 5344 5435
f 5438 5331 5330
f 5031 5269 5268
f 5265 5442 5447
f 5029 5444 5030
f 5028 5445 5029
f 5444 5291 5442
f 5265 5447 5266
f 5446 5307 5285
f 5446 5284 5282
f 4736 5449 5448
f 5450 5448 5289
f 5291 5452 5294
f 5064 5451 5292
f 5454 5088 5453
f 5109 5453 5106
f 4978 5454 5453
f 5459 5050 4948
f 5462 5463 5461
f 5461 5464 5051
f 5461 5051 5050
f 5103 4974 5466
f 5467 5460 5468
f 5467 4970 5460
f 5468 5460 5459
f 4979 4977 5059
f 5470 4977 5109
f 5358 5472 5357
f 4738 5471 5333
f 4738 5332 4739
f 5475 5478 5479
f 5501 5484 5482
f 5697 5493 5492
f 5487 4573 5485
f 5489 5490 5493
f 5492 5493 5490
f 5499 5498 5503
f 5494 5504 5505
f 4652 5561 5508
f 5508 5560 5698
f 5508 5698 5696
f 5669 5491 5489
f 5668 5669 5612
f 5524 5577 5521
f 5521 5525 5520
f 5520 5525 5526
f 5520 5526 5695
f 5538 5499 5539
f 5495 5527 5528
f 5528 5530 5496
f 5495 5528 5494
f 5527 5531 5530
f 5526 5525 5534
f 5534 5536 5533
f 5533 5537 5556
f 5516 5519 5499
f 5687 5538 5540
f 5543 5497 5541
f 5479 5494 5543
f 5544 5603 5989
f 5540 5529 5546
f 5540 5539 5529
f 5546 5529 5478
f 5477 5540 5546
f 5548 5497 5494
f 5545 6216 5544
f 5549 6216 5545
f 5489 5493 5553
f 5500 5553 5501
f 5518 5553 5500
f 5555 5557 4647
f 5558 4647 5559
f 5563 5564 5561
f 5561 5564 6049
f 5652 5565 5566
f 5569 5551 5506
f 5571 5506 5575
f 5678 5575 5680
f 5575 5570 5571
f 5587 5575 5506
f 5573 5506 5505
f 5485 5577 5576
f 5576 5577 5524
f 5576 5524 5523
f 5578 5482 5484
f 5582 5583 5580
f 5583 5584 5580
f 5580 5584 5581
f 5587 5573 5586
f 5572 5505 5532
f 5572 5532 5581
f 6244 5590 6243
f 5564 6812 5594
f 5594 6812 5593
f 5593 6812 5487
f 5596 5598 5597
f 5597 5598 5595
f 5597 5595 5601
f 5602 5591 5588
f 6046 5602 5588
f 5608 5609 5605
f 5609 5541 5605
f 5543 5611 5479
f 5541 5611 5543
f 5616 5614 5618
f 5621 5622 5631
f 5619 5614 5616
f 5631 5616 5618
f 5623 5628 5629
f 5634 5633 6175
f 6204 5637 5638
f 5640 5641 5637
f 5611 5648 5647
f 5611 5650 5648
f 5648 5651 5649
f 5649 5651 6328
f 5649 6328 5652
f 5647 5648 5649
f 5653 5484 5481
f 5654 5481 5483
f 5658 5645 5657
f 5571 5660 5568
f 5570 5660 5571
f 5503 5663 5531
f 5503 5482 5663
f 5664 5482 5581
f 5665 5476 5567
f 5670 6211 5667
f 6211 6212 5667
f 5667 5668 5672
f 5656 5673 5579
f 5656 5674 5673
f 5675 5576 5674
f 5674 5522 5673
f 5673 5522 5677
f 5695 5673 5677
f 5678 5555 5574
f 5681 5554 5678
f 5555 5558 5574
f 5574 5661 5679
f 5684 5690 5547
f 5690 5516 5685
f 5587 5692 5533
f 5586 5585 5692
f 5694 5534 5693
f 5533 5681 5680
f 5585 5583 5694
f 5512 5697 5513
f 5507 5696 5512
f 5697 5492 5513
f 5689 5701 5690
f 5700 5667 5701
f 5701 5517 5514
f 5691 5514 5515
f 5665 5546 5476
f 5601 5702 5665
f 5666 5702 5601
f 6223 5705 6224
f 5705 5710 5708
f 6033 5984 5617
f 6033 5713 5984
f 5715 5717 5721
f 5721 5714 5719
f 5768 5723 5725
f 5762 5724 5765
f 5727 5728 5730
f 5731 5732 5727
f 5733 4821 5732
f 5732 4820 5728
f 5728 4819 5730
f 5730 4818 5729
f 5765 5734 5723
f 5724 5730 5765
f 5737 5736 5731
f 5738 5739 5737
f 5738 4829 5739
f 5739 4828 5735
f 5735 4827 5736
f 5736 4823 5733
f 5742 5745 5741
f 5741 5744 5740
f 5740 5746 5743
f 5747 5738 5745
f 5746 5750 5756
f 5746 5744 5750
f 5759 5726 5724
f 5758 5743 5757
f 5756 5743 5746
f 5755 5749 5774
f 5780 5749 5759
f 5759 5724 5761
f 5763 5762 5764
f 5766 5768 5770
f 5776 5777 5775
f 5774 5775 5755
f 5630 5782 5781
f 5781 5778 5763
f 5782 5630 6273
f 5787 4874 5785
f 5788 5789 5785
f 4884 5796 5797
f 4884 5798 5796
f 4874 5787 5798
f 5797 5796 6292
f 5803 5804 6299
f 5799 5803 6299
f 5806 5808 5805
f 5804 5805 5755
f 5803 5805 5804
f 5802 5805 5803
f 5755 5805 5749
f 5807 6302 5809
f 5808 5807 5809
f 4912 5729 4818
f 4911 5812 4912
f 5820 5821 5816
f 5816 5773 5771
f 5816 5771 5772
f 5824 5825 5821
f 5829 5826 5812
f 5828 5816 5829
f 5826 5772 5769
f 5826 5769 5725
f 5812 5725 5723
f 5832 5833 5831
f 5830 5892 5834
f 5835 5836 6009
f 5847 5839 5840
f 5847 5842 5839
f 5841 5839 5845
f 5855 5836 5852
f 5854 5855 5853
f 5857 5836 5856
f 5851 5852 5857
f 5934 5860 5858
f 5861 5939 5849
f 5864 5928 5863
f 5866 5932 5873
f 5872 5871 5875
f 5881 5877 5876
f 5900 5878 5879
f 5878 5876 6056
f 5883 5882 5950
f 5882 6358 5887
f 5882 5887 6353
f 5885 6019 6358
f 5922 5896 5898
f 5862 5897 5858
f 5900 5879 5902
f 5900 5897 5896
f 5904 5911 5908
f 5912 5909 5904
f 5904 5906 5905
f 5906 5911 5905
f 5909 5910 5906
f 5844 5914 5913
f 5908 5914 5907
f 5845 5913 5841
f 5916 5915 5910
f 5917 5918 5914
f 5915 5914 5911
f 5840 5918 5847
f 5872 5921 5869
f 5901 5922 5921
f 5922 5898 5919
f 5920 5919 5918
f 6009 5924 5856
f 5835 5856 5836
f 5977 5928 5925
f 5923 5925 5924
f 5856 5931 5929
f 5856 5929 5857
f 5925 5933 5932
f 5933 5873 5932
f 5930 5909 5912
f 5929 5909 5930
f 5934 5936 5974
f 5939 5941 5938
f 5938 5943 5944
f 5849 5937 5846
f 5939 5938 5849
f 5946 5948 5945
f 5945 5949 5939
f 5934 5945 5860
f 5965 5953 5883
f 5965 5883 5950
f 5960 5956 5954
f 5960 5964 5956
f 5957 5958 5956
f 5956 5854 5959
f 5955 5954 5959
f 5944 5962 5960
f 5961 5960 5955
f 5953 5884 5882
f 5965 5884 5953
f 5965 5967 6364
f 6364 5885 5884
f 5972 5973 5969
f 5976 5975 5973
f 5976 5946 5975
f 5982 5646 5981
f 6026 5615 5614
f 5552 5993 5992
f 5992 5989 5991
f 5655 5486 5994
f 5486 5576 5676
f 5994 5676 5675
f 5994 5675 5656
f 5996 5987 5986
f 5988 6126 5997
f 6002 6349 5998
f 5998 6349 6348
f 5998 6024 5999
f 6005 6022 6004
f 6004 6006 6008
f 6015 6095 5979
f 6008 6010 6016
f 6008 6017 6010
f 6010 6015 6016
f 6016 5923 6009
f 6020 5889 6349
f 5889 6021 6005
f 5611 6025 5610
f 6025 6024 6365
f 5990 6026 5988
f 5982 5981 5602
f 6026 5614 5712
f 5987 5711 5984
f 6026 5712 5987
f 6027 6028 5892
f 6030 6031 6027
f 6028 5978 6032
f 5892 6032 5891
f 5622 5636 5614
f 6103 6180 6040
f 6043 5633 6103
f 5638 6166 6204
f 5642 6045 5638
f 6047 6046 5590
f 5644 6046 6047
f 5982 5602 5983
f 5698 6050 5699
f 5560 6049 6048
f 5699 6050 5697
f 6052 6054 6097
f 5879 6056 6055
f 6056 6060 6055
f 6059 6062 6060
f 6075 5864 6063
f 5874 5870 6067
f 6066 5866 6069
f 6069 5866 6078
f 6077 6064 6075
f 6063 5865 6070
f 6054 5985 6071
f 6072 5893 5891
f 6070 5865 6030
f 5978 5865 5928
f 6031 5980 5978
f 6089 6070 6073
f 6089 6029 6027
f 5831 5894 5830
f 5833 6027 5831
f 5720 6077 5721
f 6077 5715 5721
f 6079 6068 6060
f 6068 6078 6080
f 5751 6198 6082
f 6076 6088 6086
f 6086 6063 6074
f 6086 6074 6087
f 6176 6087 6089
f 6091 6092 6090
f 6055 6091 6057
f 6093 5754 6085
f 6057 6090 6093
f 6090 6111 6093
f 6085 5754 6112
f 6094 6032 5978
f 6094 5891 6032
f 6097 6014 6013
f 6051 6072 6096
f 6096 6072 6095
f 6014 6096 6015
f 5834 6098 6100
f 5834 5891 6098
f 6098 5893 6100
f 5718 6102 6039
f 6104 6042 6103
f 5719 6106 6104
f 5717 6107 5714
f 5714 6107 6105
f 6149 5754 6150
f 6150 5753 6110
f 6110 5753 6111
f 6113 6114 5620
f 6115 6116 6114
f 6114 6118 6119
f 5552 6122 6123
f 5997 6123 5988
f 6124 6130 6123
f 5541 6127 5542
f 5550 6127 5541
f 5550 6128 6127
f 5550 6129 6128
f 6129 6120 6128
f 6120 5606 5605
f 6124 5605 6131
f 6131 5606 6120
f 6130 6120 6121
f 5609 6132 5999
f 5998 6134 6000
f 5999 6132 5998
f 6137 5607 6135
f 6052 6137 6135
f 6052 6132 6137
f 6135 6124 6053
f 6143 6140 6138
f 6138 6141 6142
f 6143 6138 6142
f 6146 6147 6140
f 6149 6148 6160
f 6110 6148 6150
f 6159 5718 6039
f 6151 5773 6152
f 6152 6147 6146
f 5764 6151 5767
f 6155 6146 6143
f 6157 6143 6145
f 5767 6155 5760
f 5760 6156 6157
f 6158 6039 6037
f 5626 6037 5625
f 6145 6158 5626
f 6160 6112 6149
f 6140 6139 6138
f 6160 5752 6112
f 6139 6161 6160
f 6068 5720 5719
f 6068 6104 6163
f 6163 5718 6162
f 6144 6165 6164
f 6165 6147 6164
f 5483 5593 5654
f 6049 5564 5593
f 5593 5487 5995
f 6170 6169 6168
f 6057 6168 6058
f 6085 6170 6057
f 6170 6172 6169
f 5899 5935 5859
f 5899 5902 5935
f 5880 5902 5879
f 5879 6174 5880
f 6058 6174 5879
f 5935 6174 6335
f 6034 5621 6035
f 6035 5635 6175
f 6044 6175 5633
f 6105 6175 6043
f 6086 5716 5715
f 6176 6177 6107
f 5830 6107 5831
f 6101 6175 6107
f 6179 5633 5632
f 6339 5642 5637
f 6185 6082 6184
f 6184 6081 6183
f 6343 6187 6186
f 6191 6196 6194
f 6194 6197 6192
f 6082 6199 6081
f 6198 6199 6082
f 6202 6813 6201
f 6201 6204 6166
f 6201 6166 6164
f 6205 5821 5822
f 5825 6202 6206
f 6154 6147 6153
f 6205 6153 6152
f 6187 6208 6191
f 6210 6191 6194
f 6214 6213 6211
f 6214 5508 6213
f 6213 5507 6211
f 6211 5507 5512
f 5667 5511 5669
f 6212 5511 5667
f 5590 6215 6217
f 5544 6216 5592
f 6215 6216 5569
f 6219 6223 6222
f 6038 6220 5626
f 6224 5708 5627
f 5626 6223 5627
f 6228 6221 6227
f 6227 6218 6038
f 6040 6227 6041
f 6254 6233 6230
f 6047 5643 5644
f 6243 6238 6367
f 6246 6247 6248
f 6251 6250 6263
f 6252 6179 6250
f 5615 6253 5618
f 5981 6253 5615
f 5644 6113 5646
f 6235 6255 6230
f 6238 6255 6367
f 6261 5621 6260
f 6263 6260 6265
f 5621 5631 6260
f 6265 6264 6118
f 6259 5631 6262
f 6262 5618 6264
f 6264 5620 6119
f 5662 6267 5660
f 5662 6268 6267
f 6291 5783 6270
f 6273 5784 5782
f 6248 5627 5708
f 6276 5628 6248
f 6271 6273 6275
f 5661 6277 5662
f 6278 6241 6277
f 6277 6241 5662
f 6281 5793 5792
f 6283 6292 5793
f 6284 5797 6292
f 5793 6292 6280
f 5788 6286 5789
f 5788 6285 6286
f 5788 6287 6285
f 6287 6288 5799
f 6292 6289 6280
f 5783 6290 5776
f 5796 6294 6293
f 6293 5777 5776
f 5790 6296 6274
f 6297 5795 6270
f 6297 6272 6271
f 6295 5755 5777
f 6294 6298 6295
f 5785 6299 6294
f 6298 5804 5755
f 5809 5811 5740
f 6301 5741 6302
f 5740 5743 5758
f 5740 5758 5757
f 5959 5852 6303
f 6304 5904 5908
f 6304 5907 6305
f 6305 5844 5843
f 6304 5843 5845
f 6303 5845 5839
f 6315 6309 6311
f 6308 6316 6317
f 6312 6311 6319
f 6323 5547 6322
f 6326 6322 6325
f 6325 6324 5666
f 6325 5666 5601
f 6328 6329 6327
f 6327 6329 5596
f 5652 6327 5665
f 6241 6816 6232
f 6333 6232 6816
f 6334 6234 6333
f 6169 6194 6335
f 6336 5936 6335
f 6336 6192 6337
f 6336 6337 5974
f 6336 5974 5936
f 6340 6338 6185
f 6083 6191 6171
f 6172 6210 6169
f 5640 6340 5641
f 6343 6186 6340
f 6339 6182 6183
f 6345 6344 6197
f 6346 5969 6344
f 6344 6337 6193
f 6344 6193 6192
f 6348 6349 5888
f 6357 5882 6353
f 6354 6357 5958
f 6356 5965 6357
f 6019 6005 6360
f 6353 6358 6361
f 6361 6362 5958
f 6358 6359 6362
f 6362 5855 5854
f 6364 6363 5885
f 5885 6363 5888
f 5967 6363 6364
f 6240 6366 6367
f 6368 6255 6258
f 5351 6369 5349
f 6247 6246 6370
f 6421 5313 6377
f 6381 6382 5313
f 6425 6382 6381
f 6385 6384 6388
f 6386 6396 6389
f 6392 6494 6393
f 6393 6394 6396
f 6387 6398 6397
f 6400 6393 6398
f 6398 6396 6397
f 6387 6397 6386
f 6401 6405 6403
f 6409 6445 6408
f 6404 6414 6413
f 6404 6417 6414
f 6384 6383 6388
f 6396 6395 6389
f 6389 6418 6417
f 6417 6415 6414
f 6381 6419 6423
f 6420 6381 6524
f 6420 6427 6426
f 6424 6429 6430
f 6379 6432 6431
f 6433 6434 6431
f 6440 6438 6460
f 6442 6465 6443
f 6441 6439 6437
f 6411 6450 6412
f 6445 6448 6410
f 6446 6447 6445
f 6410 6449 6450
f 6454 6410 6451
f 6456 6566 6460
f 6444 6457 6439
f 6465 6459 6461
f 6469 6481 6467
f 6467 6471 6472
f 6474 6468 6467
f 6473 6472 6476
f 6474 6477 6468
f 6477 6479 6480
f 6479 6375 6480
f 6375 6374 6480
f 6480 6481 6469
f 6480 6469 6467
f 6468 6480 6467
f 6483 6482 6465
f 6483 6484 6482
f 6484 6486 6482
f 6392 6489 6493
f 6492 6501 6493
f 6494 6493 6505
f 6413 6500 6405
f 6414 6497 6413
f 6416 6496 6414
f 6415 6496 6416
f 6499 6408 6496
f 6497 6412 6500
f 6504 6502 6501
f 6505 6503 6440
f 6405 6507 6506
f 6508 6443 6507
f 6507 6441 6490
f 6490 6437 6504
f 6490 6504 6491
f 6510 6516 6511
f 6511 6515 6512
f 6531 6520 6517
f 6520 6521 6517
f 6516 6522 6514
f 6419 6422 6523
f 6523 6525 6526
f 6523 6527 6525
f 6525 6387 6386
f 6526 6384 6534
f 6399 6528 6548
f 6399 6529 6528
f 6529 6527 6530
f 6548 6530 6509
f 6510 6533 6531
f 6533 6422 6531
f 6531 6422 6532
f 6520 6532 6435
f 6531 6532 6519
f 6538 6535 6534
f 6538 6534 6401
f 6537 6428 6538
f 6535 6539 6523
f 6543 6488 6542
f 6546 6373 6372
f 6562 6372 6479
f 6512 6548 6511
f 6544 6548 6513
f 6542 6489 6544
f 6514 6434 6550
f 6516 6431 6522
f 6553 6433 6549
f 6551 6552 6542
f 6513 6551 6544
f 6552 6549 6554
f 6555 6521 6435
f 6556 6376 6436
f 6379 6555 6558
f 5279 6558 6559
f 6559 6556 6436
f 6465 6560 6459
f 6560 6478 6546
f 6459 6560 6562
f 6458 6565 6564
f 6564 6477 6474
f 6457 6476 6566
f 6484 6577 6485
f 6483 6568 6484
f 6482 6584 6561
f 6584 6547 6569
f 6574 6571 6573
f 6578 6583 6580
f 6485 6584 6486
f 6570 6575 5438
f 6585 6588 6373
f 6373 6571 6371
f 6546 6585 6373
f 6586 6588 6585
f 6373 6573 6571
f 6587 5438 6586
f 6545 6586 6546
f 6569 6586 6545
f 6547 6586 6569
f 6584 6587 6547
f 6584 5438 6587
f 6483 6451 6590
f 6452 6455 6591
f 6452 6591 6589
f 6689 6592 6688
f 6219 6636 6596
f 6601 6600 6599
f 6636 6602 6635
f 6602 6603 6635
f 6639 6602 6604
f 6611 6610 6609
f 6611 6609 6608
f 6395 6608 6633
f 6633 6608 6606
f 6614 6617 6616
f 6605 6608 6613
f 6734 6613 6614
f 6619 6629 6620
f 6624 6407 6625
f 6626 6625 6707
f 6628 6705 6619
f 6629 6632 6607
f 6607 6633 6606
f 6630 6633 6632
f 6630 6632 6627
f 6635 6727 6636
f 6603 6728 6635
f 6641 6638 6598
f 6725 6642 6646
f 6597 6648 6647
f 6637 6649 6597
f 6652 6710 6650
f 6651 6652 6650
f 6675 6655 6654
f 6659 6624 6623
f 6659 6657 6624
f 6663 6658 6659
f 6661 6623 6626
f 6660 6661 6662
f 6670 6671 6669
f 6674 6669 6653
f 6682 6691 6681
f 6683 6681 6680
f 6471 6681 6472
f 6687 6592 6753
f 6688 6594 6687
f 6682 6688 6691
f 6694 6693 6675
f 6692 6693 6694
f 6778 6692 6694
f 6696 6695 6675
f 6611 6701 6610
f 6701 6697 6610
f 6704 6703 6701
f 6625 6706 6627
f 6707 6705 6628
f 6704 6708 6703
f 6703 6710 6702
f 6708 6650 6710
f 6704 6650 6708
f 6710 6698 6709
f 6654 6714 6712
f 6726 6718 6715
f 6726 6715 6719
f 6724 6722 6645
f 6727 6729 6637
f 6730 6735 6729
f 6615 6739 6614
f 6739 6735 6734
f 6738 6729 6735
f 6717 6741 6740
f 6715 6740 6738
f 6721 6742 6741
f 6741 6729 6740
f 6742 6637 6729
f 6723 6649 6637
f 6722 6637 6742
f 6622 6743 6620
f 6743 6619 6620
f 6744 6621 6619
f 6745 6747 6744
f 6731 6744 6737
f 6737 6743 6736
f 6736 6743 6607
f 6746 6747 6745
f 6640 6748 6746
f 6728 6746 6731
f 6698 6628 6749
f 6697 6749 6700
f 6756 6755 6780
f 6616 6757 6715
f 6715 6699 6716
f 6617 6697 6616
f 6761 6726 6759
f 6642 6726 6761
f 6762 6759 6760
f 6763 6750 6749
f 6764 6758 6750
f 6760 6764 6751
f 6647 6766 6595
f 6646 6643 6765
f 6646 6765 6647
f 6765 6601 6767
f 6670 6696 6675
f 6695 6768 6694
f 6696 6687 6756
f 6769 6687 6696
f 6684 6771 6772
f 6773 6673 6674
f 6684 6686 6770
f 6775 6692 6777
f 6787 6790 6692
f 6779 6777 6778
f 6696 6756 6780
f 6768 6780 6778
f 6781 6786 6785
f 6787 6797 6788
f 6794 6582 6793
f 6795 6793 6807
f 6796 6799 6798
f 6796 6777 6779
f 6798 6797 6789
f 6783 6592 6593
f 6781 6753 6592
f 6801 6754 6753
f 6801 6755 6754
f 6802 6803 6801
f 6784 6801 6781
f 6802 6796 6803
f 6803 6780 6755
f 6796 6778 6780
f 6806 6793 6589
f 6662 6807 6805
f 6455 6664 6591
f 6591 6664 6806
f 4558 4655 4559
f 4655 4656 4559
f 4638 4560 4561
f 4638 4561 4612
f 4788 4559 4562
f 4563 4564 4566
f 4587 4754 4671
f 4564 4671 4565
f 4564 4565 4566
f 4644 4563 4566
f 4567 4566 4568
f 4568 4569 4570
f 4643 4568 4570
f 4572 4575 4576
f 4573 4574 4575
f 4577 4570 4579
f 4577 4643 4570
f 4579 4578 4760
f 4581 4580 4561
f 4581 4628 4580
f 4580 4628 4582
f 4560 4581 4561
f 4585 4607 4588
f 4607 4586 4587
f 4607 4587 4588
f 4580 4582 4589
f 4582 4590 4589
f 4591 4583 4589
f 4783 4593 4592
f 4593 4652 4594
f 4592 4594 4595
f 4600 4643 4577
f 4600 4577 4579
f 4763 4760 4596
f 4598 4599 4597
f 4597 4588 4584
f 4602 4597 4600
f 4601 4602 4600
f 4621 4605 4603
f 4605 4606 4665
f 4608 4611 4609
f 4608 4609 4586
f 4610 4608 4607
f 4612 4561 4591
f 4561 4580 4583
f 4612 4591 4611
f 4637 4611 4608
f 4637 4612 4611
f 4613 4589 4615
f 4611 4591 4613
f 4591 4589 4613
f 4589 4614 4615
f 4611 4613 4609
f 4616 4617 4618
f 4619 4616 4776
f 4648 4620 4616
f 4620 4621 4618
f 4618 4604 4603
f 4625 4622 4624
f 4622 4637 4610
f 4637 4608 4610
f 4624 4610 4585
f 4623 4624 4599
f 4625 4624 4623
f 4626 4627 4703
f 4629 5217 4703
f 4560 4628 4581
f 4560 4626 4628
f 4632 4633 4635
f 4699 4696 4633
f 4633 4696 4634
f 4633 4634 4635
f 4632 4635 4630
f 4639 4637 4622
f 4788 4562 4637
f 4638 4612 4637
f 4630 6809 5206
f 5312 6809 4630
f 4640 6809 5312
f 5206 6809 4640
f 5217 5206 4703
f 4642 5312 4630
f 4661 4640 5312
f 4590 5206 4640
f 4628 5206 4590
f 4643 4644 4568
f 4584 4564 4563
f 4584 4644 4643
f 4646 5343 4647
f 4646 4647 4648
f 4645 4619 4767
f 4646 4645 4767
f 5131 4689 4650
f 4650 6810 4652
f 4649 4650 4593
f 4656 4560 4653
f 4758 4654 4656
f 4656 4709 4560
f 4658 4752 4659
f 4661 4657 4640
f 4662 4660 4766
f 4589 4662 4680
f 4662 4657 4660
f 4660 4659 4752
f 4660 4752 4663
f 4660 4663 4766
f 4662 4766 4664
f 4606 4669 4665
f 4669 4573 4572
f 4666 4667 4670
f 4668 4666 4670
f 4671 4673 4675
f 4566 4671 4672
f 4754 4673 4671
f 4673 4778 4765
f 4673 4765 4674
f 4673 4674 4675
f 4671 4675 4676
f 4677 4678 4778
f 4754 4677 4673
f 4677 4778 4673
f 4680 4682 4614
f 4614 4682 4681
f 4615 4614 4678
f 4589 4680 4614
f 4680 4662 4682
f 4662 4664 4682
f 4682 4664 4683
f 4681 4682 4777
f 4614 4681 4679
f 5128 5335 4634
f 4684 4634 5335
f 5128 4634 4696
f 4685 5335 5128
f 4686 4684 5335
f 4635 4634 4686
f 4634 4684 4686
f 4576 4687 5260
f 4574 4688 4687
f 4688 6810 4651
f 4687 4651 4689
f 4690 5432 4691
f 4690 4691 4692
f 5431 4690 4692
f 4694 5431 4693
f 5128 4696 4695
f 4696 5110 4700
f 4696 4700 4695
f 4629 4705 4701
f 4703 4708 4704
f 4708 4711 4704
f 4701 4705 4706
f 4703 4627 4707
f 4627 4709 4710
f 4627 4710 4744
f 4627 5107 4707
f 4708 4707 4711
f 4600 4712 4643
f 4600 4597 4712
f 4712 4584 4643
f 4713 4600 4579
f 4719 4717 4714
f 4717 4718 4716
f 4719 4721 4720
f 4718 5362 4722
f 4716 4718 4722
f 4725 4723 4724
f 4728 4723 4725
f 5318 4723 4728
f 4724 4726 4725
f 4730 5271 4721
f 4718 4721 5362
f 5271 5120 4731
f 5271 4731 4732
f 4733 5281 4736
f 4733 4736 5448
f 4734 4733 5448
f 5450 4734 5448
f 4737 4733 4734
f 5129 5078 5202
f 4740 5202 5078
f 4709 4741 4710
f 4656 4654 4741
f 4741 4742 5434
f 4710 4741 4743
f 4569 4745 4746
f 4570 4569 4571
f 4566 4672 4569
f 4672 4676 4745
f 4569 4746 5085
f 5471 4749 4751
f 4739 4748 4738
f 4748 4739 4750
f 4748 4750 5201
f 4747 5201 4751
f 4738 4747 4751
f 4749 4738 4751
f 5336 4753 4752
f 5370 4752 4658
f 5370 5336 4752
f 4586 4609 4754
f 4588 4587 4564
f 4586 4754 4587
f 4694 4758 4757
f 4757 4758 4656
f 4757 4656 4655
f 4694 4655 4558
f 4755 4694 4558
f 4756 4694 4755
f 4759 4762 4760
f 4761 4762 4759
f 4762 4600 4713
f 4762 4713 4579
f 4759 4760 4763
f 5310 4759 4763
f 4668 4670 4764
f 4764 4670 4676
f 4674 4676 4675
f 4767 4619 4768
f 4753 4766 4663
f 4769 4771 4770
f 4769 4770 4639
f 4773 4771 4769
f 4639 4770 4788
f 4770 4771 4787
f 4773 4769 4772
f 4772 4625 4623
f 4773 4772 4774
f 4639 4625 4772
f 4772 4623 4598
f 4774 4772 4598
f 4766 4767 4776
f 4616 4603 4777
f 4683 4616 4777
f 4664 4776 4616
f 4777 4779 4778
f 4779 4780 4778
f 4779 4665 4780
f 4665 4668 4780
f 4679 4777 4778
f 4781 4592 4782
f 4578 4782 4596
f 4578 4781 4782
f 4578 4783 4781
f 4775 4774 4784
f 4774 4598 4784
f 4784 4597 4602
f 4784 4602 4601
f 4761 4785 4762
f 4761 4601 4785
f 4786 4784 4601
f 5431 4788 4787
f 5431 4755 4788
f 4755 4558 4788
f 5426 4787 4771
f 5428 5431 4787
f 4789 4790 4791
f 4791 4793 5316
f 4792 4789 4791
f 4797 4795 4794
f 5111 4796 4719
f 4796 4797 4794
f 4795 5272 5115
f 4796 4794 4715
f 4799 5167 4800
f 4801 4800 5167
f 4798 4800 5190
f 5190 4800 4802
f 5191 4804 4803
f 4800 4801 4805
f 4810 4806 4807
f 4806 4808 4807
f 4854 4808 4806
f 4808 4809 4922
f 4853 4810 4811
f 4854 4806 4810
f 4814 4813 4816
f 4813 4815 4816
f 4814 4810 4813
f 4810 4807 4815
f 4816 4815 4818
f 4814 4816 4820
f 4822 4814 4821
f 4825 4812 4826
f 4826 4822 4823
f 4824 4826 4827
f 4825 4824 4828
f 4830 4825 4829
f 4832 4839 4831
f 4839 4833 4838
f 4833 4840 4834
f 4833 4834 4835
f 4833 4835 4836
f 4833 4836 4837
f 4832 4812 4825
f 4839 4825 4830
f 4830 4829 4840
f 4839 4830 4833
f 4850 4853 4811
f 4846 4811 4812
f 4850 4811 4846
f 4844 4842 5174
f 4844 5174 5166
f 5253 5194 4844
f 5194 4842 4844
f 4847 4845 4846
f 4848 4845 4847
f 4867 4866 4845
f 4849 4867 4845
f 4841 4850 4846
f 4846 4845 4866
f 4831 4847 4846
f 4851 4852 4853
f 5243 4852 4851
f 5243 4857 4852
f 4852 4857 4853
f 4855 4853 4850
f 4851 4853 4855
f 4858 4859 4856
f 5243 4858 4857
f 4853 4856 4854
f 4857 4858 4856
f 4859 4860 4861
f 4862 4860 4858
f 4862 4917 4860
f 4862 4913 4917
f 4861 4860 4809
f 4856 4861 4808
f 4858 4860 4859
f 4841 4863 4868
f 4864 4868 4863
f 4864 4863 4866
f 4846 4866 4841
f 4866 4863 4841
f 4867 4864 4866
f 4868 4870 4869
f 5374 4869 4870
f 4868 4869 4855
f 4865 4870 4868
f 4728 4869 5377
f 4725 4855 4869
f 5377 4869 5374
f 5397 4872 5387
f 4881 5397 4874
f 4881 5395 5397
f 5372 4878 4875
f 4876 5382 4879
f 4875 4878 4879
f 4882 4880 4887
f 4882 4881 4880
f 4881 4874 4883
f 4881 4883 4884
f 4886 4887 4885
f 4887 4884 4888
f 4887 4888 4889
f 4887 4889 4890
f 4885 4890 4891
f 4892 4895 4893
f 4893 4902 4894
f 4873 4895 4892
f 4893 4849 4896
f 4897 4901 4902
f 5384 4893 4894
f 4898 4900 4899
f 4849 4845 4898
f 4845 4848 4898
f 4848 4847 4898
f 4898 4903 4900
f 4898 4899 4902
f 4903 4904 4905
f 4904 4906 4905
f 5400 4906 4904
f 4815 4817 4912
f 4807 4908 4907
f 4908 4925 4909
f 4908 4909 4910
f 4907 4910 4911
f 4817 4907 4912
f 4860 4917 4809
f 4913 4914 4917
f 4917 4921 4915
f 4917 4915 4916
f 4918 5304 4914
f 5304 4919 4920
f 4914 4920 4921
f 4913 4918 4914
f 4809 4923 4908
f 4809 4917 4923
f 4917 4916 4924
f 4908 4924 4925
f 4808 4922 4908
f 5188 5186 4927
f 4930 4931 4929
f 4931 5466 4932
f 4929 4931 4946
f 4934 4935 4939
f 4936 4937 4938
f 4935 4938 4939
f 4942 4939 4933
f 4942 4934 4939
f 4941 4942 4933
f 4943 4940 5034
f 4943 4941 4940
f 4944 4947 4945
f 4945 4946 4949
f 4944 5025 4947
f 4947 4930 4929
f 4947 4929 4946
f 4946 4932 5468
f 4946 5468 4948
f 4944 4945 4949
f 4986 4950 4943
f 5033 4986 5038
f 4950 4941 4943
f 5038 4986 5039
f 4951 5033 5038
f 4963 5144 4952
f 5144 4953 4952
f 4963 4952 5021
f 4954 5149 4957
f 5149 4961 4955
f 5149 4955 4957
f 4957 4955 4956
f 4957 5002 4960
f 4954 4957 4960
f 4959 5147 5143
f 5148 4954 4958
f 4958 4960 5147
f 4955 4962 5027
f 4961 4962 4955
f 4962 4963 5021
f 4962 5021 5020
f 4962 5020 5022
f 4964 5015 4993
f 4965 4964 4968
f 5139 4966 4967
f 4966 4968 4967
f 5140 4966 5139
f 5460 4970 5469
f 5467 4974 4971
f 4974 4980 4971
f 4971 4980 4972
f 4976 5454 4974
f 4975 4974 5467
f 5454 4977 4979
f 4974 4979 4980
f 4981 4982 4926
f 4982 4983 4928
f 4982 4928 4926
f 4981 4926 4984
f 4985 4986 4988
f 4985 4988 4989
f 4941 4950 4985
f 4986 5033 4987
f 4986 4987 4988
f 4985 4989 4991
f 4989 4990 4991
f 4989 4992 4990
f 4990 4992 4967
f 4991 4990 4993
f 4994 4999 4995
f 4994 4995 4996
f 4997 4998 4994
f 4994 5000 4999
f 5003 4996 5001
f 5003 4994 4996
f 5003 5001 5002
f 5001 4996 5002
f 4996 5009 5002
f 5009 4960 5002
f 5000 5005 5007
f 5005 4937 5007
f 5000 4937 5005
f 4936 4935 4937
f 4937 4935 5006
f 4937 5006 5010
f 4999 5000 5007
f 5008 4960 5009
f 5008 5011 4960
f 5007 5008 5009
f 5010 5013 5008
f 5013 5011 5008
f 5011 5147 4960
f 5006 5012 5013
f 4934 4942 5006
f 4942 4941 5012
f 5012 4985 5013
f 5006 5013 5010
f 5013 4991 5015
f 4931 4930 5017
f 5017 4930 5018
f 5017 5018 5019
f 5016 5017 5019
f 5099 5017 5016
f 5020 5019 5022
f 5073 5020 5021
f 4947 5025 5024
f 5024 5025 5003
f 5025 4944 4997
f 5024 5003 5026
f 4930 5024 5026
f 5018 4930 5026
f 4930 4947 5024
f 5023 5026 5027
f 5027 5026 4956
f 5019 5026 5023
f 5026 5003 5004
f 5026 5004 4956
f 5027 4956 4955
f 5031 5032 5030
f 5032 5033 4951
f 5034 5054 5035
f 5035 5054 5036
f 5039 5035 5037
f 5039 5034 5035
f 5070 5038 5039
f 4951 5038 5070
f 5039 4943 5034
f 5070 5039 5040
f 5070 5040 5041
f 5042 5043 5462
f 4970 5042 5462
f 5462 5062 5044
f 5462 5044 5045
f 5047 5050 5053
f 4939 5048 5046
f 5048 5049 5053
f 4948 5050 5047
f 5053 5465 5052
f 5057 5053 5052
f 5055 5046 5057
f 4940 4933 5054
f 4933 4939 5046
f 5055 5057 5058
f 5056 5055 5058
f 5054 5056 5058
f 5054 5055 5056
f 4970 4971 4972
f 4980 4979 5059
f 5059 5470 5060
f 5059 5060 5061
f 5059 5061 5062
f 4980 5059 5043
f 5042 4972 4980
f 5066 5063 5064
f 5065 5066 5064
f 5063 5071 5067
f 5063 5067 5068
f 5028 5029 5069
f 5030 4951 5070
f 5029 5041 5071
f 5028 5069 5063
f 5021 5074 5072
f 4952 5074 5021
f 4695 4700 5076
f 4700 5110 5077
f 5110 4719 4714
f 5110 4714 4717
f 5130 5076 5078
f 5130 5078 5129
f 4797 5087 5134
f 5111 5082 5087
f 4797 5134 5079
f 5184 4797 5079
f 5080 5082 4698
f 4633 4632 4699
f 4631 5084 5080
f 5084 5081 5082
f 5081 5208 5082
f 4632 5080 4698
f 4631 4636 5084
f 4631 4632 4630
f 4667 4572 5085
f 4572 4576 5086
f 4670 5085 4746
f 5210 5214 5208
f 5214 5213 5208
f 5087 5208 5213
f 5219 5106 5453
f 5453 5088 5219
f 5088 5458 5089
f 5219 5089 5090
f 5466 4931 5091
f 5104 5091 5094
f 5103 5104 5094
f 5178 5182 5096
f 5096 5097 5095
f 5096 5182 5097
f 5176 5178 5096
f 5095 5097 5181
f 5096 5095 5098
f 5016 5096 5099
f 5096 5100 5099
f 5017 5099 4931
f 5019 5096 5016
f 5096 5098 5100
f 5099 5100 5101
f 5092 5099 5101
f 5091 5092 5101
f 4976 5103 5102
f 5102 5103 5094
f 5088 5102 5105
f 5454 5102 5088
f 5108 5107 4627
f 5108 5109 5107
f 5106 5107 5109
f 4707 5107 5106
f 4698 5082 5111
f 5111 4797 4796
f 4699 5111 5110
f 5153 4983 5112
f 5113 5175 5072
f 4983 5113 5072
f 5151 5112 5074
f 5114 4715 4794
f 4721 4719 4730
f 4730 4719 4715
f 5117 5324 5116
f 5319 5322 5117
f 5324 5123 5116
f 5248 5117 5116
f 5120 5121 4731
f 4732 5119 5118
f 5120 5193 5121
f 5119 5121 5122
f 5118 5119 5116
f 5125 5126 5299
f 5124 5299 4733
f 5125 5127 5126
f 5126 4733 5299
f 5128 5130 5129
f 4695 4697 5128
f 4697 4695 5130
f 4578 4571 4783
f 5131 4650 4649
f 5131 4649 4783
f 4571 5131 4783
f 5135 5134 5133
f 5133 5134 5223
f 5135 5133 5136
f 5132 5135 5136
f 5137 5138 5264
f 5171 5138 5137
f 5138 5139 4967
f 5171 5141 5138
f 5142 4964 4965
f 5140 4965 4966
f 5141 5142 5139
f 5150 5144 5146
f 5150 5145 5144
f 5145 5158 5144
f 5146 5144 4963
f 4961 5146 4962
f 5148 5147 4959
f 5161 5148 4959
f 5161 5159 5148
f 5148 4958 5147
f 5148 5160 5146
f 5148 5146 4961
f 5159 5160 5148
f 5160 5150 5146
f 5148 4961 5149
f 5169 5151 5152
f 5179 5155 4981
f 5134 5154 5079
f 5135 5179 5154
f 4952 5156 5074
f 5273 5274 5153
f 5170 5153 5151
f 4801 5167 5158
f 4801 5158 5150
f 4805 4801 4802
f 5157 4802 4801
f 5162 5161 5142
f 5161 5162 5159
f 5256 5162 5163
f 5162 4802 5157
f 5162 5157 5160
f 5162 5160 5159
f 5161 4959 5142
f 5162 5142 5163
f 5165 5166 5282
f 5174 4843 5166
f 5164 5165 5282
f 5167 5168 5169
f 5167 5170 5168
f 5168 5170 5151
f 5256 5163 5171
f 5163 5142 5141
f 5194 5172 4843
f 4842 4843 5174
f 5173 5171 5137
f 5172 5137 5264
f 5176 5075 5175
f 5075 5073 5175
f 5073 5072 5175
f 5177 5175 5113
f 5177 5113 4981
f 5176 5177 5155
f 5097 5182 5181
f 5182 5178 5180
f 5180 5178 5155
f 5180 5155 5179
f 5180 5179 5135
f 5180 5135 5132
f 5182 5132 5136
f 5185 5272 5184
f 5272 4795 5184
f 5184 5079 5154
f 5185 5184 4981
f 5186 5185 4984
f 5270 5272 5186
f 5186 5272 5187
f 5114 4794 4795
f 5187 5272 5185
f 5122 5189 5191
f 5248 5116 5191
f 5116 5122 5191
f 5189 5190 4804
f 5189 4804 5191
f 5193 4799 5192
f 5121 5192 5189
f 5121 5193 5192
f 5193 5276 4799
f 5276 5275 5167
f 5276 5167 4799
f 5192 4800 4798
f 5232 5195 5194
f 5195 5256 5171
f 5195 5171 5173
f 5195 5173 5172
f 5366 5197 5196
f 5196 4750 4739
f 5197 5201 4750
f 5198 5196 5203
f 5369 5199 5366
f 5199 5200 5197
f 5200 4751 5201
f 5196 4739 5202
f 5083 5084 5205
f 5205 5206 4641
f 5205 4641 5207
f 5204 5205 5207
f 5209 5211 5210
f 5083 5209 5208
f 5205 5211 5209
f 5211 5212 5213
f 5211 5213 5214
f 5083 5208 5081
f 5213 5212 5216
f 5212 5218 5216
f 5216 5223 5134
f 5087 5216 5215
f 4702 5204 5217
f 5204 5207 5217
f 5207 4641 5206
f 5204 4702 5218
f 4701 4706 4702
f 4702 4706 5216
f 5204 5218 5211
f 5219 5090 5221
f 5219 5221 5222
f 5219 5222 5223
f 4705 5220 5224
f 4704 5219 5220
f 5216 5224 5223
f 5216 4705 5224
f 5216 4706 4705
f 5223 5224 5219
f 5225 5226 5227
f 4724 5247 5225
f 5249 5226 5225
f 5249 5251 5226
f 5245 5225 5230
f 5230 5228 5257
f 5228 5229 5257
f 5228 5227 5229
f 5230 5257 5238
f 5231 5191 4803
f 5232 5231 4803
f 5234 4913 4862
f 5234 4858 5236
f 5239 5233 5237
f 5239 5235 5233
f 5238 5239 5237
f 5235 5234 5233
f 5243 5244 5240
f 5240 5244 5230
f 5240 5230 5233
f 5241 5240 5233
f 5242 5241 5233
f 4858 5242 5236
f 4858 5241 5242
f 5243 5240 5241
f 4851 4726 5243
f 5246 4724 5245
f 5243 5246 5245
f 5247 5250 5248
f 4724 4723 5250
f 4723 5319 5250
f 5250 5117 5248
f 5249 5248 5231
f 5225 5248 5249
f 5251 5252 5253
f 5231 5232 5194
f 5226 5251 5253
f 5226 5253 5227
f 5227 4844 5297
f 5229 5227 5254
f 4803 5255 5232
f 4803 4804 5256
f 4804 5190 5256
f 5256 5190 4802
f 5232 5255 5195
f 5229 5258 5257
f 5297 5127 5258
f 5125 5299 5258
f 5258 5299 5259
f 5258 5259 5238
f 5257 5258 5238
f 5297 5258 5229
f 5086 5261 5085
f 4576 5260 5261
f 5261 4689 5131
f 5261 5131 4571
f 5269 5265 5262
f 5262 5265 5263
f 5267 5269 5262
f 5266 5282 5166
f 5263 5166 4843
f 5262 5263 5264
f 4987 5268 4988
f 5267 4988 5268
f 4969 4988 5267
f 5033 5032 5268
f 5262 4969 5267
f 4992 4969 4967
f 4989 4988 4969
f 5193 5271 5270
f 5271 5114 5272
f 5193 5120 5271
f 5271 4730 5114
f 5275 5274 5273
f 5275 5273 5167
f 5275 4927 4928
f 5276 5193 5277
f 5277 5270 5188
f 5277 5188 4927
f 5275 5276 5277
f 5280 4732 5278
f 5280 5278 5279
f 5278 4732 5118
f 5281 5282 5284
f 5283 5285 5284
f 5285 5307 5306
f 5285 5286 5287
f 5285 5287 5288
f 5285 5288 5289
f 5442 5291 5290
f 5291 5065 5292
f 5291 5292 5293
f 5290 5291 5294
f 5442 5290 5294
f 5447 5442 5295
f 5307 5447 5295
f 5296 5127 4844
f 5165 5296 4844
f 5127 5296 5164
f 5259 5298 5238
f 5259 5124 5298
f 5259 5299 5124
f 5298 5124 5300
f 5305 5298 5300
f 5302 4913 5234
f 4913 5302 5301
f 5239 5303 4918
f 5235 4918 5302
f 5235 5239 4918
f 5305 4919 5304
f 5303 5304 4918
f 5443 5447 5307
f 5306 5307 5295
f 5285 5306 5308
f 5309 4763 4782
f 5310 4763 5309
f 4763 4596 4782
f 4595 4782 4592
f 5310 5309 4782
f 5311 4658 4659
f 5311 4659 4661
f 5312 4642 4635
f 4661 5312 4686
f 5335 5311 4661
f 5313 5314 5316
f 5315 5322 5321
f 5316 5315 5321
f 5316 5321 5317
f 4790 5313 5316
f 4723 5318 5321
f 4729 4791 5320
f 4791 5316 5320
f 5320 5317 5321
f 5322 5319 5321
f 5323 5322 5315
f 5326 5325 5331
f 5330 5325 5328
f 5330 5331 5325
f 5335 4685 5334
f 4738 5334 4685
f 4738 4685 5332
f 5202 5332 5128
f 5337 5338 5331
f 5339 5331 5336
f 5341 5343 5340
f 5338 5340 5343
f 5344 5340 5338
f 5344 5342 5340
f 5346 5347 5345
f 5327 5326 5345
f 5346 5326 5331
f 5345 5348 5335
f 5334 5345 5335
f 5280 5353 5352
f 5280 5355 5353
f 5363 5354 5356
f 4732 5280 5354
f 5280 5279 5355
f 5280 5352 5356
f 5354 5280 5356
f 4716 5203 5076
f 4718 4717 4719
f 5203 5202 4740
f 5203 4740 5078
f 5327 5358 5357
f 5329 5328 5357
f 5328 5325 5357
f 5345 5333 5358
f 5326 5327 5357
f 5474 5359 5357
f 5359 5361 5357
f 5360 5357 5361
f 5367 5362 5365
f 5362 5271 5363
f 5271 4732 5363
f 5362 5363 5364
f 5203 4716 5367
f 4716 4722 5367
f 5198 5367 5368
f 5366 5198 5369
f 5348 5347 5339
f 5348 5339 5336
f 5348 5336 5370
f 5348 5370 5311
f 5372 4871 5371
f 5374 4870 5371
f 4870 4865 5371
f 5371 4886 5373
f 4871 5377 5374
f 5320 5376 5378
f 5376 4727 4728
f 5378 5376 5375
f 5338 4646 5380
f 5331 5379 5336
f 4646 5338 5343
f 5338 5380 4753
f 5379 5338 5336
f 5382 4876 5381
f 4876 4878 5383
f 5381 5383 5373
f 4891 5381 4885
f 5387 4873 4892
f 5384 4894 4902
f 5387 4892 5384
f 4865 4868 5388
f 4868 4864 5388
f 5388 5391 4886
f 5391 5389 4886
f 5389 4887 4886
f 5371 5388 4886
f 5390 5396 4882
f 4864 5391 5388
f 4867 5390 5391
f 5396 4881 4882
f 5391 4882 4887
f 5375 5392 5393
f 5377 5372 5392
f 5377 4871 5372
f 5394 4878 5372
f 5392 4875 4877
f 5396 4895 5395
f 4895 4872 5397
f 4849 5396 5390
f 4849 4893 5396
f 4895 4873 4872
f 4903 4847 5398
f 4847 5399 5398
f 5399 4837 5400
f 4904 5398 5399
f 5401 5000 4994
f 5401 4994 4998
f 4939 5401 5048
f 4937 5000 5401
f 5401 4998 4997
f 5049 5401 4949
f 5047 5049 4949
f 5423 5409 5402
f 5409 5407 5402
f 5402 5407 5423
f 5411 5407 5403
f 5403 5407 5409
f 5411 5412 5405
f 5412 5414 5405
f 5411 5405 5407
f 5414 5413 5405
f 5413 5416 5405
f 5415 5405 5404
f 5404 5405 5416
f 5417 5418 5406
f 5418 5405 5406
f 5417 5406 5405
f 5419 5420 5407
f 5420 5422 5407
f 5419 5407 5405
f 5421 5424 5407
f 5424 5423 5408
f 5423 5407 5408
f 5408 5407 5424
f 5427 5428 5426
f 5425 5426 4771
f 4773 5425 4771
f 5427 5426 5425
f 5429 4690 5430
f 5432 4690 5429
f 5431 4694 4756
f 5430 5431 5428
f 5427 5430 5428
f 5427 5429 5430
f 4654 4758 5433
f 4758 4694 4693
f 5433 4758 4693
f 4742 5433 5434
f 4741 4654 5433
f 5338 5436 5435
f 5338 5337 5436
f 5337 5331 5436
f 5437 5341 5342
f 5437 5342 5344
f 5438 5436 5331
f 5439 5438 5330
f 5440 5439 5330
f 5441 5329 5357
f 5441 5357 5360
f 5441 5360 5361
f 5441 5440 5330
f 5441 5330 5328
f 5441 5328 5329
f 5267 5268 5269
f 5031 5030 5269
f 5269 5030 5444
f 5269 5444 5442
f 5265 5269 5442
f 5066 5065 5445
f 5029 5445 5444
f 5028 5066 5445
f 5065 5291 5445
f 5444 5445 5291
f 5446 5266 5443
f 5266 5446 5282
f 5266 5447 5443
f 5446 5443 5307
f 5446 5285 5283
f 5446 5283 5284
f 4736 5281 5449
f 5449 5281 5284
f 5289 5448 5449
f 5291 5293 5452
f 5065 5064 5292
f 5064 5068 5451
f 5292 5451 5452
f 5293 5292 5452
f 5109 4978 5453
f 4978 4977 5454
f 5088 5105 5455
f 5088 5455 5456
f 5088 5456 5457
f 5088 5457 5458
f 5469 4973 5461
f 4973 5462 5461
f 5460 5461 5459
f 5462 5045 5463
f 5461 5463 5464
f 5051 5464 5465
f 5459 5461 5050
f 4932 5466 5467
f 5104 5103 5466
f 5103 4976 4974
f 5466 4974 4975
f 5466 4975 5467
f 4948 5468 5459
f 4932 5467 5468
f 5467 4971 4970
f 5460 5469 5461
f 5109 4977 4978
f 5470 5059 4977
f 4751 5473 5471
f 5473 5474 5471
f 5357 5472 5474
f 5358 5471 5472
f 5472 5471 5474
f 5358 5333 5471
f 4738 5333 5334
f 4749 5471 4738
f 5476 5546 5475
f 5702 5477 5546
f 5475 5546 5478
f 5567 5476 5475
f 5480 5553 5481
f 5501 5480 5484
f 5482 5502 5501
f 5553 5493 5481
f 5697 6050 5493
f 5493 6050 5483
f 5481 5493 5483
f 5480 5481 5484
f 5487 6812 5488
f 5487 5488 4573
f 5486 5485 5576
f 5491 5513 5490
f 5513 5492 5490
f 5489 5491 5490
f 5478 5495 5494
f 5479 5478 5494
f 5498 5519 5501
f 5499 5519 5498
f 5515 5518 5519
f 5519 5518 5500
f 5519 5500 5501
f 5498 5501 5502
f 5503 5498 5502
f 5504 5496 5532
f 5504 5532 5505
f 5494 5496 5504
f 5551 5505 5506
f 5548 5505 5551
f 5509 4594 5508
f 4594 4652 5508
f 5508 5561 5510
f 5508 5510 5560
f 5698 5560 5562
f 5507 5508 5696
f 5669 5511 5513
f 5511 5512 5513
f 5669 5513 5491
f 5612 5669 5489
f 5514 5517 5613
f 5514 5613 5518
f 5515 5514 5518
f 5521 5520 5695
f 5522 5523 5521
f 5523 5524 5521
f 5521 5577 5525
f 5527 5539 5531
f 5531 5539 5503
f 5529 5539 5527
f 5539 5499 5503
f 5495 5529 5527
f 5528 5527 5530
f 5478 5529 5495
f 5494 5528 5496
f 5496 5530 5532
f 5530 5531 5532
f 5532 5531 5581
f 5695 5526 5534
f 5534 5525 5535
f 5534 5535 5536
f 5533 5536 5537
f 5687 5516 5538
f 5538 5516 5499
f 5516 5515 5519
f 5540 5538 5539
f 5541 5542 5605
f 5543 5494 5497
f 5541 5497 5550
f 5545 5993 5549
f 5544 5591 5603
f 5545 5544 5989
f 5477 5686 5540
f 5547 5686 5477
f 5686 5687 5540
f 5551 6811 5497
f 5549 6811 5551
f 5550 6811 5549
f 5497 6811 5550
f 5505 5548 5494
f 5548 5551 5497
f 6216 5549 5551
f 5550 5549 5552
f 5518 5613 5489
f 5501 5553 5480
f 5518 5489 5553
f 5681 5556 5554
f 5556 5537 5557
f 5554 5556 5557
f 5555 5554 5557
f 5558 5555 4647
f 5561 6049 5560
f 5510 5561 5560
f 4652 5563 5561
f 5563 6812 5564
f 5652 5567 5565
f 5565 5567 5475
f 5565 5475 5479
f 5566 5565 5479
f 5647 5566 5479
f 5649 5566 5647
f 5571 5569 5506
f 5568 6217 5571
f 6217 5569 5571
f 5569 6216 5551
f 5680 5575 5587
f 5572 5573 5505
f 5678 5574 5575
f 5574 5679 5575
f 5575 5679 5570
f 5573 5587 5506
f 5485 4573 5577
f 5522 5576 5523
f 5656 5579 5578
f 5653 5578 5484
f 5579 5580 5581
f 5579 5581 5578
f 5578 5581 5482
f 5673 5582 5580
f 5584 5585 5572
f 5585 5586 5572
f 5584 5572 5581
f 5583 5585 5584
f 5586 5573 5572
f 5589 5588 5544
f 5590 5588 5589
f 5591 5544 5588
f 5592 5589 5544
f 5590 5589 5592
f 5564 5594 5593
f 5596 6330 5598
f 5595 5598 5599
f 5595 5599 5600
f 6325 5595 5600
f 5601 5595 6325
f 5602 5604 5603
f 5604 5990 5603
f 5602 5603 5591
f 6135 5608 5605
f 5607 5609 5608
f 5999 6023 5611
f 5541 5999 5611
f 5541 5609 5999
f 5517 5612 5613
f 5517 5672 5612
f 5672 5668 5612
f 5613 5612 5489
f 5636 5617 5614
f 5614 5617 5712
f 5618 5614 5615
f 5631 5622 5619
f 6259 6260 5631
f 5621 5636 5622
f 5619 5622 5614
f 5631 5619 5616
f 6273 5630 5623
f 5624 5623 5630
f 5626 5623 5624
f 5627 5623 5626
f 5628 5623 5627
f 6275 6273 5623
f 6145 5626 5624
f 5632 5633 5634
f 5634 6175 5635
f 5634 5635 5621
f 6204 5639 5637
f 5639 5640 5637
f 5637 5641 6339
f 5638 5637 5642
f 5644 5643 6113
f 5658 6113 5643
f 5479 5611 5647
f 5611 5610 5650
f 5648 5650 5651
f 5566 5649 5652
f 5655 5994 5654
f 5994 5656 5654
f 5654 5656 5578
f 5654 5578 5653
f 5654 5653 5481
f 6368 5645 5659
f 6368 5657 5645
f 6368 6115 5657
f 6115 5658 5657
f 5658 5643 5645
f 5660 5661 5662
f 5570 5679 5660
f 5679 5661 5660
f 5574 5558 5661
f 5503 5502 5482
f 5664 5663 5482
f 5531 5664 5581
f 5531 5663 5664
f 5596 5597 5665
f 5597 5601 5665
f 5652 5665 5567
f 5700 5670 5667
f 5670 5671 6211
f 5667 5669 5668
f 5580 5579 5673
f 5656 5675 5674
f 5675 5676 5576
f 5674 5576 5522
f 5680 5681 5678
f 5533 5556 5681
f 5678 5554 5555
f 5547 5703 5683
f 6323 5682 5547
f 5682 5684 5547
f 5477 5703 5547
f 5685 5687 5686
f 5684 5688 5690
f 5688 5689 5690
f 5690 5691 5516
f 5687 5685 5516
f 5685 5686 5547
f 5547 5690 5685
f 5585 5693 5692
f 5692 5693 5533
f 5680 5587 5533
f 5587 5586 5692
f 5585 5694 5693
f 5694 5695 5534
f 5693 5534 5533
f 5695 5677 5521
f 5583 5582 5695
f 5582 5673 5695
f 5677 5522 5521
f 5583 5695 5694
f 5696 5699 5697
f 5696 5698 5699
f 5512 5696 5697
f 5689 4786 5701
f 4786 5700 5701
f 5701 5667 5672
f 5701 5672 5517
f 5691 5701 5514
f 5516 5691 5515
f 5690 5701 5691
f 5702 5704 5683
f 5702 5683 5703
f 5666 6324 5702
f 6324 5704 5702
f 5702 5703 5477
f 5665 5702 5546
f 5705 5707 5706
f 5705 5709 5707
f 6224 5705 5708
f 5705 6219 5709
f 5705 5706 5710
f 5617 5711 5712
f 5617 5984 5711
f 6033 6099 5713
f 5715 5716 5717
f 6176 5717 5716
f 5720 5721 5719
f 5721 5717 5714
f 5768 5765 5722
f 5722 5765 5723
f 5768 5722 5723
f 5724 5726 5731
f 5724 5731 5727
f 5761 5724 5762
f 5727 5732 5728
f 5731 5733 5732
f 5733 4823 4821
f 5732 4821 4820
f 5728 4820 4819
f 5730 4819 4818
f 5765 5729 5734
f 5765 5730 5729
f 5724 5727 5730
f 5737 5739 5735
f 5737 5735 5736
f 5739 4829 4828
f 5735 4828 4827
f 5736 4827 4823
f 5731 5736 5733
f 5726 5737 5731
f 4836 5742 5741
f 5742 5747 5745
f 5741 5745 5744
f 5740 5744 5746
f 5744 5745 5738
f 5747 5748 5738
f 5748 4829 5738
f 5744 5738 5737
f 5750 5744 5726
f 5726 5744 5737
f 5759 5750 5726
f 5751 6161 6198
f 6112 5752 5751
f 5752 6161 5751
f 6161 6200 6198
f 5743 5756 5749
f 5757 5743 5808
f 5808 5743 5749
f 5750 5749 5756
f 5763 5759 5762
f 5781 5763 5760
f 5763 5780 5759
f 5759 5749 5750
f 5762 5759 5761
f 5763 5764 5767
f 5766 5762 5765
f 5766 5765 5768
f 5764 5762 5766
f 5770 5768 5771
f 5768 5769 5771
f 5769 5768 5725
f 5771 5769 5772
f 5773 5770 5771
f 5778 5783 5776
f 5778 5776 5774
f 5775 5774 5776
f 5755 5775 5777
f 5780 5774 5749
f 5781 5782 5778
f 5782 6269 5778
f 5779 5778 6269
f 5783 5778 5779
f 5763 5778 5780
f 5780 5778 5774
f 5760 5630 5781
f 5782 5784 6269
f 5783 5779 6269
f 6294 5786 5785
f 5786 5787 5785
f 5785 4874 5788
f 5785 5789 5799
f 5790 5792 6296
f 5790 5791 5792
f 5791 4879 5792
f 4879 5382 5792
f 5382 6281 5792
f 5792 5793 5794
f 5792 5794 5795
f 6296 5792 5795
f 4884 4874 5798
f 5798 5787 5786
f 5798 5786 6294
f 4890 4888 5797
f 4888 4884 5797
f 5799 5802 5803
f 5799 6288 5800
f 5799 5800 5801
f 5799 5801 5802
f 5802 5806 5805
f 5808 5806 5807
f 5749 5805 5808
f 5807 5810 6302
f 5757 5808 5809
f 6302 5810 5400
f 5811 5809 6302
f 4912 5734 5729
f 4912 5812 5734
f 4911 5829 5812
f 4911 5813 5829
f 5813 5814 5829
f 5814 5815 5829
f 5815 5827 5829
f 5734 5812 5723
f 5826 5816 5772
f 5817 5818 5816
f 5818 5819 5816
f 5819 5820 5816
f 5816 5821 5773
f 5821 5825 5822
f 5773 5821 5823
f 5820 5824 5821
f 5824 6813 5825
f 5827 5828 5829
f 5828 5817 5816
f 5829 5816 5826
f 5812 5826 5725
f 5832 6089 5833
f 5836 5837 5838
f 5855 6359 5837
f 6359 6004 5837
f 5837 6004 6008
f 5837 6008 5838
f 6009 5836 5838
f 5847 5846 5842
f 5839 5842 5955
f 5841 5840 5839
f 5848 5849 5846
f 5848 5846 5847
f 5850 5848 5847
f 5853 5855 5852
f 5855 5837 5836
f 5857 5852 5836
f 5899 5859 5858
f 5859 5934 5858
f 5858 5860 5861
f 5858 5861 5849
f 5862 5858 5849
f 5848 5862 5849
f 6063 5864 5863
f 5863 5928 5865
f 5870 5867 5866
f 5870 5916 5867
f 5916 5910 5867
f 5866 5867 5868
f 6067 5870 5866
f 5869 5916 5871
f 5871 5916 5870
f 5872 5869 5871
f 6078 5866 5873
f 5866 5868 5932
f 5873 5927 5864
f 6064 5873 5864
f 5881 5901 5875
f 5875 5921 5872
f 5875 5871 5874
f 5875 5874 5877
f 5881 5875 5877
f 5900 5881 5878
f 5878 5881 5876
f 5879 5878 6056
f 5882 5884 5886
f 5883 5953 5882
f 5884 5885 5886
f 5882 5886 6358
f 5886 5885 6358
f 5888 5890 6348
f 5890 6365 6348
f 5885 5888 6019
f 5830 5894 5892
f 5894 6027 5892
f 5895 5898 5896
f 5862 5895 5897
f 5848 5898 5895
f 5895 5896 5897
f 5858 5897 5899
f 5848 5895 5862
f 5901 5900 5922
f 5901 5881 5900
f 5900 5902 5903
f 5900 5903 5897
f 5922 5900 5896
f 5904 5905 5911
f 5904 5909 5906
f 5909 5867 5910
f 5909 5868 5867
f 5911 5910 5915
f 5906 5910 5911
f 5843 5844 5913
f 5844 5907 5914
f 5908 5911 5914
f 5914 5918 5913
f 5845 5843 5913
f 5916 5917 5915
f 5916 5869 5917
f 5917 5869 5920
f 5917 5920 5918
f 5915 5917 5914
f 5840 5841 5918
f 5841 5913 5918
f 5918 5919 5898
f 5850 5918 5898
f 5848 5850 5898
f 5847 5918 5850
f 5920 5921 5922
f 5869 5921 5920
f 5921 5875 5901
f 5920 5922 5919
f 6009 5923 5924
f 5924 5925 5926
f 5856 5924 5926
f 5835 6009 5856
f 5925 5928 5864
f 5923 6015 5925
f 6015 5977 5925
f 5925 5864 5927
f 5925 5927 5933
f 5856 5926 5931
f 5931 5926 5929
f 5929 5930 5912
f 5857 5929 5912
f 5851 5857 5912
f 5926 5932 5909
f 5926 5925 5932
f 5933 5927 5873
f 5909 5932 5868
f 5929 5926 5909
f 5934 5935 5936
f 5934 5859 5935
f 5936 5935 6335
f 5939 5949 5940
f 5939 5940 5941
f 5938 5941 5942
f 5938 5942 5943
f 5937 5938 5944
f 5846 5937 5944
f 5849 5938 5937
f 5934 5946 5945
f 5946 5947 5948
f 5945 5948 5949
f 5860 5945 5939
f 5861 5860 5939
f 5951 5952 5965
f 5952 5966 5965
f 5955 5960 5954
f 5964 5957 5956
f 5957 6354 5958
f 5956 5958 5854
f 5954 5956 5959
f 5842 5944 5960
f 5842 5960 5961
f 5846 5944 5842
f 5944 5943 5962
f 5960 5962 5963
f 5960 5963 5964
f 5842 5961 5955
f 5965 6364 5884
f 5965 5966 5967
f 5969 5973 5968
f 6344 5969 6337
f 5970 5971 5969
f 5971 5972 5969
f 5972 5976 5973
f 6337 5968 5973
f 5969 5968 6337
f 6337 5973 5974
f 5973 5975 5974
f 5976 5947 5946
f 5974 5975 5946
f 5934 5974 5946
f 5977 5978 5928
f 6015 5979 5977
f 5977 5979 5978
f 5982 5983 5644
f 5982 5644 5646
f 5602 5981 5615
f 6026 5602 5615
f 5986 5987 5984
f 5985 5986 5984
f 5987 5988 6026
f 5985 5984 6100
f 5990 5988 5991
f 5603 5990 5989
f 5988 6122 5991
f 5990 5991 5989
f 5552 5549 5993
f 5992 5993 5545
f 5992 5545 5989
f 5992 5991 6122
f 5655 5995 5486
f 5995 5487 5485
f 5995 5485 5486
f 5994 5486 5676
f 5988 5987 6126
f 5996 6125 5987
f 6125 6126 5987
f 6000 6001 5998
f 6001 6002 5998
f 6024 5998 6348
f 6003 6005 6004
f 6004 6022 6006
f 6008 6006 6007
f 5838 6008 6009
f 6011 6014 6010
f 6010 6014 6015
f 6014 6011 6012
f 6014 6012 6013
f 6009 6008 6016
f 6008 6007 6017
f 6010 6017 6018
f 6018 6011 6010
f 6016 6015 5923
f 5888 6349 5889
f 5889 6020 6021
f 6005 6021 6022
f 6019 5889 6005
f 5611 6023 6025
f 5999 6024 6023
f 6025 6023 6024
f 5990 5604 6026
f 5604 5602 6026
f 5987 5712 5711
f 6029 6030 6027
f 6070 6030 6029
f 6027 6031 6028
f 5892 6028 6032
f 5636 6034 6033
f 5636 6033 5617
f 6035 6036 6034
f 6036 6101 6034
f 6033 6034 6099
f 5625 6037 6038
f 6037 6039 6038
f 6038 6102 6041
f 6041 6102 6103
f 6040 6041 6103
f 6103 6042 6043
f 6042 6105 6043
f 6043 6044 5633
f 6180 6103 6179
f 5638 6045 6166
f 5642 6081 6199
f 5642 6199 6045
f 5644 5983 6046
f 5983 5602 6046
f 5590 6046 5588
f 5562 6048 6050
f 5698 5562 6050
f 5562 5560 6048
f 6048 6049 6050
f 6097 6054 6051
f 6052 6053 6054
f 6053 6125 6054
f 6054 6125 5996
f 6054 5996 5986
f 6058 6055 6057
f 6058 5879 6055
f 6056 5876 6059
f 6056 6059 6060
f 5876 6061 6059
f 5876 5877 6061
f 6077 6075 6063
f 6064 6078 5873
f 6075 6064 5864
f 6061 5874 6066
f 6059 6061 6066
f 5877 5874 6061
f 5874 5871 5870
f 6066 5874 6067
f 6078 6068 6069
f 6068 6066 6069
f 6066 6067 5866
f 6077 6078 6064
f 6074 6065 6070
f 6065 6063 6070
f 6063 5863 5865
f 6087 6074 6070
f 6072 6054 6071
f 6054 5986 5985
f 6071 5985 6100
f 6072 6071 5893
f 6095 6072 5891
f 6030 5865 6031
f 5978 5980 5865
f 5980 6031 5865
f 6028 6031 5978
f 6089 6087 6070
f 6073 6070 6029
f 6089 6073 6029
f 5831 6027 5894
f 5833 6089 6027
f 5720 6080 6077
f 6080 6078 6077
f 6076 6077 6063
f 6077 6076 5715
f 6079 6066 6068
f 6060 6068 6092
f 6059 6066 6079
f 6082 6084 5751
f 6084 6085 5751
f 6083 6084 6082
f 5715 6076 6086
f 6076 6063 6088
f 6086 6088 6063
f 6074 6063 6065
f 6176 6086 6087
f 6091 6060 6092
f 6057 6091 6090
f 6055 6060 6091
f 6060 6062 6079
f 6062 6059 6079
f 6090 6092 6109
f 6111 6090 6109
f 5751 6085 6112
f 6085 6057 6093
f 6093 6111 5753
f 5754 6093 5753
f 6094 6095 5891
f 5979 6094 5978
f 5979 6095 6094
f 6014 6051 6096
f 6097 6051 6014
f 6051 6054 6072
f 6015 6096 6095
f 5834 5892 5891
f 6098 5891 5893
f 6100 5893 6071
f 5713 6100 5984
f 6099 6100 5713
f 6101 5830 5834
f 5834 6100 6099
f 6034 5834 6099
f 6034 6101 5834
f 6102 6104 6103
f 5718 6104 6102
f 6039 6102 6038
f 6106 5714 6105
f 6104 6106 6042
f 5719 5714 6106
f 6105 6107 6108
f 6106 6105 6042
f 6149 6112 5754
f 6150 5754 5753
f 6162 6111 6109
f 6113 5658 6114
f 5658 6115 6114
f 5620 6114 6119
f 6115 6368 6116
f 6114 6116 6117
f 6114 6117 6118
f 6129 5552 6123
f 5552 5992 6122
f 6129 6123 6121
f 6120 6129 6121
f 5988 6123 6122
f 5997 6126 6123
f 6126 6124 6123
f 6124 6125 6053
f 6126 6125 6124
f 6127 6128 6120
f 5542 6127 5605
f 5550 5552 6129
f 6127 6120 5605
f 6123 6130 6121
f 6124 6131 6130
f 6124 6136 5605
f 6136 6135 5605
f 6131 5605 5606
f 6130 6131 6120
f 5609 5607 6132
f 6133 6132 6134
f 5998 6133 6134
f 5998 6132 6133
f 6052 6135 6053
f 6052 6134 6132
f 6137 6132 5607
f 6135 5607 5608
f 6135 6136 6124
f 6138 6139 6141
f 6143 6146 6140
f 6140 6144 6139
f 6142 6148 6159
f 6160 6148 6141
f 6149 6150 6148
f 6110 6162 6148
f 6159 6148 5718
f 6141 6148 6142
f 5767 6151 6146
f 5766 5770 6151
f 5770 5773 6151
f 6140 6147 6165
f 6151 6152 6146
f 6147 6152 6153
f 5764 5766 6151
f 6155 5767 6146
f 6156 6155 6143
f 6157 6156 6143
f 5763 5767 5760
f 5760 6155 6156
f 5760 6157 6145
f 5624 5760 6145
f 5630 5760 5624
f 6158 6142 6159
f 6158 6159 6039
f 6145 6143 6158
f 6143 6142 6158
f 5626 6158 6037
f 6141 6139 6160
f 6139 6144 6200
f 6140 6165 6144
f 6139 6200 6161
f 6160 6161 5752
f 6092 6163 6162
f 6111 6162 6110
f 6109 6092 6162
f 6092 6068 6163
f 6068 6080 5720
f 6068 5719 6104
f 6163 6104 5718
f 6148 6162 5718
f 6200 6144 6164
f 6164 6147 6154
f 6199 6164 6166
f 6199 6166 6045
f 6200 6164 6199
f 6167 6049 5593
f 5654 5593 5655
f 5483 6167 5593
f 5483 6050 6167
f 6050 6049 6167
f 5655 5593 5995
f 6057 6170 6168
f 6085 6084 6170
f 6170 6084 6083
f 6170 6083 6171
f 6170 6171 6172
f 5935 5902 6173
f 5935 6173 6174
f 5899 5897 5902
f 5903 5902 5897
f 5880 6174 5902
f 6174 6173 5902
f 6058 6168 6174
f 6169 6174 6168
f 6036 6035 6175
f 6108 6107 6175
f 6101 6036 6175
f 6034 5636 5621
f 6035 5621 5635
f 6044 6043 6175
f 6105 6108 6175
f 6086 6176 5716
f 6089 6177 6176
f 6089 5832 6177
f 5832 5831 6177
f 5717 6176 6107
f 5831 6107 6177
f 5830 6101 6107
f 6179 6814 6178
f 6179 6178 6180
f 6181 6179 5632
f 6252 6814 6179
f 5633 6179 6103
f 6182 6184 6183
f 6339 6183 5642
f 6182 6340 6185
f 6184 6182 6185
f 6185 6083 6082
f 6184 6082 6081
f 6183 6081 5642
f 6340 6188 6338
f 6343 6189 6187
f 6187 6189 6190
f 6188 6186 6187
f 6191 6209 6195
f 6191 6195 6196
f 6194 6196 6197
f 6336 6194 6192
f 6198 6200 6199
f 6154 6201 6164
f 6201 6813 6203
f 6201 6203 6204
f 6152 5773 6205
f 5773 5823 6205
f 5823 5821 6205
f 6206 6205 5822
f 6205 6206 6154
f 6206 6202 6154
f 5822 5825 6206
f 5825 6813 6202
f 6202 6201 6154
f 6205 6154 6153
f 6187 6190 6207
f 6187 6207 6208
f 6191 6208 6209
f 5671 6214 6211
f 6214 5509 5508
f 6213 5508 5507
f 6212 6211 5512
f 5511 6212 5512
f 6217 6215 5569
f 6243 5590 6217
f 5590 5592 6215
f 5592 6216 6215
f 6222 6223 6220
f 6222 6220 6218
f 6219 5705 6223
f 6218 6221 6222
f 5626 6220 6223
f 5625 6038 5626
f 6038 6218 6220
f 6223 6224 5627
f 6225 6226 6227
f 6226 6228 6227
f 6228 6222 6221
f 6227 6221 6218
f 6041 6227 6038
f 6040 6225 6227
f 6233 6815 6229
f 6254 6815 6233
f 6229 6815 6254
f 6232 6233 6229
f 6230 6233 6234
f 6231 6229 6254
f 6237 5643 6236
f 6047 5590 5643
f 5590 6236 5643
f 5590 6244 6237
f 6244 6367 6237
f 5590 6237 6236
f 6268 6241 6231
f 5662 6241 6268
f 6231 6241 6232
f 6229 6231 6232
f 5559 6242 6279
f 6279 6242 6241
f 5559 6279 6278
f 6243 6266 6245
f 6266 6268 6231
f 6245 6266 6231
f 6245 6231 6254
f 6243 6245 6238
f 6244 6243 6367
f 6249 6252 6250
f 6263 6250 5632
f 6251 6249 6250
f 6250 6179 6181
f 6250 6181 5632
f 6253 5646 5620
f 5981 5646 6253
f 5646 6113 5620
f 6253 5620 5618
f 6245 6254 6255
f 6235 6256 6255
f 6230 6255 6254
f 6258 6256 6257
f 6258 6255 6256
f 6367 6255 6239
f 6238 6245 6255
f 6261 5632 5621
f 6265 6259 6262
f 6265 6260 6259
f 6263 6261 6260
f 6263 5632 6261
f 5632 5634 5621
f 6118 6264 6119
f 6265 6262 6264
f 6262 5631 5618
f 6264 5618 5620
f 5568 5660 6267
f 6217 6266 6243
f 6217 6267 6266
f 6217 5568 6267
f 6266 6267 6268
f 6270 5783 6269
f 5794 6270 5795
f 5793 6291 6270
f 6271 6272 6273
f 6272 6269 6273
f 6273 6269 5784
f 6270 6269 6272
f 6271 6275 5628
f 6248 5628 5627
f 6276 6271 5628
f 6276 6274 6271
f 5629 6275 5623
f 5628 6275 5629
f 5661 6278 6277
f 5661 5558 6278
f 6278 5558 5559
f 6278 6279 6241
f 6281 6282 5793
f 6282 6283 5793
f 6283 6284 6292
f 6284 4890 5797
f 5793 6280 6291
f 5794 5793 6270
f 5788 5386 6287
f 6287 5386 6288
f 6285 6287 5799
f 6286 6285 5799
f 5789 6286 5799
f 6291 6280 6289
f 6291 6289 6290
f 6289 6292 6290
f 6292 5796 6293
f 6292 6293 6290
f 5783 6291 6290
f 6293 6294 6295
f 6290 6293 5776
f 5796 5798 6294
f 6293 6295 5777
f 6296 5795 6297
f 6274 6297 6271
f 6274 6296 6297
f 6272 6297 6270
f 6294 6299 6298
f 6295 6298 5755
f 5785 5799 6299
f 6298 6299 5804
f 5811 6302 5740
f 5757 5809 5740
f 5400 6300 6302
f 6300 6301 6302
f 6301 4836 5741
f 6302 5741 5740
f 6304 6303 5851
f 5955 6303 5839
f 5955 5959 6303
f 5959 5854 5853
f 5959 5853 5852
f 6303 5852 5851
f 5851 5912 5904
f 6304 5851 5904
f 6304 5908 5907
f 6305 5907 5844
f 6304 6305 5843
f 6303 6304 5845
f 6312 6313 6306
f 6313 6314 6307
f 6314 6306 6307
f 6313 6307 6306
f 6314 6315 6311
f 6314 6311 6306
f 6315 6316 6309
f 6317 6309 6308
f 6308 6309 6316
f 6317 6318 6310
f 6318 6309 6310
f 6317 6310 6309
f 6318 6319 6311
f 6318 6311 6309
f 6312 6306 6311
f 6320 6321 6322
f 6321 6323 6322
f 6322 5547 5683
f 6322 5683 5704
f 6325 6322 5704
f 6324 6325 5704
f 5600 6326 6325
f 6326 6320 6322
f 5652 6328 6327
f 6328 5651 6329
f 5596 6329 6330
f 5665 6327 5596
f 6332 6331 6241
f 6331 6816 6241
f 6241 6242 6332
f 6242 5559 6332
f 6333 6234 6233
f 6333 6233 6232
f 6258 6257 6334
f 6257 6256 6334
f 6256 6235 6334
f 6235 6230 6334
f 6230 6234 6334
f 6171 6191 6210
f 6169 6210 6194
f 6174 6169 6335
f 6335 6194 6336
f 6192 6193 6337
f 6185 6338 6083
f 6338 6188 6187
f 6338 6187 6191
f 6083 6338 6191
f 6172 6171 6210
f 5640 6341 6340
f 6341 6342 6340
f 6342 6343 6340
f 6340 6186 6188
f 6339 6340 6182
f 5641 6340 6339
f 6197 6344 6192
f 6345 6346 6344
f 6346 6347 5969
f 6347 5970 5969
f 6365 6024 6348
f 6002 6350 6349
f 6350 6351 6349
f 6351 6352 6349
f 6352 6020 6349
f 6357 5950 5882
f 5958 6357 6353
f 6354 6355 6357
f 6355 6356 6357
f 6356 5951 5965
f 6357 5965 5950
f 5958 6353 6361
f 6358 6360 6359
f 6358 6019 6360
f 5888 5889 6019
f 6360 6005 6003
f 6360 6003 6004
f 6359 6360 6004
f 6361 6358 6362
f 6353 5887 6358
f 5958 6362 5854
f 6362 6359 5855
f 5967 6365 6363
f 5890 5888 6365
f 5888 6363 6365
f 6368 5659 6366
f 6368 6366 6240
f 5643 6366 5645
f 5645 6366 5659
f 6237 6367 5643
f 5643 6367 6366
f 6239 6240 6367
f 6368 6240 6255
f 6255 6240 6239
f 6479 6372 6371
f 6372 6373 6371
f 6375 6371 6572
f 6375 6572 6374
f 6479 6371 6375
f 6377 6436 6376
f 6376 6421 6377
f 6380 6378 6379
f 5279 6380 6379
f 6421 6419 5313
f 6419 6381 5313
f 6430 6817 6425
f 6425 6817 6382
f 6384 6386 6383
f 6386 6390 6396
f 6391 6392 6393
f 6393 6494 6394
f 6396 6394 6395
f 6387 6399 6398
f 6398 6399 6400
f 6400 6391 6393
f 6398 6393 6396
f 6397 6396 6390
f 6386 6397 6390
f 6401 6385 6402
f 6538 6401 6403
f 6401 6534 6385
f 6534 6384 6385
f 6402 6385 6404
f 6401 6402 6404
f 6405 6401 6404
f 6496 6411 6412
f 6496 6408 6411
f 6406 6407 6408
f 6407 6409 6408
f 6408 6445 6410
f 6408 6410 6411
f 6405 6404 6413
f 6404 6385 6417
f 6416 6414 6415
f 6388 6383 6389
f 6388 6389 6417
f 6385 6388 6417
f 6383 6386 6389
f 6389 6395 6418
f 6417 6418 6415
f 6419 6421 6422
f 6524 6381 6423
f 6425 6420 6426
f 6425 6424 6430
f 6425 6426 6424
f 6381 6420 6425
f 6420 6524 6427
f 6426 6427 6428
f 6426 6428 6429
f 6424 6426 6429
f 6379 6378 6432
f 6432 6433 6431
f 6431 6517 6555
f 6421 6435 6532
f 6421 6376 6435
f 6376 6557 6435
f 6422 6421 6532
f 6437 6439 6438
f 6440 6503 6437
f 6440 6437 6438
f 6507 6443 6441
f 6442 6462 6465
f 6443 6465 6444
f 6443 6444 6439
f 6441 6443 6439
f 6411 6410 6450
f 6409 6446 6445
f 6446 6455 6447
f 6445 6447 6448
f 6452 6447 6455
f 6452 6451 6447
f 6453 6454 6451
f 6454 6449 6410
f 6451 6410 6448
f 6451 6448 6447
f 6439 6457 6456
f 6438 6439 6460
f 6457 6461 6458
f 6461 6459 6458
f 6456 6457 6566
f 6439 6456 6460
f 6444 6461 6457
f 6444 6465 6461
f 6462 6463 6465
f 6463 6464 6465
f 6464 6449 6465
f 6449 6483 6465
f 6465 6466 6560
f 6467 6481 6470
f 6467 6470 6471
f 6475 6467 6472
f 6476 6474 6473
f 6474 6467 6475
f 6474 6475 6472
f 6473 6474 6472
f 6565 6562 6479
f 6477 6565 6479
f 6468 6477 6480
f 6480 6374 6481
f 6465 6482 6466
f 6484 6485 6486
f 6487 6488 6490
f 6488 6506 6490
f 6391 6400 6489
f 6487 6489 6488
f 6506 6488 6405
f 6490 6491 6492
f 6487 6490 6492
f 6489 6487 6492
f 6494 6392 6493
f 6392 6391 6489
f 6493 6489 6492
f 6493 6501 6495
f 6505 6493 6495
f 6413 6497 6500
f 6414 6496 6497
f 6415 6498 6496
f 6498 6499 6496
f 6499 6406 6408
f 6497 6496 6412
f 6505 6495 6501
f 6492 6491 6501
f 6491 6504 6501
f 6504 6437 6502
f 6503 6502 6437
f 6505 6502 6503
f 6505 6501 6502
f 6506 6507 6490
f 6405 6508 6507
f 6508 6442 6443
f 6490 6441 6437
f 6509 6510 6511
f 6548 6509 6511
f 6510 6518 6517
f 6510 6517 6516
f 6511 6516 6514
f 6511 6514 6515
f 6518 6531 6517
f 6531 6519 6520
f 6520 6435 6521
f 6517 6521 6555
f 6523 6422 6527
f 6524 6423 6523
f 6423 6419 6523
f 6527 6422 6530
f 6526 6525 6384
f 6535 6523 6526
f 6525 6527 6387
f 6384 6525 6386
f 6528 6529 6530
f 6399 6387 6529
f 6529 6387 6527
f 6548 6528 6530
f 6518 6510 6531
f 6510 6509 6533
f 6509 6530 6533
f 6533 6530 6422
f 6520 6519 6532
f 6403 6536 6538
f 6536 6537 6538
f 6538 6539 6535
f 6534 6535 6526
f 6539 6428 6524
f 6538 6428 6539
f 6537 6540 6428
f 6540 6541 6428
f 6541 6429 6428
f 6428 6427 6524
f 6523 6539 6524
f 6554 6543 6542
f 6543 6405 6488
f 6542 6488 6489
f 6551 6542 6544
f 6561 6545 6546
f 6561 6569 6545
f 6562 6546 6372
f 6478 6561 6546
f 6512 6513 6548
f 6548 6544 6489
f 6400 6548 6489
f 6399 6548 6400
f 6514 6522 6434
f 6516 6517 6431
f 6522 6431 6434
f 6550 6434 6433
f 6553 6550 6433
f 6551 6553 6552
f 6551 6515 6553
f 6542 6552 6554
f 6513 6512 6551
f 6512 6515 6551
f 6515 6514 6550
f 6515 6550 6553
f 6552 6553 6549
f 6557 6555 6435
f 6556 6557 6376
f 6558 6555 6557
f 6379 6431 6555
f 5279 6379 6558
f 6559 6558 6557
f 6559 6557 6556
f 6560 6561 6478
f 6560 6466 6561
f 6466 6482 6561
f 6562 6560 6546
f 6563 6562 6458
f 6458 6562 6565
f 6459 6563 6458
f 6563 6459 6562
f 6564 6565 6477
f 6476 6564 6474
f 6476 6458 6564
f 6457 6458 6476
f 6484 6568 6577
f 6483 6567 6568
f 6577 6570 6485
f 6482 6486 6584
f 6561 6584 6569
f 6574 6572 6571
f 6575 6577 6576
f 6576 6577 6568
f 6576 6568 6567
f 6575 6576 6567
f 6578 6582 6579
f 6590 6578 6580
f 6589 6581 6578
f 6581 6582 6578
f 6578 6579 6583
f 6485 6570 6584
f 6570 6577 6575
f 6584 6570 5438
f 6371 6571 6572
f 6546 6586 6585
f 6373 6588 6573
f 6547 6587 6586
f 6586 5438 6588
f 6578 6452 6589
f 6578 6590 6452
f 6580 6483 6590
f 6483 6453 6451
f 6590 6451 6452
f 6687 6594 6592
f 6592 6818 6593
f 6689 6818 6592
f 6594 6688 6592
f 6595 6596 6597
f 6596 6636 6597
f 6600 6644 6599
f 6601 6643 6600
f 6636 6219 6602
f 6638 6604 6598
f 6639 6603 6602
f 6638 6639 6604
f 6736 6607 6606
f 6733 6736 6734
f 6734 6736 6605
f 6736 6606 6605
f 6620 6629 6607
f 6605 6606 6608
f 6608 6609 6618
f 6612 6611 6608
f 6395 6612 6608
f 6613 6618 6614
f 6738 6615 6616
f 6615 6614 6616
f 6614 6618 6617
f 6618 6609 6617
f 6608 6618 6613
f 6734 6605 6613
f 6622 6620 6607
f 6621 6628 6619
f 6623 6624 6625
f 6625 6407 6406
f 6624 6657 6407
f 6626 6623 6625
f 6619 6705 6627
f 6619 6627 6629
f 6627 6631 6630
f 6627 6706 6631
f 6607 6632 6633
f 6634 6395 6633
f 6630 6634 6633
f 6629 6627 6632
f 6635 6728 6727
f 6636 6727 6637
f 6603 6732 6728
f 6639 6732 6603
f 6640 6732 6639
f 6641 6640 6639
f 6641 6639 6638
f 6600 6643 6644
f 6643 6642 6644
f 6642 6762 6644
f 6725 6645 6642
f 6646 6642 6643
f 6597 6647 6595
f 6597 6724 6648
f 6597 6649 6724
f 6636 6637 6597
f 6652 6669 6710
f 6651 6653 6652
f 6710 6669 6712
f 6669 6654 6712
f 6675 6676 6655
f 6671 6675 6654
f 6656 6671 6654
f 6656 6654 6669
f 6659 6658 6657
f 6663 6455 6658
f 6661 6660 6659
f 6661 6659 6623
f 6455 6663 6664
f 6663 6662 6664
f 6662 6666 6665
f 6662 6667 6666
f 6662 6661 6667
f 6659 6660 6662
f 6663 6659 6662
f 6668 6670 6669
f 6670 6672 6671
f 6653 6669 6652
f 6669 6671 6656
f 6674 6673 6670
f 6674 6670 6668
f 6674 6668 6669
f 6675 6677 6676
f 6675 6678 6677
f 6675 6661 6678
f 6675 6693 6661
f 6672 6670 6675
f 6672 6675 6671
f 6472 6679 6686
f 6683 6682 6681
f 6471 6683 6680
f 6471 6680 6681
f 6472 6681 6679
f 6685 6686 6684
f 6774 6472 6684
f 6686 6681 6691
f 6679 6681 6686
f 6472 6686 6685
f 6472 6685 6684
f 6770 6688 6687
f 6772 6770 6687
f 6770 6686 6688
f 6686 6691 6688
f 6690 6689 6688
f 6682 6690 6688
f 6695 6694 6675
f 6692 6776 6693
f 6778 6777 6692
f 6609 6610 6697
f 6698 6712 6628
f 6702 6709 6698
f 6702 6698 6697
f 6611 6704 6701
f 6701 6702 6697
f 6703 6702 6701
f 6705 6625 6627
f 6625 6498 6706
f 6625 6499 6498
f 6625 6406 6499
f 6707 6625 6705
f 6703 6708 6710
f 6710 6709 6702
f 6711 6651 6650
f 6704 6711 6650
f 6710 6712 6698
f 6712 6713 6628
f 6712 6714 6713
f 6654 6655 6714
f 6715 6718 6717
f 6726 6721 6718
f 6720 6719 6715
f 6720 6715 6716
f 6726 6645 6721
f 6645 6722 6721
f 6724 6723 6722
f 6725 6724 6645
f 6728 6733 6730
f 6728 6730 6727
f 6727 6730 6729
f 6728 6731 6733
f 6731 6737 6733
f 6730 6733 6734
f 6730 6734 6735
f 6737 6736 6733
f 6616 6715 6738
f 6615 6738 6739
f 6614 6739 6734
f 6739 6738 6735
f 6738 6740 6729
f 6718 6721 6741
f 6717 6718 6741
f 6715 6717 6740
f 6721 6722 6742
f 6741 6742 6729
f 6723 6724 6649
f 6722 6723 6637
f 6622 6607 6743
f 6743 6744 6619
f 6744 6747 6621
f 6731 6745 6744
f 6737 6744 6743
f 6731 6746 6745
f 6746 6748 6747
f 6640 6641 6748
f 6732 6640 6746
f 6728 6732 6746
f 6749 6752 6751
f 6749 6628 6752
f 6697 6698 6749
f 6699 6700 6749
f 6699 6749 6750
f 6753 6754 6755
f 6756 6687 6753
f 6756 6753 6755
f 6757 6616 6699
f 6715 6757 6699
f 6699 6758 6716
f 6758 6699 6750
f 6697 6700 6699
f 6616 6697 6699
f 6617 6609 6697
f 6642 6761 6759
f 6759 6726 6719
f 6642 6645 6726
f 6762 6642 6759
f 6759 6720 6764
f 6751 6763 6749
f 6763 6764 6750
f 6764 6716 6758
f 6764 6720 6716
f 6759 6719 6720
f 6760 6759 6764
f 6751 6764 6763
f 6648 6724 6646
f 6647 6765 6766
f 6724 6725 6646
f 6647 6648 6646
f 6765 6643 6601
f 6766 6765 6767
f 6767 6595 6766
f 6695 6696 6768
f 6769 6772 6687
f 6670 6769 6696
f 6684 6772 6769
f 6684 6770 6771
f 6673 6684 6670
f 6684 6769 6670
f 6771 6770 6772
f 6773 6774 6684
f 6773 6684 6673
f 6775 6787 6692
f 6692 6790 6776
f 6694 6768 6778
f 6768 6696 6780
f 6783 6782 6781
f 6782 6786 6781
f 6785 6784 6781
f 6787 6789 6797
f 6775 6777 6789
f 6787 6775 6789
f 6790 6787 6788
f 6791 6792 6793
f 6792 6794 6793
f 6807 6793 6805
f 6793 6581 6589
f 6793 6582 6581
f 6795 6791 6793
f 6798 6799 6797
f 6796 6798 6777
f 6798 6789 6777
f 6796 6804 6799
f 6800 6802 6801
f 6783 6781 6592
f 6781 6801 6753
f 6801 6803 6755
f 6784 6800 6801
f 6802 6804 6796
f 6803 6796 6780
f 6796 6779 6778
f 6664 6662 6805
f 6806 6664 6793
f 6664 6805 6793
f 6662 6808 6807
f 6662 6776 6808
f 6662 6665 6776
f 6819 6820 6821
f 6822 6823 6824
f 6828 6829 6830
f 6833 6869 6831
f 6834 6835 6836
f 6849 6850 6847
f 6848 6838 6840
f 6859 6860 6861
f 6934 6865 6864
f 6850 6866 6847
f 6868 6869 6853
f 6874 6875 6876
f 6877 6878 6879
f 6880 6879 6881
f 6882 6883 6884
f 6884 6872 6885
f 6958 6889 6887
f 6889 6886 6887
f 6899 6900 6901
f 6907 6908 6911
f 6912 6913 6878
f 6909 6897 6895
f 6909 6896 6897
f 6926 6927 6928
f 6930 6931 6926
f 6917 6933 6918
f 6826 6934 6825
f 6826 6837 6825
f 6854 6833 6831
f 6833 6853 6869
f 6831 6869 6832
f 6841 6838 6935
f 6838 6842 6839
f 6840 6848 6838
f 6838 6839 6843
f 6845 6838 6844
f 6936 6937 6845
f 6938 6838 6845
f 6845 6841 6838
f 6849 6847 6939
f 6940 6847 6851
f 6846 6940 6848
f 6845 6844 6941
f 6844 6838 6852
f 6843 6839 6870
f 6833 6868 6853
f 6856 6942 6855
f 6856 6857 6942
f 6847 6857 6856
f 6842 6855 6858
f 6943 6944 6945
f 6859 6946 6860
f 6947 6869 6948
f 6827 6869 6863
f 6865 6827 6862
f 6949 6934 6864
f 6934 6827 6865
f 6864 6865 6862
f 6850 6849 6866
f 6849 6867 6857
f 6866 6849 6857
f 6871 6950 6951
f 6839 6842 6870
f 6842 6858 6871
f 6858 6855 6871
f 6950 6952 6953
f 6869 6868 6948
f 6883 6881 6873
f 6877 6912 6878
f 6888 6875 6955
f 6956 6957 6888
f 6959 6958 6906
f 6905 6906 6960
f 6906 6887 6916
f 6889 6954 6886
f 6961 6962 6954
f 6958 6954 6889
f 6893 6890 6891
f 6898 6892 6893
f 6898 6893 6964
f 6893 6891 6929
f 6891 6890 6929
f 6890 6963 6904
f 6963 6902 6903
f 6894 6911 6895
f 6896 6895 6897
f 6907 6909 6895
f 6965 6910 6909
f 6912 6967 6913
f 6968 6969 6970
f 6971 6972 6973
f 6887 6922 6916
f 6906 6914 6917
f 6974 6975 6976
f 6977 6923 6916
f 6919 6920 6921
f 6886 6919 6922
f 6919 6921 6923
f 6921 6920 6923
f 6924 6925 6966
f 6978 6966 6896
f 6966 6967 6912
f 6979 6925 6966
f 6910 6966 6909
f 6926 6931 6927
f 6930 6980 6931
f 6932 6930 6926
f 6917 6915 6933
o carbon
usemtl carbon
v 0.6078 0.3596 -1.7677
v 0.6298 0.3282 -1.7996
v 0.6265 0.3399 -1.8107
v 0.6113 0.3380 -1.7483
v 0.6168 0.3540 -1.8025
v 0.5940 0.3592 -1.8019
v 0.5942 0.3615 -1.7952
v 0.5931 0.3452 -1.8062
v 0.5937 0.3549 -1.8070
v 0.6275 0.3480 -1.7330
v 0.6101 0.3429 -1.8081
v 0.6098 0.3517 -1.8082
v 0.5917 0.3455 -1.8062
v 0.5917 0.3406 -1.7987
v 0.5900 0.3434 -1.7979
v 0.5899 0.3476 -1.8043
v 0.5919 0.3611 -1.7714
v 0.6052 0.3337 -1.7787
v 0.5926 0.3596 -1.8018
v 0.1891 0.3879 -1.7950
v 0.1589 0.4024 -1.7770
v 0.1582 0.3814 -1.7724
v 0.2364 0.3847 -1.7995
v 0.2304 0.3809 -1.7967
v 0.2298 0.3851 -1.7989
v 0.1504 0.3968 -1.7418
v 0.1545 0.3885 -1.7904
v 0.1490 0.3990 -1.7801
v 0.1531 0.3911 -1.7923
v 0.1549 0.3911 -1.7923
v 0.1562 0.3885 -1.7904
v 0.2359 0.3896 -1.7981
v 0.2682 0.3749 -1.7927
v 0.1520 0.3899 -1.7450
v 0.2660 0.3925 -1.7936
v 0.1487 0.3978 -1.7571
v 0.1483 0.3980 -1.7671
v 0.1394 0.3917 -1.7675
v 0.1498 0.3951 -1.7372
v 0.1507 0.3920 -1.7371
v 0.1523 0.3889 -1.7478
v 0.1536 0.3864 -1.7680
v 0.1530 0.3872 -1.7585
v 0.2695 0.3837 -1.7266
v 0.2711 0.3848 -1.7282
v 0.2707 0.3872 -1.7284
v 0.2686 0.3886 -1.7267
v 0.5883 0.3628 -1.7581
v 0.5870 0.3638 -1.7924
v 0.2710 0.3949 -1.7630
v 0.5884 0.3552 -1.7344
v 0.2723 0.3912 -1.7373
v 0.2715 0.3945 -1.7863
v 0.5873 0.3608 -1.8017
v 0.2715 0.3921 -1.7937
v 0.5878 0.3464 -1.8061
v 0.5880 0.3514 -1.8085
v 0.5878 0.3415 -1.7986
v 0.5887 0.3395 -1.7724
v 0.5888 0.3470 -1.7427
v 0.5866 0.3517 -1.8084
v 0.5863 0.3467 -1.8060
v 0.5881 0.3441 -1.7515
v 0.5869 0.3565 -1.8068
v 0.5884 0.3561 -1.8068
v 0.5890 0.3612 -1.7805
v 0.2730 0.3780 -1.7983
v 0.2724 0.3824 -1.8006
v 0.2719 0.3874 -1.7992
v 0.2731 0.3714 -1.7813
v 0.2726 0.3884 -1.7268
v 0.2735 0.3834 -1.7267
v 0.2739 0.3780 -1.7430
v 0.2722 0.3746 -1.7927
v 0.2714 0.3926 -1.7440
v 0.2699 0.3888 -1.7367
v 0.2705 0.3948 -1.7652
v 0.2700 0.3922 -1.7937
v 0.6306 0.1482 -1.7475
v 0.6306 0.1419 -1.6703
v 0.6306 0.1439 -1.7366
v 0.6306 0.1540 -1.7699
v 0.6306 0.1751 -1.8112
v 0.6306 0.2645 -1.8881
v 0.6306 0.2657 -1.8901
v 0.6306 0.4432 -1.8945
v 0.6306 0.3726 -1.9119
v 0.6306 0.4456 -1.8949
v 0.6306 0.5676 -1.7659
v 0.6306 0.5333 -1.8301
v 0.6306 0.5695 -1.7644
v 0.6306 0.5705 -1.6432
v 0.6306 0.5800 -1.6559
v 0.6306 0.4777 -1.5042
v 0.6306 0.5464 -1.5836
v 0.6306 0.4812 -1.5056
v 0.6306 0.4297 -1.4794
v 0.6306 0.4073 -1.4734
v 0.6306 0.3121 -1.4775
v 0.6306 0.3727 -1.4691
v 0.6306 0.3037 -1.4764
v 0.6306 0.1770 -1.5710
v 0.6306 0.2216 -1.5182
v 0.6306 0.1725 -1.5749
v 0.6306 0.3610 -1.6907
v 0.6264 0.2086 -1.6396
v 0.5772 0.2085 -1.6398
v 0.6295 0.1892 -1.5952
v 0.6261 0.2118 -1.6472
v 0.6263 0.2089 -1.6530
v 0.6264 0.2066 -1.6515
v 0.5776 0.2085 -1.6532
v 0.6292 0.1873 -1.5955
v 0.5782 0.2008 -1.6434
v 0.6268 0.2008 -1.6431
v 0.6300 0.1998 -1.6444
v 0.6262 0.2118 -1.6530
v 0.6298 0.2098 -1.6390
v 0.6300 0.2056 -1.6527
v 0.5803 0.2517 -1.5021
v 0.5886 0.1839 -1.4616
v 0.5955 0.1799 -1.4264
v 0.5840 0.1554 -1.6424
v 0.5823 0.1774 -1.6306
v 0.5744 0.2443 -1.7012
v 0.5911 0.2510 -1.4564
v 0.6355 0.2345 -1.3621
v 0.5730 0.2266 -1.5219
v 0.5696 0.2179 -1.5821
v 0.5738 0.1752 -1.6529
v 0.5823 0.1805 -1.4714
v 0.5700 0.1542 -1.4804
v 0.5757 0.1798 -1.5364
v 0.5733 0.2217 -1.5222
v 0.5795 0.1573 -1.6493
v 0.5679 0.2322 -1.6913
v 0.5673 0.2496 -1.6973
v 0.5744 0.1866 -1.6852
v 0.5417 0.1904 -1.6485
v 0.5509 0.1815 -1.6079
v 0.5831 0.2073 -1.4786
v 0.5727 0.1999 -1.5190
v 0.5537 0.2016 -1.6469
v 0.5708 0.1946 -1.5845
v 0.5854 0.2215 -1.4620
v 0.5868 0.2011 -1.4698
v 0.5343 0.2121 -1.5064
v 0.5564 0.1991 -1.6534
v 0.5550 0.2318 -1.4737
v 0.5498 0.2117 -1.5380
v 0.5395 0.1978 -1.6442
v 0.5299 0.2131 -1.5072
v 0.6259 0.2483 -1.6008
v 0.6260 0.2472 -1.6031
v 0.5734 0.2482 -1.6012
v 0.6261 0.2443 -1.6028
v 0.6261 0.2422 -1.6009
v 0.5740 0.2439 -1.6025
v 0.6259 0.2480 -1.5974
v 0.6303 0.2335 -1.5407
v 0.6306 0.2503 -1.5879
v 0.6286 0.2477 -1.5888
v 0.6284 0.2501 -1.5970
v 0.6263 0.2459 -1.5894
v 0.6285 0.2481 -1.6051
v 0.6286 0.2406 -1.6024
v 0.6092 0.5876 -1.6481
v 0.6111 0.5869 -1.7275
v 0.6081 0.6041 -1.6120
v 0.6112 0.5703 -1.6124
v 0.5873 0.4809 -1.8171
v 0.5900 0.4794 -1.8242
v 0.5826 0.4689 -1.8275
v 0.5998 0.4919 -1.8200
v 0.6004 0.4161 -1.8431
v 0.6004 0.4161 -1.8473
v 0.5907 0.4216 -1.8407
v 0.5847 0.4305 -1.8418
v 0.5834 0.4370 -1.8188
v 0.5890 0.4725 -1.8277
v 0.5886 0.4729 -1.8238
v 0.6052 0.4953 -1.8204
v 0.6061 0.4963 -1.8140
v 0.6056 0.5056 -1.8008
v 0.6005 0.4858 -1.8234
v 0.6312 0.4149 -1.8062
v 0.6004 0.4162 -1.8060
v 0.5859 0.4651 -1.7963
v 0.6054 0.4888 -1.7916
v 0.5907 0.4760 -1.7941
v 0.6005 0.4858 -1.8192
v 0.6047 0.4858 -1.7922
v 0.5846 0.4307 -1.8031
v 0.6311 0.4808 -1.8245
v 0.6311 0.4757 -1.8269
v 0.5903 0.4757 -1.8262
v 0.5952 0.4808 -1.8245
v 0.6097 0.3669 -1.7585
v 0.6078 0.3669 -1.7585
v 0.6056 0.3718 -1.8205
v 0.6075 0.3718 -1.8211
v 0.6167 0.2906 -1.4970
v 0.6186 0.2906 -1.4970
v 0.6186 0.2943 -1.4970
v 0.6167 0.2973 -1.4970
v 0.6306 0.5566 -1.6035
v 0.6074 0.1924 -1.4058
v 0.6062 0.1934 -1.4060
v 0.5807 0.1669 -1.4454
v 0.6287 0.2142 -1.3735
v 0.6329 0.2189 -1.3675
v 0.5859 0.2228 -1.4615
v 0.5766 0.2264 -1.4700
v 0.5935 0.2180 -1.4481
v 0.5935 0.2194 -1.4481
v 0.6183 0.5170 -1.5457
v 0.6183 0.5112 -1.5765
v 0.6232 0.5151 -1.5778
v 0.6200 0.5782 -1.7239
v 0.6070 0.5699 -1.5690
v 0.6115 0.5191 -1.5516
v 0.6118 0.5192 -1.5469
v 0.6125 0.5180 -1.5513
v 0.6134 0.5180 -1.5484
v 0.6136 0.5180 -1.5465
v 0.6309 0.5758 -1.7185
v 0.6177 0.5701 -1.7624
v 0.6159 0.5567 -1.7943
v 0.6243 0.5589 -1.7899
v 0.5960 0.6073 -1.6876
v 0.5959 0.6067 -1.6889
v 0.6039 0.5734 -1.5949
v 0.5999 0.6070 -1.6384
v 0.6151 0.5545 -1.7962
v 0.6154 0.5533 -1.7920
v 0.6152 0.5534 -1.7952
v 0.6130 0.5583 -1.7945
v 0.6128 0.5522 -1.7919
v 0.6309 0.5543 -1.7825
v 0.6140 0.5103 -1.5456
v 0.6160 0.5171 -1.5465
v 0.6086 0.5185 -1.5974
v 0.5862 0.4504 -1.7279
v 0.6034 0.3916 -1.7183
v 0.5989 0.4004 -1.7710
v 0.5956 0.6089 -1.6919
v 0.6056 0.6071 -1.5863
v 0.6058 0.6106 -1.5854
v 0.6056 0.6086 -1.5869
v 0.5998 0.6085 -1.6389
v 0.5949 0.6065 -1.7080
v 0.5946 0.6036 -1.7152
v 0.5784 0.4430 -1.7584
v 0.5950 0.6083 -1.7044
v 0.5985 0.4987 -1.7405
v 0.6139 0.5802 -1.7077
v 0.6151 0.5180 -1.5484
v 0.6117 0.5184 -1.5569
v 0.6000 0.5701 -1.6462
v 0.6120 0.5013 -1.5435
v 0.6011 0.4149 -1.5642
v 0.5949 0.4185 -1.6230
v 0.5869 0.4124 -1.6224
v 0.5965 0.3777 -1.6448
v 0.6313 0.3953 -1.7699
v 0.6305 0.5164 -1.7861
v 0.6049 0.5137 -1.7867
v 0.6066 0.5155 -1.7856
v 0.6056 0.4131 -1.8205
v 0.6075 0.4126 -1.8212
v 0.5983 0.5719 -1.7308
v 0.6143 0.5799 -1.7277
v 0.5958 0.5720 -1.7328
v 0.6081 0.6106 -1.5879
v 0.6080 0.6127 -1.6415
v 0.6022 0.6105 -1.6398
v 0.6111 0.5869 -1.7275
v 0.5972 0.5892 -1.7280
v 0.6103 0.5967 -1.7072
v 0.5990 0.5506 -1.6980
v 0.5997 0.5485 -1.6861
v 0.6242 0.5582 -1.6446
v 0.8799 0.4566 -1.6706
v 0.8638 0.3206 -1.6431
v 0.8712 0.2839 -1.7232
v 0.8878 0.3336 -1.5879
v 0.9081 0.4312 -1.8399
v 0.9081 0.2408 -1.6933
v 0.9081 0.3630 -1.5256
v 0.9081 0.5065 -1.6590
v 0.8530 0.5615 -1.6528
v 0.8794 0.3241 -1.4964
v 0.6574 0.5058 -1.8451
v 0.8710 0.4932 -1.5134
v 0.8678 0.1963 -1.5486
v 0.8546 0.5310 -1.8383
v 0.8264 0.3695 -1.9017
v 0.8796 0.5185 -1.7788
v 0.6574 0.5117 -1.5494
v 0.8598 0.3735 -1.5015
v 0.8186 0.3525 -1.4782
v 0.6574 0.3520 -1.4773
v 0.6574 0.3203 -1.4811
v 0.6574 0.2163 -1.5360
v 0.8637 0.1784 -1.6522
v 0.5967 0.5402 -1.7306
v 0.5969 0.5402 -1.7250
v 0.5966 0.5430 -1.7299
v 0.5965 0.5451 -1.7278
v 0.5969 0.5430 -1.7201
v 0.5971 0.5402 -1.7193
v 0.5973 0.5374 -1.7201
v 0.5973 0.5353 -1.7222
v 0.5973 0.5346 -1.7250
v 0.5971 0.5353 -1.7278
v 0.5969 0.5374 -1.7299
v 0.5947 0.5921 -1.7165
v 0.5946 0.5941 -1.7174
v 0.5950 0.5921 -1.7108
v 0.5946 0.5883 -1.7203
v 0.5984 0.6011 -1.6499
v 0.5984 0.6018 -1.6499
v 0.5987 0.5962 -1.6471
v 0.5986 0.5955 -1.6499
v 0.5984 0.5962 -1.6528
v 0.5979 0.5014 -1.7227
v 0.5981 0.5014 -1.7170
v 0.5978 0.5042 -1.7219
v 0.5984 0.4994 -1.7128
v 0.6051 0.3983 -1.8121
v 0.6051 0.4013 -1.8116
v 0.6052 0.3948 -1.8115
v 0.6051 0.3955 -1.8170
v 0.6083 0.3643 -1.7033
v 0.6082 0.3690 -1.7013
v 0.6083 0.3643 -1.6976
v 0.6083 0.3604 -1.7071
v 0.6117 0.3501 -1.6070
v 0.6117 0.3514 -1.6060
v 0.6117 0.3451 -1.6063
v 0.6117 0.3473 -1.6119
v 0.8506 0.3610 -1.6907
v 0.8506 0.3944 -1.6480
v 0.8506 0.3814 -1.7410
v 0.8506 0.3073 -1.6832
v 0.9726 0.3729 -1.6701
v 0.9730 0.3822 -1.6873
v 0.9740 0.3816 -1.6779
v 0.9699 0.3840 -1.7038
v 0.9730 0.3825 -1.6944
v 0.9728 0.3786 -1.7064
v 0.9457 0.3663 -1.7233
v 0.9752 0.3564 -1.7081
v 0.9726 0.3729 -1.7113
v 0.9740 0.3618 -1.7149
v 0.9553 0.3368 -1.7079
v 0.9704 0.3383 -1.7040
v 0.9728 0.3386 -1.6981
v 0.9815 0.3509 -1.6966
v 0.9457 0.3301 -1.6790
v 0.9752 0.3482 -1.6780
v 0.9726 0.3372 -1.6907
v 0.9740 0.3397 -1.6793
v 0.9553 0.3582 -1.6612
v 0.9711 0.3612 -1.6649
v 0.9793 0.3654 -1.6772
v 0.9726 0.3490 -1.6699
v 0.9417 0.3920 -1.6743
v 0.9417 0.3920 -1.7072
v 0.6741 0.8197 -0.7962
v 0.6778 0.7861 -0.7978
v 0.5916 0.8120 -0.8270
v 0.7041 0.8380 -0.7908
v -0.5790 0.5782 -1.6866
v -0.5792 0.5808 -1.6707
v -0.5966 0.5676 -1.7063
v -0.5582 0.5577 -1.6869
v -0.5832 0.5494 -1.6704
v -0.6040 0.5627 -1.5993
v -0.5945 0.5765 -1.6424
v -0.6032 0.5549 -1.5778
v -0.5866 0.5412 -1.5424
v -0.5911 0.5460 -1.5512
v -0.5928 0.5464 -1.6203
v -0.5867 0.5452 -1.5424
v -0.5866 0.5433 -1.5424
v -0.5969 0.5777 -1.6818
v -0.5856 0.5418 -1.5421
v -0.5939 0.5726 -1.7010
v -0.5605 0.5692 -1.6985
v -0.5972 0.5620 -1.7080
v -0.5968 0.5562 -1.7041
v -0.5981 0.5590 -1.5825
v -0.5891 0.5487 -1.5477
v -0.5572 0.5697 -1.6967
v -0.5668 0.5798 -1.6755
v -0.2311 0.5970 -1.5642
v -0.1890 0.5932 -1.6124
v -0.1896 0.5961 -1.6069
v -0.1765 0.5846 -1.5765
v -0.2029 0.5908 -1.5403
v -0.2034 0.5874 -1.5400
v -0.2577 0.5959 -1.6100
v -0.2066 0.5924 -1.5391
v -0.2649 0.5762 -1.5688
v -0.2638 0.5965 -1.5780
v -0.1967 0.5753 -1.5916
v -0.2377 0.5700 -1.5936
v -0.2670 0.5903 -1.5554
v -0.2569 0.6006 -1.6029
v -0.2683 0.5821 -1.5535
v -0.2698 0.5830 -1.5554
v -0.2698 0.5834 -1.5555
v -0.2682 0.5903 -1.5555
v -0.2684 0.5900 -1.5544
v -0.2697 0.5883 -1.5562
v -0.2698 0.5886 -1.5561
v -0.2550 0.5738 -1.6150
v -0.5538 0.5587 -1.6857
v -0.5445 0.5601 -1.6839
v -0.5610 0.5659 -1.6229
v -0.5608 0.5686 -1.6205
v -0.5826 0.5469 -1.5401
v -0.2776 0.5113 -1.2783
v -0.2726 0.5148 -1.2959
v -0.5698 0.5591 -1.5719
v -0.2643 0.5175 -1.3140
v -0.5548 0.5600 -1.6450
v -0.5830 0.5408 -1.5381
v -0.5828 0.5408 -1.5403
v -0.2768 0.5041 -1.2794
v -0.5750 0.5492 -1.6181
v -0.2731 0.5013 -1.2887
v -0.5839 0.5408 -1.5485
v -0.5855 0.5466 -1.5443
v -0.5832 0.5502 -1.5507
v -0.5725 0.5385 -1.5664
v -0.5800 0.5435 -1.5940
v -0.5721 0.5517 -1.6217
v -0.5558 0.5585 -1.6856
v -0.5561 0.5773 -1.6909
v -0.5534 0.5731 -1.6957
v -0.5550 0.5729 -1.6960
v -0.5535 0.5672 -1.6965
v -0.5519 0.5675 -1.6961
v -0.5537 0.5623 -1.6929
v -0.4195 0.5849 -1.6624
v -0.4184 0.5807 -1.6667
v -0.4181 0.5757 -1.6672
v -0.5456 0.5637 -1.6914
v -0.5843 0.5462 -1.5395
v -0.5806 0.5609 -1.5842
v -0.5616 0.5597 -1.6185
v -0.5632 0.5665 -1.6055
v -0.5604 0.5660 -1.6031
v -0.5593 0.5640 -1.6111
v -0.5620 0.5643 -1.5906
v -0.5636 0.5619 -1.5785
v -0.4053 0.5270 -1.4791
v -0.5354 0.5378 -1.5556
v -0.2572 0.5179 -1.3329
v -0.2608 0.5183 -1.3235
v -0.2512 0.5126 -1.3478
v -0.2535 0.5161 -1.3421
v -0.5486 0.5585 -1.6725
v -0.2630 0.4947 -1.3111
v -0.2756 0.5040 -1.2784
v -0.2764 0.5045 -1.2764
v -0.2736 0.5057 -1.2764
v -0.2736 0.5092 -1.2773
v -0.2554 0.4969 -1.3275
v -0.2776 0.5047 -1.2774
v -0.2582 0.5160 -1.3258
v -0.5635 0.5528 -1.6154
v -0.5542 0.5567 -1.6620
v -0.2575 0.5917 -1.6222
v -0.2583 0.5856 -1.6271
v -0.3252 0.5885 -1.6426
v -0.3256 0.5813 -1.6483
v -0.2582 0.5737 -1.6157
v -0.5090 0.5601 -1.6470
v -0.2714 0.5814 -1.5552
v -0.2716 0.5819 -1.5541
v -0.2715 0.5902 -1.5561
v -0.2717 0.5899 -1.5549
v -0.2566 0.5849 -1.6256
v -0.2913 0.5759 -1.6332
v -0.5556 0.5661 -1.6341
v -0.1883 0.4888 -1.3002
v -0.2561 0.4925 -1.3155
v -0.2658 0.5129 -1.2979
v -0.2548 0.4958 -1.3210
v -0.2724 0.5035 -1.2756
v -0.2553 0.5171 -1.3232
v -0.2130 0.5090 -1.2521
v -0.2516 0.5132 -1.3393
v 0.1736 0.7011 -0.8121
v 0.1736 0.6798 -0.8121
v 0.1718 0.7011 -0.8113
v 0.1718 0.6798 -0.8113
v 0.0532 0.7644 -0.9078
v 0.0531 0.7644 -0.9058
v -0.0001 0.7279 -0.9060
v -0.0001 0.7279 -0.9040
v -0.1719 0.6798 -0.8113
v -0.1719 0.7011 -0.8113
v -0.1738 0.7011 -0.8121
v -0.1738 0.6798 -0.8121
v 0.8647 0.2876 1.6424
v 0.8493 0.3130 1.7855
v 0.8429 0.3579 1.6887
v 0.8594 0.4568 1.6741
v 0.8429 0.3391 1.6427
v 0.8618 0.3337 1.6252
v 0.8618 0.3542 1.6219
v 0.8429 0.3556 1.6402
v 0.8872 0.4740 1.6206
v 0.8872 0.2417 1.6231
v 0.8872 0.2310 1.8187
v 0.8872 0.4284 1.8446
v 0.8586 0.1678 1.6631
v 0.8376 0.1590 1.6470
v 0.8586 0.5495 1.7658
v 0.8872 0.5240 1.7568
v 0.8872 0.5285 1.7317
v 0.8586 0.5550 1.7368
v 0.5665 0.3892 1.9240
v 0.5665 0.1528 1.7685
v 0.8055 0.1987 1.5762
v 0.8268 0.3826 1.9365
v 0.8586 0.2536 1.5470
v 0.8585 0.3217 1.9086
v 0.8872 0.3290 1.8823
v 0.8872 0.3543 1.8849
v 0.8585 0.3511 1.9120
v 0.8585 0.3080 1.9027
v 0.8360 0.1692 1.8115
v 0.8585 0.1720 1.7796
v 0.8335 0.3345 1.4942
v 0.8055 0.5185 1.8528
v 0.8320 0.2146 1.8545
v 0.5665 0.1524 1.6663
v 0.5665 0.3015 1.5181
v 0.8587 0.4241 1.5279
v 0.4174 0.2722 1.9689
v 0.4514 0.2699 1.9150
v 0.4383 0.2067 1.8241
v 0.4471 0.3259 1.9922
v 0.4549 0.1980 1.6765
v 0.4423 0.1677 1.7079
v 0.4675 0.2125 1.6854
v 0.4712 0.2227 1.7765
v 0.4505 0.1944 1.7731
v 0.4641 0.2158 1.7758
v 0.4272 0.2967 1.9637
v 0.4196 0.2919 1.9695
v 0.4365 0.1501 1.8350
v 0.4298 0.2968 1.9588
v 0.4316 0.3035 1.9611
v 0.4257 0.2222 1.8869
v 0.4421 0.3073 1.9570
v 0.4255 0.2810 1.9611
v 0.4712 0.3101 1.9580
v 0.5189 0.3552 2.0627
v 0.5206 0.3552 2.0627
v 0.5188 0.3401 2.0415
v 0.5166 0.3222 2.0085
v 0.4262 0.3257 2.0103
v 0.4194 0.2735 1.9647
v 0.4316 0.3358 2.0399
v 0.4364 0.3085 1.9950
v 0.4427 0.3016 1.9681
v 0.4788 0.3096 1.9930
v 0.4469 0.3034 1.9614
v 0.4420 0.3029 1.9745
v 0.4375 0.2998 1.9753
v 0.4360 0.2956 1.9632
v 0.4395 0.2993 1.9623
v 0.4334 0.2915 1.9643
v 0.5069 0.3045 1.9621
v 0.4238 0.3444 2.0581
v 0.4476 0.3043 1.9582
v 0.4311 0.2897 1.9612
v 0.4320 0.2882 1.9657
v 0.5132 0.3057 1.9689
v 0.5166 0.3073 1.9787
v 0.5051 0.3057 1.9583
v 0.4406 0.2515 1.8826
v 0.4342 0.2858 1.9661
v 0.4323 0.2913 1.9787
v 0.4324 0.2911 1.9781
v 0.4320 0.2929 1.9771
v 0.4320 0.2931 1.9776
v 0.4492 0.2545 1.8735
v 0.4305 0.2393 1.8847
v 0.4348 0.2896 1.9798
v 0.4455 0.2886 1.9724
v 0.4432 0.2565 1.9248
v 0.4349 0.2890 1.9790
v 0.4307 0.2864 1.9808
v 0.4542 0.2711 1.9445
v 0.5320 0.2494 1.8746
v 0.4612 0.2481 1.8818
v 0.4476 0.2363 1.8788
v 0.4498 0.2337 1.8799
v 0.4451 0.2296 1.8716
v 0.4604 0.2480 1.8709
v 0.4544 0.2271 1.8543
v 0.5364 0.2540 1.9009
v 0.5364 0.2571 1.9003
v 0.5350 0.2563 1.9000
v 0.5347 0.2542 1.9003
v 0.5295 0.2557 1.9084
v 0.5295 0.2584 1.9087
v 0.5246 0.2624 1.9211
v 0.5246 0.2607 1.9211
v 0.5188 0.2703 1.9408
v 0.5270 0.2623 1.9018
v 0.5162 0.2943 1.9770
v 0.5152 0.2943 1.9770
v 0.5152 0.2930 1.9778
v 0.5161 0.2930 1.9778
v 0.4464 0.2923 1.9780
v 0.5360 0.2505 1.8660
v 0.5319 0.2521 1.8677
v 0.5319 0.2553 1.8674
v 0.5357 0.2560 1.8657
v 0.4490 0.2044 1.7767
v 0.4531 0.2022 1.7728
v 0.5337 0.2206 1.8471
v 0.5333 0.2370 1.8868
v 0.5332 0.2363 1.8855
v 0.5351 0.2363 1.8854
v 0.4629 0.2109 1.7729
v 0.4579 0.1950 1.7873
v 0.4607 0.1978 1.7789
v 0.4608 0.2003 1.7796
v 0.4584 0.1960 1.7858
v 0.4708 0.2362 1.8859
v 0.4574 0.2354 1.8880
v 0.4637 0.2082 1.8180
v 0.4724 0.2158 1.8389
v 0.4621 0.2019 1.7871
v 0.5349 0.1986 1.7829
v 0.4824 0.1988 1.7848
v 0.4573 0.1894 1.7877
v 0.4540 0.1831 1.7893
v 0.4636 0.1937 1.7863
v 0.4633 0.1877 1.7370
v 0.5321 0.1953 1.7589
v 0.5362 0.2394 1.8859
v 0.5352 0.2385 1.8864
v 0.5351 0.2370 1.8868
v 0.5363 0.2363 1.8875
v 0.4407 0.2236 1.8942
v 0.4434 0.2293 1.8914
v 0.4424 0.2302 1.8913
v 0.4463 0.2340 1.8879
v 0.4479 0.2337 1.8878
v 0.4456 0.2334 1.8893
v 0.4453 0.2362 1.8888
v 0.4478 0.2335 1.8892
v 0.4575 0.1921 1.7873
v 0.4622 0.1971 1.7785
v 0.4574 0.1956 1.7735
v 0.4559 0.1984 1.7741
v 0.4583 0.1921 1.7864
v 0.5356 0.2151 1.7714
v 0.5321 0.2158 1.7731
v 0.5321 0.2201 1.7712
v 0.5357 0.2202 1.7695
v 0.4598 0.1964 1.7760
v 0.4525 0.1929 1.7710
v 0.4460 0.1877 1.7711
v 0.5150 0.2155 1.6727
v 0.4995 0.2090 1.6801
v 0.4515 0.1715 1.6830
v 0.4548 0.1697 1.6805
v 0.4541 0.1599 1.6876
v 0.4518 0.1829 1.6785
v 0.4601 0.2144 1.6704
v 0.4736 0.2085 1.6804
v 0.4705 0.2135 1.6728
v 0.4816 0.2151 1.6723
v 0.4708 0.1995 1.6968
v 0.4755 0.1924 1.7285
v 0.4587 0.2107 1.7870
v 0.4601 0.1523 1.6997
v 0.4568 0.1507 1.6979
v 0.4579 0.1600 1.6885
v 0.5145 0.2185 1.6707
v 0.5351 0.1988 1.7845
v 0.5361 0.1986 1.7829
v 0.5294 0.1945 1.7356
v 0.5162 0.2155 1.6727
v 0.4681 0.2198 1.6700
v 0.5078 0.2004 1.7729
v 0.5325 0.2233 1.7757
v 0.4425 0.1257 1.7881
v 0.4464 0.1352 1.7329
v 0.4606 0.1747 1.6878
v 0.4124 0.3407 2.0643
v 0.4247 0.1357 2.0041
v 0.5130 0.4786 1.4317
v 0.4981 0.5246 1.5820
v 0.5130 0.3270 1.5752
v 0.4958 0.5271 1.5452
v 0.5359 0.4464 1.5241
v 0.5382 0.4412 1.8474
v 0.5359 0.1454 1.7594
v 0.5359 0.1750 1.5963
v 0.5359 0.5775 1.6961
v 0.5359 0.5760 1.7601
v 0.5359 0.5700 1.7826
v 0.5484 0.5700 1.7826
v 0.5484 0.5617 1.8043
v 0.5359 0.5074 1.8790
v 0.5359 0.4894 1.8936
v 0.5484 0.4894 1.8937
v 0.5359 0.1374 1.7257
v 0.5359 0.1467 1.6513
v 0.5359 0.1765 1.5888
v 0.5359 0.2192 1.5418
v 0.5359 0.3888 1.4986
v 0.5359 0.3704 1.4926
v 0.5359 0.4382 1.5070
v 0.5359 0.5726 1.7648
v 0.5359 0.1447 1.7715
v 0.5359 0.4935 1.8801
v 0.4969 0.5499 1.6074
v 0.4994 0.5342 1.4889
v 0.4989 0.4126 1.4215
v 0.5112 0.5521 1.4664
v 0.5171 0.4353 1.4070
v 0.5168 0.4359 1.4046
v 0.5157 0.4650 1.4140
v 0.5169 0.5387 1.4521
v 0.5164 0.5389 1.4502
v 0.5163 0.5448 1.4542
v 0.5240 0.1858 1.5335
v 0.5231 0.1886 1.6099
v 0.4942 0.5523 1.5234
v 0.4953 0.5517 1.5085
v 0.4927 0.5517 1.5375
v 0.4997 0.5517 1.4902
v 0.5031 0.5524 1.4836
v 0.4961 0.5510 1.6089
v 0.5187 0.4088 1.3989
v 0.5161 0.4075 1.3998
v 0.5141 0.4357 1.4058
v 0.5222 0.1876 1.5390
v 0.5120 0.5507 1.4630
v 0.5022 0.5501 1.4957
v 0.5359 0.5472 1.7883
v 0.5359 0.5796 1.6908
v 0.5359 0.5808 1.7140
v 0.5349 0.2603 1.4222
v 0.5276 0.1898 1.4924
v 0.5394 0.3149 1.4009
v 0.5380 0.3326 1.3957
v 0.5401 0.2471 1.4309
v 0.5382 0.2880 1.4073
v 0.5379 0.2078 1.4627
v 0.5368 0.2086 1.4590
v 0.5351 0.1955 1.4852
v 0.5308 0.1889 1.4925
v 0.5286 0.3904 1.3974
v 0.5300 0.3758 1.3998
v 0.5157 0.3980 1.4021
v 0.5189 0.3994 1.3985
v 0.5216 0.4009 1.3976
v 0.5365 0.3777 1.3946
v 0.5336 0.3766 1.3957
v 0.5381 0.3765 1.3965
v 0.5222 0.4000 1.3995
v 0.5371 0.3784 1.4001
v 0.5198 0.4048 1.3982
v 0.5221 0.4309 1.4124
v 0.5050 0.3910 1.4789
v 0.5359 0.4764 1.7829
v 0.4985 0.4829 1.5335
v 0.4983 0.4843 1.5335
v 0.4987 0.4843 1.5511
v 0.4993 0.4829 1.5511
v 0.5359 0.5544 1.8010
v 0.5360 0.5531 1.8016
v 0.5359 0.5469 1.8190
v 0.5359 0.5239 1.5723
v 0.5359 0.5003 1.5790
v 0.5041 0.2889 1.9620
v 0.5042 0.2921 1.9619
v 0.5043 0.3005 1.9616
v 0.5112 0.3050 1.9754
v 0.5101 0.3061 1.9751
v 0.5066 0.3042 1.9593
v 0.5043 0.3045 1.9590
v 0.5087 0.3046 1.9611
v 0.5104 0.2957 1.9675
v 0.5118 0.3050 1.9704
v 0.5089 0.2880 1.9630
v 0.5069 0.2865 1.9608
v 0.5127 0.2947 1.9768
v 0.5115 0.3052 1.9761
v 0.5050 0.2880 1.9606
v 0.5212 0.4933 1.4310
v 0.5212 0.4918 1.4305
v 0.5143 0.4918 1.4303
v 0.5364 0.4765 1.5018
v 0.5359 0.4659 1.5325
v 0.5253 0.4924 1.4348
v 0.5315 0.4911 1.4673
v 0.5258 0.4909 1.4345
v 0.5363 0.4030 1.5448
v 0.5359 0.4045 1.5453
v 0.5092 0.3979 1.5782
v 0.5359 0.3979 1.5782
v 0.5337 0.4110 1.5048
v 0.5337 0.4126 1.5049
v 0.5046 0.4137 1.4993
v 0.5212 0.4903 1.4300
v 0.5237 0.4914 1.4319
v 0.5299 0.4214 1.4088
v 0.5299 0.4229 1.4088
v 0.5325 0.4897 1.4690
v 0.5299 0.4199 1.4083
v 0.5312 0.4164 1.4648
v 0.5318 0.4180 1.4648
v 0.5305 0.4211 1.4432
v 0.5345 0.4849 1.4854
v 0.5285 0.4236 1.4063
v 0.5259 0.4238 1.4048
v 0.5167 0.4238 1.4048
v 0.5166 0.4215 1.4044
v 0.5257 0.4223 1.4043
v 0.5259 0.4207 1.4047
v 0.5291 0.3958 1.4061
v 0.5299 0.3978 1.4075
v 0.5219 0.3838 1.4419
v 0.5165 0.3980 1.4024
v 0.5255 0.3985 1.4023
v 0.5258 0.3999 1.4030
v 0.5258 0.3968 1.4026
v 0.5305 0.4213 1.4517
v 0.5291 0.3987 1.4068
v 0.5253 0.4895 1.4338
v 0.5359 0.4013 1.5452
v 0.4632 0.1541 1.7364
v 0.4526 0.1239 1.7888
v 0.5364 0.4162 1.8629
v 0.4417 0.4128 1.8601
v 0.4382 0.4131 1.8632
v 0.4488 0.4156 1.8321
v 0.4478 0.4143 1.8318
v 0.4430 0.4058 1.8413
v 0.4431 0.4085 1.8353
v 0.4521 0.4125 1.8284
v 0.4435 0.4146 1.8702
v 0.4434 0.4083 1.8583
v 0.4382 0.4211 1.8777
v 0.5344 0.4124 1.8585
v 0.5345 0.4154 1.8293
v 0.5344 0.4123 1.8285
v 0.5355 0.4137 1.8281
v 0.5364 0.4083 1.8294
v 0.5343 0.4096 1.8308
v 0.5363 0.4047 1.8377
v 0.5342 0.4068 1.8383
v 0.5341 0.4091 1.8515
v 0.5344 0.4211 1.8779
v 0.5363 0.4169 1.8773
v 0.5362 0.4220 1.8793
v 0.4521 0.4152 1.8288
v 0.5345 0.4359 1.8761
v 0.4406 0.4377 1.8789
v 0.4382 0.4369 1.8796
v 0.4383 0.4437 1.8842
v 0.4482 0.4300 1.8674
v 0.4420 0.4346 1.8745
v 0.4407 0.4268 1.8707
v 0.4424 0.4268 1.8732
v 0.4467 0.4252 1.8695
v 0.4383 0.4330 1.8772
v 0.5335 0.4258 1.8715
v 0.5334 0.4251 1.8691
v 0.4448 0.4255 1.8675
v 0.4457 0.4267 1.8659
v 0.5329 0.4253 1.8668
v 0.4482 0.4264 1.8653
v 0.5315 0.4266 1.8653
v 0.4440 0.4291 1.8668
v 0.5328 0.4303 1.8678
v 0.5310 0.4286 1.8657
v 0.5362 0.4393 1.8785
v 0.5348 0.4383 1.8792
v 0.5338 0.4436 1.8842
v 0.5363 0.4443 1.8845
v 0.5361 0.4350 1.8719
v 0.5343 0.4335 1.8729
v 0.5362 0.4331 1.8686
v 0.5363 0.4248 1.8640
v 0.5363 0.4231 1.8661
v 0.5363 0.4224 1.8695
v 0.5362 0.4341 1.8824
v 0.5363 0.4433 1.8860
v 0.5337 0.4431 1.8853
v 0.4411 0.4302 1.8689
v 0.5364 0.4271 1.8629
v 0.4477 0.4109 1.8301
v 0.5359 0.4659 1.8994
v 0.5369 0.4638 1.7957
v 0.5345 0.4638 1.7957
v 0.4994 0.4951 1.5592
v 0.4987 0.4951 1.5614
v 0.4999 0.4675 1.5446
v 0.4950 0.5248 1.5792
v 0.5359 0.5247 1.5792
v 0.5359 0.5233 1.5792
v 0.4950 0.5234 1.5792
v 0.4886 0.4833 1.5486
v 0.4886 0.4847 1.5486
v 0.4920 0.4846 1.5358
v 0.4920 0.4832 1.5358
v 0.4766 0.5236 1.6048
v 0.5359 0.5233 1.6069
v 0.5359 0.4997 1.6928
v 0.4694 0.5221 1.6059
v 0.4655 0.5174 1.6066
v 0.4637 0.5099 1.6068
v 0.4880 0.5093 1.8593
v 0.5281 0.5069 1.8513
v 0.5281 0.5449 1.7999
v 0.5421 0.5467 1.8039
v 0.5495 0.5321 1.7900
v 0.5554 0.4906 1.7936
v 0.5564 0.5323 1.7900
v 0.5394 0.5314 1.7911
v 0.5354 0.5278 1.7981
v 0.5590 0.5330 1.7928
v 0.5594 0.5016 1.8514
v 0.5528 0.5017 1.8475
v 0.5114 0.5453 1.7988
v 0.4814 0.5303 1.8277
v 0.5360 0.5105 1.8645
v 0.5359 0.5179 1.8572
v 0.4783 0.5124 1.8622
v 0.5216 0.5094 1.8634
v 0.5216 0.5532 1.8005
v 0.5191 0.5532 1.8005
v 0.5191 0.5094 1.8634
v 0.5011 0.5094 1.8634
v 0.5011 0.5532 1.8005
v 0.4986 0.5532 1.8005
v 0.4986 0.5094 1.8634
v 0.4807 0.5344 1.7876
v 0.4786 0.5192 1.8344
v 0.4786 0.5174 1.8336
v 0.4807 0.5327 1.7868
v 0.4194 0.1818 2.0039
v 0.4246 0.1899 2.0039
v 0.4437 0.1273 1.8269
v 0.4476 0.1285 1.8091
v 0.4493 0.1279 1.8095
v 0.4438 0.1262 1.8269
v 0.4421 0.1252 1.8392
v 0.4383 0.1251 1.8706
v 0.4381 0.1245 1.8707
v 0.4332 0.1246 1.9087
v 0.4332 0.1236 1.9088
v 0.4277 0.1242 1.9482
v 0.4277 0.1253 1.9480
v 0.4218 0.1259 1.9874
v 0.4950 0.5248 1.5510
v 0.4950 0.5234 1.5510
v 0.4189 0.1358 2.0054
v 0.4194 0.1281 2.0041
v 0.4189 0.1302 2.0054
v 0.4189 0.1818 2.0052
v 0.5290 0.4652 1.7004
v 0.5243 0.4649 1.7011
v 0.4840 0.4832 1.7958
v 0.4792 0.5262 1.7437
v 0.4752 0.5269 1.7480
v 0.4626 0.5241 1.5510
v 0.4996 0.4817 1.6543
v 0.5359 0.5296 1.7302
v 0.5359 0.4892 1.8197
v 0.4768 0.4917 1.8061
v 0.4757 0.4867 1.7810
v 0.4522 0.5033 1.5788
v 0.4770 0.5221 1.8053
v 0.4672 0.4989 1.7531
v 0.4435 0.4211 1.8777
v 0.5345 0.4218 1.8768
v 0.4251 0.1972 2.0052
v 0.4242 0.1971 2.0052
v 0.4242 0.1899 2.0052
v 0.4251 0.1899 2.0052
v 0.4252 0.1357 2.0054
v 0.4237 0.1308 2.0054
v 0.4189 0.1270 2.0054
v 0.4888 0.5098 1.8654
v 0.5359 0.5095 1.8658
v 0.5010 0.4331 1.5335
v 0.5025 0.4334 1.5333
v 0.5016 0.4681 1.5436
v 0.7837 0.3586 1.7144
v 0.7836 0.3920 1.7572
v 0.7836 0.3789 1.6642
v 0.7836 0.3049 1.7220
v 0.9371 0.3705 1.7351
v 0.9375 0.3798 1.7179
v 0.9386 0.3791 1.7273
v 0.9344 0.3816 1.7014
v 0.9398 0.3766 1.7094
v 0.9373 0.3762 1.6988
v 0.9338 0.3624 1.6957
v 0.9386 0.3594 1.6903
v 0.9371 0.3466 1.6937
v 0.9334 0.3494 1.6898
v 0.9101 0.3337 1.6917
v 0.9349 0.3359 1.7012
v 0.9398 0.3451 1.7014
v 0.9373 0.3361 1.7071
v 0.9216 0.3309 1.7215
v 0.9334 0.3418 1.7348
v 0.9461 0.3498 1.7195
v 0.9386 0.3372 1.7259
v 0.9371 0.3554 1.7383
v 0.9349 0.3591 1.7407
v 0.9461 0.3585 1.7261
v 0.9236 0.3672 1.7411
v 0.9061 0.3896 1.7309
v 0.9061 0.3896 1.6980
v -0.5403 0.6648 2.3469
v -0.5050 0.6207 2.3466
v -0.5037 0.6214 2.3466
v -0.5221 0.6431 2.3468
v -0.5025 0.6221 2.3466
v -0.5560 0.6904 2.3469
v -0.5427 0.6638 2.3469
v -0.5573 0.6897 2.3469
v -0.5247 0.6417 2.3468
v -0.4900 0.5956 2.3463
v -0.4889 0.5962 2.3463
v -0.4877 0.5968 2.3463
v -0.4865 0.5974 2.3463
v -0.5012 0.6227 2.3466
v -0.5194 0.6446 2.3468
v -0.5532 0.6917 2.3469
v -0.5546 0.6911 2.3469
v -0.4854 0.5980 2.3463
v -0.4750 0.5676 2.3459
v -0.4761 0.5671 2.3459
v -0.5716 0.7999 2.3474
v -0.5687 0.7598 2.3472
v -0.5704 0.8001 2.3474
v -0.5699 0.7594 2.3472
v -0.5639 0.7229 2.3471
v -0.5652 0.7223 2.3471
v -0.5674 0.7601 2.3472
v -0.5693 0.8003 2.3474
v -0.5626 0.7234 2.3471
v -0.5728 0.8360 2.3473
v -0.5728 0.7997 2.3474
v -0.5718 0.8360 2.3473
v -0.5712 0.7590 2.3472
v -0.5665 0.7217 2.3471
v -0.5681 0.8005 2.3474
v -0.5707 0.8361 2.3473
v 0.5403 0.6648 2.3469
v 0.5221 0.6431 2.3468
v 0.5050 0.6207 2.3466
v 0.5037 0.6214 2.3466
v 0.5025 0.6221 2.3466
v 0.5559 0.6904 2.3469
v 0.5427 0.6638 2.3469
v 0.5573 0.6897 2.3469
v 0.5546 0.6911 2.3469
v 0.5532 0.6917 2.3469
v 0.5194 0.6446 2.3468
v 0.5012 0.6227 2.3466
v 0.4865 0.5974 2.3463
v 0.4854 0.5980 2.3463
v 0.4877 0.5968 2.3463
v 0.4889 0.5962 2.3463
v 0.5247 0.6417 2.3468
v 0.4981 0.6078 2.3465
v 0.4761 0.5671 2.3459
v 0.4750 0.5676 2.3459
v 0.5699 0.7594 2.3472
v 0.5716 0.7999 2.3474
v 0.5687 0.7598 2.3472
v 0.5704 0.8001 2.3474
v 0.5674 0.7601 2.3472
v 0.5693 0.8003 2.3474
v 0.5652 0.7223 2.3471
v 0.5639 0.7229 2.3471
v 0.5626 0.7234 2.3471
v 0.5728 0.7997 2.3474
v 0.5728 0.8360 2.3473
v 0.5718 0.8360 2.3473
v 0.5707 0.8361 2.3473
v 0.5681 0.8005 2.3474
v 0.5665 0.7217 2.3471
v 0.5712 0.7590 2.3472
v -0.5560 0.6904 2.3472
v -0.5406 0.6649 2.3471
v -0.5573 0.6897 2.3472
v -0.5578 0.7173 2.3473
v -0.5532 0.6917 2.3472
v -0.5546 0.6911 2.3472
v -0.5716 0.7999 2.3477
v -0.5687 0.7598 2.3475
v -0.5699 0.7594 2.3475
v -0.5639 0.7229 2.3473
v -0.5652 0.7223 2.3473
v -0.5628 0.7336 2.3474
v -0.5728 0.7997 2.3477
v -0.5712 0.7590 2.3475
v -0.5665 0.7217 2.3473
v 0.5559 0.6904 2.3472
v 0.5573 0.6897 2.3472
v 0.5546 0.6911 2.3472
v 0.5532 0.6917 2.3472
v 0.5396 0.6655 2.3471
v 0.5699 0.7594 2.3475
v 0.5716 0.7999 2.3477
v 0.5687 0.7598 2.3475
v 0.5578 0.7173 2.3473
v 0.5629 0.7336 2.3474
v 0.5652 0.7223 2.3473
v 0.5639 0.7229 2.3473
v 0.5665 0.7217 2.3473
v 0.5712 0.7590 2.3475
v 0.5728 0.7997 2.3477
v 0.0000 0.6448 -0.7808
v 0.0026 0.6450 -0.7808
v 0.0052 0.6453 -0.7808
v 0.0078 0.6455 -0.7808
v 0.0104 0.6459 -0.7808
v 0.0200 0.6410 -0.7808
v 0.0122 0.6147 -0.7784
v 0.0112 0.6125 -0.7784
v 0.0101 0.6103 -0.7784
v 0.0090 0.6080 -0.7784
v 0.0079 0.6057 -0.7784
v 0.0012 0.6067 -0.7789
v 0.0145 0.6188 -0.7790
v 0.0134 0.6167 -0.7787
v 0.0198 0.6278 -0.7807
v 0.0184 0.6254 -0.7803
v 0.0171 0.6232 -0.7798
v 0.0158 0.6209 -0.7794
v -0.0198 0.6278 -0.7807
v -0.0065 0.6103 -0.7792
v -0.0197 0.6409 -0.7808
v -0.0052 0.6453 -0.7808
v -0.0026 0.6450 -0.7808
v -0.0104 0.6459 -0.7808
v -0.0078 0.6455 -0.7808
v -0.0079 0.6057 -0.7784
v -0.0090 0.6080 -0.7784
v -0.0101 0.6103 -0.7784
v -0.0112 0.6125 -0.7784
v -0.0122 0.6147 -0.7784
v -0.0145 0.6188 -0.7790
v -0.0158 0.6209 -0.7794
v -0.0171 0.6232 -0.7798
v -0.0184 0.6254 -0.7803
v -0.0134 0.6167 -0.7787
v -0.0181 0.6272 -0.7890
v -0.0177 0.6236 -0.7890
v -0.0167 0.6202 -0.7890
v -0.0128 0.6144 -0.7890
v -0.0128 0.6400 -0.7890
v -0.0100 0.6121 -0.7890
v -0.0069 0.6104 -0.7890
v -0.0035 0.6094 -0.7890
v 0.0000 0.6091 -0.7890
v 0.0069 0.6104 -0.7890
v 0.0101 0.6121 -0.7890
v 0.0128 0.6144 -0.7890
v 0.0151 0.6171 -0.7890
v 0.0167 0.6202 -0.7890
v 0.0178 0.6236 -0.7890
v 0.0181 0.6272 -0.7890
v 0.0167 0.6341 -0.7890
v 0.0150 0.6372 -0.7890
v 0.0128 0.6400 -0.7890
v 0.0231 0.6477 -0.7808
v 0.0270 0.6442 -0.7808
v 0.0269 0.6443 -0.7834
v 0.0231 0.6476 -0.7834
v 0.0011 0.6091 -0.7778
v 0.0011 0.6090 -0.7804
v -0.0040 0.6074 -0.7804
v -0.0040 0.6075 -0.7778
v 0.0050 0.6057 -0.7778
v 0.0049 0.6057 -0.7804
v 0.0005 0.6420 -0.7646
v 0.0022 0.6420 -0.7661
v 0.0021 0.6720 -0.7661
v 0.0005 0.6720 -0.7646
v 0.0018 0.6420 -0.7683
v -0.0005 0.6420 -0.7691
v -0.0004 0.6720 -0.7690
v 0.0017 0.6720 -0.7683
v -0.0022 0.6420 -0.7675
v -0.0021 0.6720 -0.7676
v 0.0398 0.6951 -0.7215
v 0.0027 0.6951 -0.7215
v 0.0000 0.6951 -0.7215
v -0.0027 0.6951 -0.7215
v 0.0080 0.6951 -0.7215
v 0.0186 0.6951 -0.7215
v -0.0515 0.6464 -0.7215
v 0.0000 0.6351 -0.7215
v 0.0027 0.6351 -0.7215
v 0.0053 0.6351 -0.7215
v 0.0080 0.6351 -0.7215
v 0.0106 0.6351 -0.7215
v 0.0133 0.6351 -0.7215
v 0.0160 0.6351 -0.7215
v 0.0186 0.6351 -0.7215
v 0.0213 0.6351 -0.7215
v 0.0239 0.6351 -0.7215
v 0.0266 0.6351 -0.7215
v 0.0293 0.6351 -0.7215
v 0.0319 0.6351 -0.7215
v 0.0346 0.6351 -0.7215
v 0.0372 0.6351 -0.7215
v 0.0399 0.6351 -0.7215
v 0.0425 0.6351 -0.7215
v 0.0515 0.6519 -0.7215
v 0.0482 0.6521 -0.7192
v 0.0453 0.6530 -0.7192
v 0.0453 0.6513 -0.7192
v 0.0482 0.6489 -0.7192
v 0.0453 0.6497 -0.7192
v 0.0453 0.6481 -0.7192
v -0.0431 0.6911 -0.7192
v -0.0493 0.6915 -0.7192
v -0.0493 0.6908 -0.7192
v -0.0431 0.6861 -0.7192
v -0.0431 0.6869 -0.7192
v -0.0493 0.6869 -0.7192
v -0.0493 0.6861 -0.7192
v -0.0431 0.6853 -0.7192
v -0.0493 0.6853 -0.7192
v -0.0431 0.6845 -0.7192
v -0.0493 0.6845 -0.7192
v -0.0431 0.6814 -0.7192
v -0.0431 0.6822 -0.7192
v -0.0493 0.6822 -0.7192
v -0.0493 0.6814 -0.7192
v -0.0431 0.6806 -0.7192
v -0.0493 0.6806 -0.7192
v -0.0431 0.6791 -0.7192
v -0.0431 0.6798 -0.7192
v -0.0493 0.6798 -0.7192
v -0.0493 0.6791 -0.7192
v 0.0482 0.6432 -0.7192
v 0.0482 0.6448 -0.7192
v 0.0453 0.6448 -0.7192
v 0.0453 0.6432 -0.7192
v -0.0431 0.6767 -0.7192
v -0.0431 0.6775 -0.7192
v -0.0493 0.6775 -0.7192
v -0.0493 0.6767 -0.7192
v -0.0431 0.6728 -0.7192
v -0.0431 0.6736 -0.7192
v -0.0493 0.6736 -0.7192
v -0.0493 0.6728 -0.7192
v -0.0431 0.6713 -0.7192
v -0.0431 0.6720 -0.7192
v -0.0493 0.6720 -0.7192
v -0.0493 0.6713 -0.7192
v -0.0431 0.6705 -0.7192
v -0.0493 0.6705 -0.7192
v 0.0482 0.6416 -0.7192
v 0.0453 0.6416 -0.7192
v -0.0431 0.6697 -0.7192
v -0.0493 0.6697 -0.7192
v 0.0482 0.6806 -0.7192
v 0.0482 0.6822 -0.7192
v 0.0453 0.6822 -0.7192
v 0.0453 0.6806 -0.7192
v 0.0482 0.6773 -0.7192
v 0.0482 0.6789 -0.7192
v 0.0453 0.6789 -0.7192
v 0.0453 0.6773 -0.7192
v 0.0482 0.6757 -0.7192
v 0.0453 0.6757 -0.7192
v 0.0482 0.6741 -0.7192
v 0.0453 0.6741 -0.7192
v 0.0482 0.6708 -0.7192
v 0.0482 0.6724 -0.7192
v 0.0453 0.6724 -0.7192
v 0.0453 0.6708 -0.7192
v 0.0482 0.6692 -0.7192
v 0.0453 0.6692 -0.7192
v 0.0482 0.6627 -0.7192
v 0.0482 0.6643 -0.7192
v 0.0453 0.6643 -0.7192
v 0.0453 0.6627 -0.7192
v 0.0482 0.6595 -0.7192
v 0.0482 0.6611 -0.7192
v 0.0453 0.6611 -0.7192
v 0.0453 0.6595 -0.7192
v 0.0482 0.6367 -0.7192
v 0.0482 0.6383 -0.7192
v 0.0453 0.6383 -0.7192
v 0.0453 0.6367 -0.7192
v -0.1408 0.6909 -0.8677
v -0.1402 0.6890 -0.8682
v -0.1405 0.6927 -0.8680
v -0.1419 0.6893 -0.8665
v 0.1408 0.6909 -0.8677
v 0.1402 0.6890 -0.8682
v 0.1405 0.6927 -0.8680
v 0.1419 0.6893 -0.8665
v -0.5421 0.2778 1.7365
v -0.5435 0.2739 1.7317
v -0.0425 0.2802 1.5857
v -0.0412 0.2841 1.5904
v -0.5428 0.2837 1.7344
v -0.0418 0.2900 1.5884
v -0.5450 0.2774 1.7267
v -0.5446 0.2835 1.7284
v -0.0436 0.2898 1.5824
v -0.0440 0.2837 1.5807
v -0.4338 0.4534 1.7440
v -0.1659 0.4475 1.7807
v -0.1659 0.4534 1.7684
v -0.4532 0.4699 1.6888
v -0.1867 0.4624 1.7216
v -0.1659 0.4595 1.7519
v -0.4399 0.4687 1.6817
v -0.3021 0.4558 1.6961
v -0.4401 0.4535 1.6823
v -0.4318 0.4470 1.7096
v -0.4305 0.4471 1.7432
v -0.1508 0.3591 1.5013
v -0.1580 0.3647 1.4801
v -0.4165 0.4386 1.6315
v -0.4519 0.4441 1.6118
v -0.4523 0.4473 1.6225
v -0.4651 0.4301 1.6549
v -0.1877 0.3595 1.4920
v -0.4353 0.4352 1.6722
v -0.1470 0.3543 1.5121
v -0.5225 0.4470 1.7417
v -0.5214 0.4457 1.7277
v -0.5218 0.4716 1.7011
v -0.5226 0.4448 1.7134
v -0.5033 0.4464 1.6452
v -0.1659 0.4467 1.7825
v -0.4305 0.4471 1.7452
v -0.4336 0.4472 1.7426
v -0.5237 0.4558 1.7409
v -0.4398 0.4359 1.6768
v -0.4403 0.4594 1.6831
v -0.5245 0.4676 1.6608
v -0.4440 0.4489 1.6664
v -0.1643 0.3675 1.4606
v -0.1665 0.3638 1.4535
v -0.1659 0.4617 1.7376
v -0.1659 0.4579 1.7167
v -0.3351 0.4512 1.6977
v -0.1659 0.4404 1.7443
v -0.1659 0.4412 1.7795
v -0.4514 0.4488 1.6275
v -0.1644 0.4475 1.7809
v -0.1644 0.4564 1.7604
v -0.1644 0.4618 1.7248
v -0.1644 0.4460 1.7245
v -0.1644 0.4412 1.7797
v -0.1644 0.4412 1.7817
v -0.0739 0.4430 1.7369
v -0.0899 0.4448 1.7959
v -0.0727 0.4442 1.8067
v -0.0727 0.4450 1.8047
v -0.0725 0.4632 1.7440
v -0.0711 0.4387 1.8050
v -0.0719 0.4409 1.7364
v -0.0757 0.4496 1.7277
v -0.0724 0.4483 1.7263
v -0.0760 0.4561 1.7301
v -0.0726 0.4566 1.7288
v -0.0767 0.4626 1.7484
v -0.0950 0.4395 1.7426
v -0.1604 0.4411 1.7802
v -0.0997 0.4450 1.7933
v -0.1604 0.4575 1.7472
v -0.1604 0.4431 1.7350
v -0.4430 0.4398 1.6712
v -0.4349 0.4340 1.6740
v -0.1464 0.3534 1.5142
v -0.1656 0.3596 1.4521
v -0.1628 0.3588 1.4548
v -0.1615 0.3558 1.4584
v -0.1634 0.3540 1.4584
v -0.1448 0.3498 1.5096
v -0.1652 0.3634 1.4528
v -0.1633 0.3620 1.4539
v -0.1495 0.3588 1.5006
v -0.1458 0.3540 1.5114
v -0.1630 0.3671 1.4599
v -0.1339 0.3555 1.4657
v -0.1267 0.3499 1.4870
v -0.1187 0.3495 1.4656
v -0.1333 0.3440 1.4649
v -0.1396 0.3496 1.4460
v -0.1414 0.3539 1.4410
v -0.1413 0.3562 1.4415
v -0.1425 0.3524 1.5120
v -0.1447 0.3517 1.5107
v -0.1427 0.3482 1.5113
v -0.1624 0.4510 1.7680
v -0.1623 0.4455 1.7808
v -0.1501 0.4499 1.7532
v -0.1624 0.4482 1.7259
v -0.1625 0.4530 1.7193
v -0.1624 0.4428 1.7450
v -0.1624 0.4431 1.7804
v -0.1624 0.4591 1.7378
v -0.1624 0.4570 1.7517
v -0.5267 0.4470 1.7415
v -0.5268 0.4468 1.7394
v -0.5265 0.4458 1.7288
v -0.5267 0.4491 1.7415
v -0.5247 0.4531 1.7400
v -0.5268 0.4563 1.7416
v -0.5263 0.4454 1.6636
v -0.5361 0.4448 1.7173
v -0.5358 0.4537 1.6309
v -0.5360 0.4601 1.6309
v -0.5266 0.4598 1.6358
v -0.5264 0.4541 1.6358
v -0.5361 0.4492 1.7441
v -0.1046 0.3252 1.8710
v -0.1194 0.3275 1.8343
v -0.4280 0.2718 1.8406
v -0.4006 0.2880 1.8103
v -0.1081 0.3146 1.8175
v -0.1077 0.3102 1.8219
v -0.4005 0.2835 1.8136
v -0.1073 0.3046 1.8319
v -0.5238 0.2714 1.8535
v -0.4140 0.2904 1.8073
v -0.4469 0.2815 1.7991
v -0.4139 0.2937 1.8093
v -0.4007 0.2918 1.8102
v -0.4666 0.2712 1.7992
v -0.4482 0.2666 1.8191
v -0.5106 0.2710 1.8506
v -0.4541 0.2773 1.7968
v -0.4519 0.2738 1.8018
v -0.5236 0.2899 1.8255
v -0.5238 0.2734 1.7967
v -0.1079 0.3242 1.8207
v -0.1080 0.3197 1.8171
v -0.1024 0.3231 1.8704
v -0.1037 0.3174 1.8920
v -0.1017 0.3171 1.8900
v -0.1044 0.3071 1.8702
v -0.1060 0.3287 1.8322
v -0.1059 0.3047 1.8319
v -0.1066 0.3173 1.8174
v -0.5235 0.2852 1.8746
v -0.5235 0.2862 1.8744
v -0.5256 0.2856 1.8719
v -0.5257 0.2848 1.8719
v -0.0643 0.3366 1.8552
v -0.0728 0.3036 1.8469
v -0.0738 0.3204 1.8170
v -0.0768 0.3130 1.8227
v -0.0623 0.3042 1.8440
v -0.0648 0.3205 1.8136
v -0.0770 0.3273 1.8215
v -0.0743 0.3192 1.8927
v -0.0727 0.3344 1.8470
v -0.0997 0.3168 1.8921
v -0.1017 0.3171 1.8900
v -0.1026 0.3097 1.8697
v -0.1026 0.3177 1.8174
v -0.0951 0.3071 1.8437
v -0.1009 0.3274 1.8629
v -0.5266 0.2856 1.8154
v -0.5304 0.2922 1.8171
v -0.5320 0.2870 1.8080
v -0.5300 0.2608 1.8165
v -0.5333 0.2579 1.8323
v -0.5276 0.2841 1.8776
v -0.5269 0.2656 1.7992
v -0.5287 0.2648 1.7987
v -0.5296 0.2722 1.7951
v -0.5344 0.2960 1.8295
v -0.5360 0.2557 1.8326
v -0.3585 0.2916 1.6312
v -0.5096 0.2687 1.6825
v -0.5246 0.2805 1.7966
v -0.0913 0.2867 1.6402
v -0.3943 0.2618 1.6774
v -0.0945 0.3168 1.6194
v -0.5085 0.2799 1.6762
v -0.5166 0.2731 1.7795
v -0.3828 0.3075 1.6705
v -0.5097 0.2862 1.6787
v -0.5246 0.2816 1.7968
v -0.5266 0.2817 1.7938
v -0.5265 0.2806 1.7935
v -0.4782 0.2672 1.7078
v -0.5229 0.2961 1.7624
v -0.5253 0.2890 1.7733
v -0.5171 0.3041 1.7197
v -0.0870 0.2991 1.6622
v -0.0994 0.3075 1.5816
v -0.0871 0.3071 1.6624
v -0.1034 0.2955 1.5505
v -0.1018 0.3031 1.5604
v -0.0680 0.2895 1.5904
v -0.1033 0.2732 1.5521
v -0.1041 0.2853 1.5467
v -0.1016 0.2699 1.5632
v -0.0857 0.3006 1.6596
v -0.0898 0.2881 1.6370
v -0.0933 0.2799 1.6170
v -0.1036 0.2674 1.5635
v -0.1068 0.2851 1.5449
v -0.5285 0.2719 1.7726
v -0.5282 0.2816 1.7949
v -0.5327 0.3000 1.7430
v -0.5208 0.2614 1.7119
v -0.5175 0.2636 1.6950
v -0.5150 0.2687 1.6837
v -0.5267 0.2663 1.7523
v -0.5288 0.2623 1.7186
v -0.5244 0.2624 1.7310
v -0.5335 0.2771 1.7892
v -0.5282 0.2804 1.7947
v -0.5283 0.2801 1.7936
v -0.5266 0.2723 1.7725
v -0.5240 0.3099 1.7252
v -0.5176 0.2641 1.7121
v -0.5188 0.2618 1.7118
v -0.5155 0.2640 1.6950
v -0.5142 0.2662 1.6958
v -0.5146 0.2996 1.6899
v -0.5189 0.2634 1.7130
v -0.2056 0.4034 1.3934
v -0.2107 0.3783 1.3841
v -0.2034 0.3765 1.3940
v -0.2161 0.3814 1.3767
v -0.1934 0.3749 1.4070
v -0.2199 0.3862 1.3715
v -0.1088 0.4075 1.3033
v -0.1789 0.3753 1.4271
v -0.1095 0.4297 1.3024
v -0.1791 0.3819 1.4296
v -0.2155 0.4013 1.3802
v -0.2173 0.3811 1.3776
v -0.2032 0.3763 1.3964
v -0.4960 0.3246 1.5874
v -0.5009 0.2943 1.6607
v -0.4994 0.2936 1.6602
v -0.4996 0.3002 1.6618
v -0.5012 0.2988 1.6619
v -0.4935 0.3033 1.5922
v -0.4931 0.3071 1.5812
v -0.4966 0.2960 1.6278
v -0.4942 0.3276 1.5943
v -0.4970 0.3146 1.6315
v -0.4980 0.2940 1.6592
v -0.4982 0.3006 1.6607
v -0.4936 0.3001 1.6089
v -0.4925 0.3264 1.5937
v -0.3936 0.3475 1.5446
v -0.4954 0.3150 1.6304
v -0.4921 0.3037 1.5913
v -0.2157 0.3764 1.3862
v -0.2242 0.3851 1.3747
v -0.3365 0.3693 1.4731
v -0.4931 0.3251 1.6033
v -0.4920 0.3278 1.5842
v -0.1947 0.3930 1.4146
v -0.1995 0.3775 1.4073
v -0.2246 0.3967 1.3769
v -0.2136 0.4004 1.3894
v -0.4944 0.3188 1.5721
v -0.4950 0.3231 1.5777
v -0.4929 0.3251 1.5757
v -0.5086 0.3034 1.5765
v -0.5120 0.2871 1.6200
v -0.4990 0.3225 1.6138
v -0.4987 0.3269 1.6008
v -0.5091 0.3253 1.5902
v -0.4973 0.3054 1.5802
v -0.4950 0.3128 1.5755
v -0.4978 0.3273 1.5880
v -0.4969 0.3252 1.5775
v -0.4960 0.3246 1.5874
v -0.5022 0.2311 1.5863
v -0.4989 0.2325 1.5838
v -0.4954 0.2350 1.5522
v -0.4993 0.2323 1.5861
v -0.5029 0.2263 1.5849
v -0.5008 0.2236 1.5837
v -0.4963 0.2140 1.4725
v -0.4977 0.2136 1.5184
v -0.5004 0.2205 1.5642
v -0.5024 0.2204 1.5523
v -0.2776 0.1638 1.3292
v -0.4973 0.2320 1.5819
v -0.4980 0.2319 1.5845
v -0.4965 0.2127 1.4780
v -0.3304 0.1819 1.2666
v -0.3167 0.1831 1.2803
v -0.4913 0.2367 1.5194
v -0.4939 0.2345 1.5503
v -0.4990 0.2227 1.5795
v -0.2798 0.1564 1.3282
v -0.2766 0.1635 1.3281
v -0.3182 0.1571 1.2874
v -0.3093 0.1775 1.2866
v -0.2808 0.1662 1.3226
v -0.2824 0.1559 1.3236
v -0.2788 0.1561 1.3271
v -0.3318 0.1616 1.2725
v -0.4920 0.2358 1.4904
v -0.4972 0.2337 1.5680
v -0.2762 0.1553 1.3241
v -0.2784 0.1474 1.1913
v -0.2831 0.1410 1.2690
v -0.2740 0.1627 1.3251
v -0.2774 0.1612 1.3251
v -0.2783 0.1582 1.3244
v -0.3260 0.1622 1.2744
v -0.2641 0.1426 1.2154
v -0.2722 0.1452 1.2014
v -0.2358 0.1435 1.2055
v -0.2753 0.1486 1.1904
v -0.2730 0.1532 1.1822
v -0.2687 0.1571 1.1811
v -0.2643 0.1593 1.1848
v -0.5040 0.2336 1.5879
v -0.5005 0.2368 1.5575
v -0.5124 0.2382 1.5993
v -0.5124 0.2193 1.5990
v -0.5021 0.2129 1.4982
v -0.5079 0.2154 1.4744
v -0.5013 0.2147 1.4769
v -0.5075 0.2121 1.5131
v -0.5029 0.2263 1.5849
v -0.4954 0.2351 1.4797
v -0.4978 0.2390 1.5264
v -0.5032 0.2327 1.5888
v -0.5049 0.2248 1.5885
v -0.4968 0.2294 1.4671
v -0.5126 0.2411 1.4850
v -0.4960 0.2375 1.5101
v -0.4998 0.2149 1.4764
v -0.5013 0.2144 1.5214
v -0.5033 0.2330 1.5880
v 0.5759 0.4891 -1.6564
v 0.5729 0.4892 -1.6693
v 0.5747 0.4883 -1.6773
v 0.5767 0.4981 -1.6353
v 0.5699 0.4865 -1.6767
v 0.4441 0.4486 -1.6420
v 0.3717 0.4388 -1.6422
v 0.3742 0.4484 -1.6096
v 0.3765 0.4482 -1.6077
v 0.3761 0.4503 -1.6080
v 0.3775 0.4506 -1.6082
v 0.3780 0.4486 -1.6079
v 0.4348 0.4630 -1.6097
v 0.4341 0.4656 -1.6102
v 0.3755 0.4418 -1.6208
v 0.1761 0.4003 -1.5803
v 0.1737 0.3987 -1.5821
v 0.1738 0.3980 -1.5821
v 0.1763 0.3982 -1.5800
v 0.1698 0.3924 -1.6248
v 0.1689 0.3950 -1.6234
v 0.1707 0.3884 -1.6211
v 0.1698 0.4013 -1.6214
v 0.1725 0.3877 -1.6090
v 0.1759 0.3965 -1.5837
v 0.1708 0.4037 -1.6175
v 0.1713 0.3928 -1.6250
v 0.1721 0.3888 -1.6214
v 0.1760 0.3925 -1.5936
v 0.1709 0.3978 -1.6252
v 0.1778 0.3986 -1.5802
v 0.1682 0.3985 -1.6199
v 0.1680 0.3958 -1.6221
v 0.1602 0.3955 -1.6087
v 0.1683 0.3925 -1.6218
v 0.1690 0.3899 -1.6195
v 0.1705 0.3906 -1.6089
v 0.1723 0.3947 -1.5945
v 0.3705 0.4492 -1.6087
v 0.1776 0.4007 -1.5806
v 0.3708 0.4489 -1.6073
v 0.3679 0.4513 -1.6225
v 0.1777 0.3982 -1.5811
v 0.3655 0.4402 -1.6529
v 0.3668 0.4366 -1.6485
v 0.3645 0.4448 -1.6534
v 0.3641 0.4494 -1.6490
v 0.3654 0.4521 -1.6380
v 0.3698 0.4383 -1.6419
v 0.3709 0.4374 -1.6295
v 0.3727 0.4472 -1.6071
v 0.3720 0.4495 -1.6089
v 0.3668 0.4524 -1.6382
v 0.3670 0.4405 -1.6531
v 0.3656 0.4498 -1.6492
v -0.8675 0.4385 1.7789
v -0.8406 0.3535 1.6450
v -0.8569 0.2850 1.7735
v -0.8452 0.3634 1.7044
v -0.8872 0.3840 1.5842
v -0.8872 0.5084 1.7643
v -0.8872 0.3606 1.8794
v -0.8872 0.2243 1.7680
v -0.8260 0.5838 1.6885
v -0.8376 0.1590 1.6470
v -0.8585 0.3511 1.9120
v -0.8268 0.3826 1.9365
v -0.8360 0.1692 1.8115
v -0.8168 0.1967 1.5842
v -0.8587 0.4241 1.5279
v -0.8335 0.3345 1.4942
v -0.8055 0.5185 1.8528
v -0.8055 0.1474 1.7218
v -0.5665 0.2823 1.5170
v -0.8586 0.1678 1.6631
v -0.8586 0.5498 1.7582
v -0.8585 0.3217 1.9086
v -0.8872 0.3543 1.8849
v -0.8872 0.3290 1.8823
v -0.8320 0.2209 1.8636
v -0.8586 0.2536 1.5470
v -0.8585 0.1720 1.7796
v -0.8321 0.4964 1.5654
v -0.5665 0.5702 1.6917
v -0.5665 0.3347 1.9176
v -0.5665 0.1924 1.8457
v -0.4681 0.2198 1.6700
v -0.4440 0.2281 1.8716
v -0.4275 0.1827 1.8871
v -0.4652 0.2211 1.7815
v -0.4494 0.1990 1.6788
v -0.4532 0.1964 1.7736
v -0.5325 0.2233 1.7757
v -0.4447 0.3278 1.9987
v -0.4298 0.2968 1.9588
v -0.4260 0.2809 1.9617
v -0.4289 0.3006 1.9616
v -0.4332 0.1597 1.7856
v -0.4421 0.3073 1.9570
v -0.4266 0.3230 2.0043
v -0.4712 0.3101 1.9580
v -0.4194 0.2735 1.9647
v -0.4267 0.2783 1.9597
v -0.5164 0.3210 2.0070
v -0.4269 0.2982 1.9951
v -0.4406 0.3187 2.0118
v -0.4364 0.3085 1.9950
v -0.4306 0.2895 1.9801
v -0.4290 0.3516 2.0634
v -0.5137 0.3057 1.9701
v -0.5168 0.3160 1.9991
v -0.4466 0.3034 1.9620
v -0.4360 0.2956 1.9632
v -0.4334 0.2915 1.9643
v -0.4339 0.2959 1.9765
v -0.4320 0.2929 1.9771
v -0.4320 0.2931 1.9776
v -0.5067 0.3045 1.9619
v -0.4476 0.3043 1.9582
v -0.4310 0.2897 1.9612
v -0.4342 0.2858 1.9661
v -0.4320 0.2882 1.9657
v -0.4298 0.2847 1.9631
v -0.4427 0.3016 1.9681
v -0.5078 0.3058 1.9603
v -0.5127 0.3130 2.0000
v -0.4505 0.2699 1.9152
v -0.5308 0.2567 1.8790
v -0.4457 0.2362 1.8872
v -0.4434 0.2918 1.9783
v -0.4451 0.2296 1.8716
v -0.4498 0.2337 1.8799
v -0.4476 0.2363 1.8788
v -0.4504 0.2403 1.8782
v -0.4470 0.2351 1.8833
v -0.4629 0.2487 1.9019
v -0.4594 0.1668 1.6885
v -0.4555 0.2277 1.8566
v -0.5364 0.2540 1.9009
v -0.5347 0.2542 1.9003
v -0.5350 0.2563 1.9000
v -0.5364 0.2571 1.9003
v -0.5295 0.2584 1.9087
v -0.5161 0.2930 1.9778
v -0.5162 0.2943 1.9770
v -0.5163 0.2936 1.9759
v -0.5152 0.2930 1.9778
v -0.5341 0.2508 1.8889
v -0.4641 0.2158 1.7758
v -0.4490 0.2044 1.7767
v -0.4531 0.2022 1.7728
v -0.5337 0.2206 1.8471
v -0.5333 0.2370 1.8868
v -0.5351 0.2363 1.8854
v -0.5332 0.2363 1.8855
v -0.4630 0.2110 1.8249
v -0.4579 0.1950 1.7873
v -0.4584 0.1960 1.7858
v -0.4608 0.2003 1.7796
v -0.4607 0.1978 1.7789
v -0.4559 0.1984 1.7741
v -0.4629 0.2109 1.7729
v -0.4638 0.2050 1.7783
v -0.4614 0.2071 1.7733
v -0.4724 0.2158 1.8389
v -0.4612 0.2363 1.8874
v -0.4708 0.2362 1.8859
v -0.4621 0.2019 1.7871
v -0.4636 0.1937 1.7863
v -0.5349 0.1986 1.7829
v -0.4824 0.1988 1.7848
v -0.5351 0.1988 1.7845
v -0.4573 0.1894 1.7877
v -0.4540 0.1831 1.7893
v -0.4755 0.1924 1.7285
v -0.5321 0.1953 1.7589
v -0.4633 0.1877 1.7370
v -0.4532 0.1937 1.7469
v -0.5351 0.2370 1.8868
v -0.5352 0.2385 1.8864
v -0.5362 0.2394 1.8859
v -0.4273 0.2839 1.9873
v -0.4465 0.2020 1.8546
v -0.4407 0.2236 1.8942
v -0.4424 0.2302 1.8913
v -0.4434 0.2293 1.8914
v -0.4479 0.2337 1.8878
v -0.4478 0.2335 1.8892
v -0.4456 0.2334 1.8893
v -0.4463 0.2340 1.8879
v -0.4453 0.2362 1.8888
v -0.4580 0.1915 1.7872
v -0.4622 0.1971 1.7785
v -0.4583 0.1921 1.7864
v -0.4492 0.2545 1.8735
v -0.5356 0.2151 1.7714
v -0.5357 0.2202 1.7695
v -0.5321 0.2201 1.7712
v -0.5321 0.2158 1.7731
v -0.4460 0.1877 1.7711
v -0.4525 0.1929 1.7710
v -0.4505 0.1944 1.7731
v -0.4457 0.1907 1.7744
v -0.4285 0.2553 1.9180
v -0.5150 0.2155 1.6727
v -0.5166 0.2091 1.6802
v -0.4675 0.2125 1.6854
v -0.4541 0.1599 1.6876
v -0.4548 0.1697 1.6805
v -0.4515 0.1715 1.6830
v -0.4518 0.1829 1.6785
v -0.4579 0.1600 1.6885
v -0.4568 0.1507 1.6979
v -0.4601 0.1523 1.6997
v -0.4816 0.2151 1.6723
v -0.5145 0.2185 1.6707
v -0.5367 0.2013 1.7841
v -0.5367 0.1979 1.7846
v -0.5363 0.1988 1.7844
v -0.5363 0.2003 1.7842
v -0.5361 0.1986 1.7829
v -0.5294 0.1945 1.7356
v -0.4708 0.1995 1.6968
v -0.5162 0.2155 1.6727
v -0.4921 0.2050 1.7436
v -0.4553 0.2000 1.6761
v -0.4460 0.1342 1.7404
v -0.4478 0.1305 1.7368
v -0.4571 0.1327 1.7446
v -0.4631 0.1538 1.7092
v -0.4543 0.1358 1.7246
v -0.4471 0.1229 1.7879
v -0.4505 0.1270 1.8077
v -0.4247 0.1357 2.0041
v -0.5325 0.2641 1.4410
v -0.5359 0.1580 1.7917
v -0.5359 0.1430 1.6838
v -0.5359 0.2034 1.5648
v -0.5359 0.5242 1.5723
v -0.5359 0.5698 1.6791
v -0.5360 0.4625 1.5300
v -0.5484 0.4894 1.8937
v -0.5359 0.4894 1.8936
v -0.5359 0.5074 1.8790
v -0.5359 0.1395 1.6968
v -0.5359 0.1518 1.6347
v -0.5359 0.1865 1.5746
v -0.5359 0.2380 1.5281
v -0.5369 0.1866 1.8122
v -0.5359 0.4534 1.5155
v -0.5359 0.5760 1.6678
v -0.5358 0.5748 1.7587
v -0.5359 0.1530 1.7931
v -0.4878 0.5483 1.5060
v -0.5014 0.4291 1.4576
v -0.5105 0.5523 1.4669
v -0.5120 0.5507 1.4630
v -0.5156 0.4936 1.4259
v -0.5157 0.4650 1.4140
v -0.5161 0.4650 1.4160
v -0.5168 0.4359 1.4046
v -0.5171 0.4353 1.4070
v -0.5164 0.5389 1.4502
v -0.5162 0.5251 1.4423
v -0.5167 0.5250 1.4442
v -0.5187 0.4088 1.3989
v -0.4923 0.5518 1.5477
v -0.4942 0.5523 1.5234
v -0.4931 0.5517 1.5273
v -0.4975 0.5517 1.4994
v -0.5011 0.5523 1.4905
v -0.5152 0.5074 1.7018
v -0.5141 0.4357 1.4058
v -0.5160 0.4075 1.3998
v -0.5359 0.5760 1.7601
v -0.5380 0.3326 1.3957
v -0.5382 0.3022 1.4020
v -0.5394 0.3149 1.4009
v -0.5396 0.2739 1.4158
v -0.5359 0.1981 1.4750
v -0.5378 0.2078 1.4627
v -0.5401 0.2471 1.4309
v -0.5326 0.3830 1.3975
v -0.5349 0.3023 1.4034
v -0.5350 0.2738 1.4144
v -0.5382 0.2738 1.4127
v -0.5373 0.2130 1.4548
v -0.5082 0.3373 1.4385
v -0.5381 0.3765 1.3965
v -0.5189 0.3994 1.3985
v -0.5157 0.3980 1.4021
v -0.5300 0.3758 1.3998
v -0.5216 0.4009 1.3976
v -0.5336 0.3766 1.3957
v -0.5365 0.3777 1.3946
v -0.5222 0.4000 1.3995
v -0.5099 0.5498 1.4636
v -0.5171 0.4033 1.3991
v -0.5198 0.4048 1.3982
v -0.5203 0.4038 1.4001
v -0.5184 0.4074 1.4041
v -0.5276 0.1896 1.6113
v -0.5034 0.5501 1.4924
v -0.4985 0.4829 1.5335
v -0.4993 0.4829 1.5511
v -0.4987 0.4843 1.5511
v -0.4983 0.4843 1.5335
v -0.5043 0.3005 1.9616
v -0.5052 0.3022 1.9596
v -0.5066 0.3042 1.9593
v -0.5105 0.3062 1.9755
v -0.5115 0.3052 1.9761
v -0.5099 0.2937 1.9761
v -0.5109 0.2944 1.9759
v -0.5113 0.2949 1.9769
v -0.5051 0.3055 1.9586
v -0.5087 0.3035 1.9612
v -0.5127 0.2947 1.9768
v -0.5107 0.3050 1.9647
v -0.5041 0.2889 1.9620
v -0.5023 0.2863 1.9633
v -0.5104 0.2957 1.9675
v -0.5112 0.3050 1.9754
v -0.5042 0.2921 1.9619
v -0.5089 0.2880 1.9630
v -0.5050 0.2880 1.9606
v -0.5143 0.4918 1.4303
v -0.5212 0.4918 1.4305
v -0.5359 0.4659 1.5325
v -0.5345 0.4849 1.4854
v -0.5364 0.4765 1.5018
v -0.5253 0.4924 1.4348
v -0.5258 0.4909 1.4345
v -0.5363 0.4030 1.5449
v -0.5359 0.4045 1.5453
v -0.5337 0.4110 1.5048
v -0.5312 0.4196 1.4649
v -0.5092 0.3979 1.5782
v -0.5337 0.4126 1.5049
v -0.5046 0.4137 1.4993
v -0.5237 0.4914 1.4319
v -0.5212 0.4903 1.4300
v -0.5298 0.4227 1.4091
v -0.5299 0.4199 1.4083
v -0.5253 0.4895 1.4338
v -0.5315 0.4911 1.4673
v -0.5310 0.4186 1.4549
v -0.5310 0.4201 1.4516
v -0.5359 0.4013 1.5452
v -0.5325 0.4897 1.4690
v -0.5299 0.4229 1.4088
v -0.5259 0.4238 1.4048
v -0.5285 0.4236 1.4063
v -0.5167 0.4238 1.4048
v -0.5259 0.4207 1.4047
v -0.5257 0.4223 1.4043
v -0.5163 0.4223 1.4044
v -0.5286 0.3965 1.4049
v -0.5299 0.3978 1.4075
v -0.5258 0.3968 1.4026
v -0.5255 0.3985 1.4023
v -0.5163 0.3987 1.4025
v -0.5258 0.3999 1.4030
v -0.5299 0.4230 1.4385
v -0.5290 0.3987 1.4068
v -0.5212 0.4933 1.4310
v -0.5240 0.3910 1.4322
v -0.5216 0.5532 1.8005
v -0.5215 0.5429 1.7845
v -0.5216 0.5043 1.8449
v -0.5216 0.5094 1.8634
v -0.4379 0.1274 1.9086
v -0.4425 0.1257 1.7881
v -0.4280 0.1348 1.9894
v -0.4252 0.1357 2.0054
v -0.4382 0.4131 1.8632
v -0.4430 0.4058 1.8413
v -0.4431 0.4085 1.8353
v -0.5113 0.4175 1.8450
v -0.4395 0.4117 1.8608
v -0.4521 0.4125 1.8284
v -0.4435 0.4146 1.8702
v -0.4435 0.4211 1.8777
v -0.5345 0.4154 1.8293
v -0.5364 0.4162 1.8629
v -0.5344 0.4123 1.8285
v -0.5355 0.4137 1.8281
v -0.5344 0.4211 1.8779
v -0.5362 0.4220 1.8793
v -0.5363 0.4169 1.8773
v -0.4521 0.4152 1.8288
v -0.4477 0.4109 1.8301
v -0.4420 0.4346 1.8745
v -0.4383 0.4437 1.8842
v -0.4382 0.4369 1.8796
v -0.4406 0.4377 1.8789
v -0.4482 0.4300 1.8674
v -0.4423 0.4268 1.8732
v -0.4467 0.4252 1.8695
v -0.4433 0.4353 1.8810
v -0.5335 0.4258 1.8715
v -0.5334 0.4251 1.8691
v -0.4448 0.4255 1.8675
v -0.4457 0.4267 1.8659
v -0.5329 0.4253 1.8668
v -0.5315 0.4266 1.8653
v -0.4482 0.4264 1.8653
v -0.4440 0.4291 1.8668
v -0.5310 0.4286 1.8657
v -0.5328 0.4303 1.8678
v -0.5362 0.4393 1.8785
v -0.5363 0.4443 1.8845
v -0.5338 0.4436 1.8842
v -0.5348 0.4383 1.8792
v -0.5361 0.4350 1.8719
v -0.5345 0.4359 1.8761
v -0.5363 0.4294 1.8634
v -0.5363 0.4231 1.8661
v -0.5363 0.4248 1.8640
v -0.5363 0.4224 1.8695
v -0.5337 0.4431 1.8853
v -0.5363 0.4433 1.8860
v -0.5362 0.4341 1.8824
v -0.4407 0.4268 1.8707
v -0.4411 0.4302 1.8689
v -0.5364 0.4271 1.8629
v -0.5341 0.4091 1.8515
v -0.5359 0.4659 1.8994
v -0.5345 0.4638 1.7957
v -0.5369 0.4638 1.7957
v -0.5243 0.4649 1.7011
v -0.5155 0.4663 1.6564
v -0.5201 0.4666 1.6556
v -0.5290 0.4652 1.7004
v -0.4999 0.4675 1.5446
v -0.4987 0.4951 1.5614
v -0.4994 0.4951 1.5592
v -0.5016 0.4681 1.5436
v -0.4950 0.5248 1.5792
v -0.4950 0.5234 1.5792
v -0.5359 0.5233 1.5792
v -0.5359 0.5247 1.5792
v -0.4766 0.5236 1.6048
v -0.5359 0.4997 1.6928
v -0.5359 0.5233 1.6069
v -0.4694 0.5221 1.6059
v -0.4655 0.5174 1.6066
v -0.4637 0.5099 1.6068
v -0.4880 0.5093 1.8593
v -0.4783 0.5124 1.8622
v -0.5360 0.5531 1.8016
v -0.5421 0.5467 1.8039
v -0.5281 0.5449 1.7999
v -0.5110 0.5109 1.8645
v -0.5495 0.5321 1.7900
v -0.5564 0.5323 1.7900
v -0.5554 0.4906 1.7936
v -0.5394 0.5314 1.7911
v -0.5354 0.5278 1.7981
v -0.5436 0.5035 1.8356
v -0.5468 0.5022 1.8405
v -0.5528 0.5017 1.8475
v -0.5590 0.5330 1.7928
v -0.5594 0.5016 1.8514
v -0.5114 0.5453 1.7988
v -0.5452 0.5028 1.8380
v -0.5359 0.5179 1.8572
v -0.5360 0.5105 1.8645
v -0.5191 0.5094 1.8634
v -0.5191 0.5532 1.8005
v -0.4807 0.5344 1.7876
v -0.4797 0.5250 1.8102
v -0.4786 0.5192 1.8344
v -0.4807 0.5196 1.7466
v -0.4807 0.5178 1.7458
v -0.4784 0.5009 1.7979
v -0.4784 0.5026 1.7987
v -0.4438 0.1262 1.8269
v -0.4493 0.1279 1.8095
v -0.4476 0.1285 1.8091
v -0.4437 0.1273 1.8269
v -0.4421 0.1252 1.8392
v -0.4383 0.1251 1.8706
v -0.4380 0.1245 1.8707
v -0.4332 0.1246 1.9087
v -0.4332 0.1236 1.9088
v -0.4277 0.1253 1.9480
v -0.4277 0.1242 1.9482
v -0.4218 0.1259 1.9874
v -0.4189 0.1358 2.0054
v -0.4189 0.1302 2.0054
v -0.4194 0.1357 2.0041
v -0.4194 0.1818 2.0039
v -0.4189 0.1818 2.0052
v -0.4247 0.2042 2.0075
v -0.4251 0.1972 2.0052
v -0.4242 0.1971 2.0052
v -0.4239 0.2042 2.0075
v -0.5010 0.4331 1.5335
v -0.5025 0.4334 1.5333
v -0.5080 0.4262 1.5777
v -0.5055 0.4260 1.5783
v -0.5379 0.1876 1.7846
v -0.5359 0.2517 1.5287
v -0.5359 0.2717 1.5185
v -0.5400 0.3649 1.7962
v -0.4771 0.4925 1.8124
v -0.5359 0.5321 1.7535
v -0.4671 0.4989 1.7531
v -0.4758 0.5311 1.7546
v -0.4624 0.5200 1.6615
v -0.4535 0.4992 1.5890
v -0.4840 0.4832 1.7958
v -0.4633 0.4858 1.5511
v -0.5300 0.4865 1.8051
v -0.4792 0.5262 1.7437
v -0.4760 0.4950 1.8100
v -0.4752 0.5269 1.7480
v -0.5203 0.5532 1.8005
v -0.5190 0.5429 1.7845
v -0.5011 0.5532 1.8005
v -0.4986 0.5532 1.8005
v -0.4985 0.5429 1.7845
v -0.5010 0.5429 1.7845
v -0.4420 0.5180 1.7456
v -0.4420 0.5197 1.7464
v -0.4401 0.5195 1.7470
v -0.4401 0.5178 1.7462
v -0.5345 0.4218 1.8768
v -0.4251 0.1899 2.0052
v -0.4242 0.1899 2.0052
v -0.4237 0.1308 2.0054
v -0.4189 0.1270 2.0054
v -0.5359 0.5095 1.8658
v -0.4888 0.5098 1.8654
v -0.5362 0.4232 1.8783
v -0.5359 0.5263 1.7156
v -0.7836 0.3920 1.7572
v -0.7837 0.3586 1.7144
v -0.7836 0.3789 1.6642
v -0.7836 0.3049 1.7220
v -0.9386 0.3791 1.7273
v -0.9375 0.3798 1.7179
v -0.9371 0.3705 1.7351
v -0.9385 0.3665 1.6979
v -0.9398 0.3766 1.7094
v -0.9344 0.3816 1.7014
v -0.9349 0.3359 1.7012
v -0.9416 0.3496 1.6990
v -0.9198 0.3343 1.6973
v -0.9417 0.3423 1.7079
v -0.9101 0.3277 1.7262
v -0.9386 0.3372 1.7259
v -0.9398 0.3458 1.7272
v -0.9371 0.3348 1.7145
v -0.9216 0.3664 1.7420
v -0.9371 0.3554 1.7383
v -0.9461 0.3585 1.7261
v -0.9349 0.3591 1.7407
v -0.9101 0.3907 1.7246
v -0.9061 0.3896 1.6980
v -0.6056 0.8142 -0.8220
v -0.6741 0.8197 -0.7962
v -0.7041 0.8380 -0.7908
v -0.7042 0.7861 -0.7908
v -0.6275 0.3318 -1.6896
v -0.6204 0.3348 -1.6898
v -0.6182 0.3282 -1.7038
v -0.6174 0.3244 -1.6539
v -0.4642 0.3470 -1.6765
v -0.5757 0.3261 -1.6804
v -0.5169 0.3318 -1.6313
v -0.5266 0.3415 -1.6523
v -0.5208 0.3454 -1.6533
v -0.5206 0.3458 -1.6519
v -0.5257 0.3331 -1.6432
v -0.5270 0.3302 -1.6448
v -0.5276 0.3359 -1.6444
v -0.5380 0.3386 -1.6407
v -0.5149 0.3294 -1.6350
v -0.5208 0.3303 -1.6389
v -0.5147 0.3265 -1.6357
v -0.5779 0.3341 -1.6460
v -0.5412 0.3354 -1.6303
v -0.6137 0.3249 -1.7091
v -0.5988 0.3291 -1.7085
v -0.2595 0.3659 -1.7117
v -0.6062 0.3237 -1.7082
v -0.5589 0.3192 -1.6529
v -0.5508 0.3154 -1.5978
v -0.6078 0.3096 -1.6350
v -0.2323 0.3507 -1.4196
v -0.2430 0.3528 -1.4221
v -0.2474 0.3543 -1.4139
v -0.2237 0.3513 -1.4127
v -0.2401 0.3464 -1.4279
v -0.2408 0.3501 -1.4264
v -0.2262 0.3382 -1.3905
v -0.5260 0.3145 -1.6222
v -0.2523 0.3375 -1.3668
v -0.2724 0.3378 -1.3653
v -0.6160 0.3088 -1.6617
v -0.6177 0.3104 -1.6620
v -0.6178 0.3120 -1.6804
v -0.6159 0.3282 -1.7067
v -0.6159 0.3242 -1.7092
v -0.2453 0.3448 -1.3456
v -0.2481 0.3462 -1.3451
v -0.2471 0.3407 -1.3441
v -0.2447 0.3425 -1.3447
v -0.2288 0.3559 -1.3985
v -0.2313 0.3579 -1.3941
v -0.5647 0.3155 -1.5825
v -0.6156 0.3084 -1.6421
v -0.2592 0.3704 -1.6558
v -0.2540 0.3400 -1.3493
v -0.5292 0.3489 -1.6512
v -0.5352 0.3434 -1.6457
v -0.5289 0.3378 -1.6454
v -0.5257 0.3436 -1.6505
v -0.1556 0.3908 -1.7168
v -0.1352 0.3874 -1.6910
v -0.1559 0.3883 -1.7198
v -0.1560 0.3858 -1.7198
v -0.1563 0.3834 -1.7169
v -0.1569 0.3806 -1.7064
v -0.1576 0.3803 -1.6961
v -0.1579 0.3822 -1.6769
v -0.1581 0.3836 -1.6676
v -0.1542 0.3555 -1.3691
v -0.1301 0.3566 -1.3293
v -0.1521 0.3531 -1.3701
v -0.1472 0.3491 -1.3668
v -0.1579 0.3808 -1.6862
v -0.2272 0.3910 -1.7007
v -0.2555 0.3795 -1.7171
v -0.1432 0.3452 -1.3350
v -0.1708 0.3397 -1.3525
v -0.1603 0.3755 -1.7066
v -0.1570 0.3584 -1.3637
v -0.1562 0.3567 -1.3726
v -0.1486 0.3477 -1.3696
v -0.1538 0.3531 -1.3740
v -0.1404 0.3459 -1.3555
v -0.1421 0.3436 -1.3569
v -0.1577 0.3937 -1.7091
v -0.1586 0.3889 -1.7221
v -0.1590 0.3845 -1.7220
v -0.1606 0.3844 -1.7220
v -0.1601 0.3887 -1.7220
v -0.2539 0.3707 -1.6573
v -0.2197 0.3395 -1.3957
v -0.2561 0.3653 -1.6850
v -0.1577 0.3840 -1.7195
v -0.2436 0.3412 -1.3415
v -0.1623 0.3829 -1.6568
v -0.2538 0.3711 -1.6559
v -0.2074 0.3822 -1.6564
v -0.2554 0.3705 -1.6574
v -0.1582 0.3849 -1.6588
v -0.1579 0.3871 -1.6588
v -0.1402 0.3461 -1.3314
v -0.1431 0.3483 -1.3197
v -0.1386 0.3450 -1.3438
v 0.5766 0.9400 2.0150
v 0.5766 0.9355 1.9355
v 0.5766 0.9158 1.8336
v 0.5766 0.9277 1.8738
v 0.5766 0.9242 2.2082
v 0.5752 0.7955 1.7958
v 0.5707 0.8784 2.2354
v 0.5766 0.9423 2.1063
v 0.5736 0.9400 2.0150
v 0.5677 0.9006 1.8112
v 0.5736 0.9423 2.1063
v 0.5736 0.9355 1.9355
v 0.5721 0.9277 1.8738
v 0.5736 0.8832 1.8006
v 0.5649 0.9060 2.2142
v 0.5708 0.9060 2.2142
v 0.5753 0.8689 2.2634
v 0.5732 0.8616 2.3311
v 0.5728 0.8360 2.3461
v 0.5728 0.7997 2.3462
v 0.5728 0.7997 2.3465
v 0.5710 0.8636 2.3273
v 0.5716 0.8617 2.3313
v 0.5712 0.8596 2.3349
v 0.5707 0.8569 2.3381
v 0.5718 0.8569 2.3381
v 0.5709 0.8537 2.3407
v 0.5704 0.8501 2.3428
v 0.5728 0.8462 2.3447
v 0.5718 0.8360 2.3461
v 0.5716 0.7999 2.3462
v 0.5716 0.7999 2.3465
v 0.5712 0.7590 2.3460
v 0.5712 0.7590 2.3463
v 0.5707 0.9423 2.1063
v 0.5707 0.9401 2.1881
v 0.5707 0.9355 1.9355
v 0.5765 0.9060 2.2142
v 0.5706 0.8656 2.2980
v 0.5692 0.8646 1.7959
v 0.5707 0.9400 2.0150
v 0.5703 0.9158 1.8336
v 0.5766 0.8832 1.8006
v 0.5707 0.8361 2.3461
v 0.5704 0.8185 1.7949
v 0.5704 0.8001 2.3462
v 0.5704 0.8001 2.3465
v 0.5699 0.7594 2.3460
v 0.5699 0.7594 2.3463
v 0.5707 0.8462 2.3447
v 0.5681 0.8005 2.3462
v 0.5646 0.7153 1.8085
v 0.5716 0.8651 2.3199
v 0.5693 0.8003 2.3462
v 0.5637 0.7422 2.3462
v 0.5687 0.7598 2.3460
v 0.5687 0.7598 2.3463
v 0.5686 0.8670 2.2741
v 0.5686 0.8462 2.3447
v 0.5651 0.8883 2.2270
v 0.5707 0.8746 2.2441
v 0.5681 0.8636 2.3273
v 0.5677 0.9355 1.9355
v 0.5677 0.8646 1.7959
v 0.5677 0.9423 2.1063
v 0.5677 0.9401 2.1881
v 0.5677 0.9400 2.0150
v 0.5674 0.7601 2.3460
v 0.5674 0.7601 2.3463
v 0.5639 0.7344 1.8017
v 0.5665 0.7217 2.3459
v 0.5665 0.7217 2.3462
v 0.5687 0.7744 1.7961
v 0.5661 0.8689 2.2634
v 0.5652 0.7223 2.3459
v 0.5652 0.7223 2.3462
v 0.5679 0.8904 2.2229
v 0.5588 0.7182 2.1980
v 0.5648 0.9412 2.0607
v 0.5585 0.7362 1.8012
v 0.5648 0.9158 1.8336
v 0.5663 0.9006 1.8112
v 0.5648 0.8832 1.8006
v 0.5639 0.7229 2.3459
v 0.5639 0.7229 2.3462
v 0.5626 0.7234 2.3459
v 0.5626 0.7234 2.3462
v 0.5012 0.6227 2.3454
v 0.5573 0.6897 2.3458
v 0.5559 0.6904 2.3458
v 0.5559 0.6904 2.3460
v 0.5559 0.6997 1.8142
v 0.5546 0.6911 2.3458
v 0.5546 0.6911 2.3460
v 0.5532 0.6917 2.3458
v 0.5532 0.6917 2.3460
v 0.5592 0.7473 1.8016
v 0.5451 0.6705 1.8351
v 0.5427 0.6638 2.3457
v 0.5412 0.6724 1.8345
v 0.5401 0.6652 2.3457
v 0.5573 0.6897 2.3460
v 0.5374 0.6743 1.8339
v 0.5519 0.6924 2.3458
v 0.5393 0.6656 2.3459
v 0.5220 0.6432 2.3456
v 0.4912 0.5682 1.9214
v 0.5033 0.6216 1.8881
v 0.5050 0.6207 2.3454
v 0.5037 0.6214 2.3454
v 0.5025 0.6220 2.3454
v 0.5011 0.6224 1.8880
v 0.4890 0.5849 1.9159
v 0.4889 0.5962 2.3451
v 0.4877 0.5968 2.3451
v 0.4865 0.5974 2.3451
v 0.4854 0.5980 2.3451
v 0.4851 0.5867 1.9153
v 0.4841 0.5808 2.3449
v 0.4772 0.5666 2.3447
v 0.4761 0.5671 2.3447
v 0.4750 0.5676 2.3447
v 0.4740 0.5680 2.3447
v 0.4761 0.5378 1.9395
v 0.4711 0.4791 1.9603
v 0.4708 0.5399 1.9389
v 0.4693 0.5325 2.3441
v 0.4683 0.4799 1.9601
v 0.4683 0.5328 2.3441
v 0.4674 0.5332 2.3441
v 0.4664 0.5335 2.3441
v 0.4617 0.3717 2.0074
v 0.4661 0.4173 1.9799
v 0.4656 0.4807 1.9599
v 0.4651 0.3829 2.1098
v 0.4651 0.4189 2.2235
v 0.4640 0.4954 2.3435
v 0.4633 0.4178 1.9798
v 0.4631 0.4956 2.3434
v 0.4624 0.4425 2.2980
v 0.4629 0.4815 1.9597
v 0.4581 0.4370 2.0489
v 0.4623 0.4958 2.3434
v 0.4616 0.4285 2.2533
v 0.4614 0.4960 2.3434
v 0.4611 0.4379 2.2831
v 0.4606 0.4473 2.3129
v 0.4604 0.4183 1.9797
v 0.4652 0.3674 2.0541
v 0.4676 0.5136 2.3438
v 0.4600 0.4568 2.3427
v 0.4590 0.3677 2.0565
v 0.4592 0.4568 2.3427
v 0.4592 0.4474 2.3129
v 0.4592 0.4286 2.2533
v 0.4592 0.4192 2.2233
v 0.4592 0.4380 2.2831
v 0.4584 0.4569 2.3427
v 0.4560 0.4429 2.2979
v 0.4579 0.4475 2.3129
v 0.4576 0.4569 2.3427
v 0.4652 0.5332 2.1964
v 0.4576 0.4188 1.9796
v 0.4573 0.4381 2.2831
v 0.4568 0.4287 2.2532
v 0.4544 0.4289 2.2532
v 0.4534 0.3681 2.0541
v 0.4533 0.3835 2.1097
v 0.4533 0.4195 2.2233
v 0.4933 0.6104 2.3453
v -0.4533 0.4195 2.2233
v -0.4533 0.3835 2.1097
v -0.4534 0.3681 2.0541
v -0.4544 0.4289 2.2532
v -0.4560 0.4429 2.2979
v -0.4592 0.4192 2.2233
v -0.4568 0.4287 2.2532
v -0.4573 0.4381 2.2831
v -0.4576 0.4188 1.9796
v -0.4576 0.4569 2.3427
v -0.4579 0.4475 2.3129
v -0.4736 0.5812 2.2204
v -0.4584 0.4569 2.3427
v -0.4592 0.4474 2.3129
v -0.4592 0.4568 2.3427
v -0.4592 0.4380 2.2831
v -0.4592 0.4286 2.2533
v -0.4600 0.4568 2.3427
v -0.4625 0.3716 2.0074
v -0.4604 0.4183 1.9797
v -0.4606 0.4473 2.3129
v -0.4608 0.4567 2.3428
v -0.4611 0.4379 2.2831
v -0.4614 0.4960 2.3434
v -0.4616 0.4285 2.2533
v -0.4624 0.4425 2.2980
v -0.4623 0.4958 2.3434
v -0.4590 0.3677 2.0565
v -0.4629 0.4815 1.9597
v -0.4631 0.4956 2.3434
v -0.4633 0.4178 1.9798
v -0.4640 0.4954 2.3435
v -0.4651 0.4189 2.2235
v -0.4651 0.3829 2.1098
v -0.4652 0.3674 2.0541
v -0.4656 0.4807 1.9599
v -0.4661 0.4173 1.9799
v -0.4586 0.4671 2.2836
v -0.4664 0.5335 2.3441
v -0.4674 0.5332 2.3441
v -0.4683 0.4799 1.9601
v -0.4683 0.5328 2.3441
v -0.4872 0.5594 1.9282
v -0.4693 0.5325 2.3441
v -0.4676 0.5136 2.3438
v -0.5383 0.7092 1.8317
v -0.4708 0.5399 1.9389
v -0.4711 0.4791 1.9603
v -0.4761 0.5378 1.9395
v -0.4740 0.5680 2.3447
v -0.4750 0.5676 2.3447
v -0.4761 0.5671 2.3447
v -0.4772 0.5666 2.3447
v -0.4877 0.5855 1.9157
v -0.4854 0.5980 2.3451
v -0.4865 0.5974 2.3451
v -0.4877 0.5968 2.3451
v -0.4889 0.5962 2.3451
v -0.4825 0.5879 1.9150
v -0.5037 0.6210 1.8884
v -0.5012 0.6227 2.3454
v -0.5025 0.6220 2.3454
v -0.5037 0.6214 2.3454
v -0.5050 0.6207 2.3454
v -0.5451 0.6705 1.8351
v -0.5169 0.6511 1.8594
v -0.5221 0.6431 2.3456
v -0.5416 0.6723 1.8345
v -0.4952 0.6004 2.3452
v -0.5404 0.6649 2.3457
v -0.5406 0.6649 2.3459
v -0.5427 0.6638 2.3457
v -0.5420 0.6891 1.8234
v -0.5613 0.7224 2.2885
v -0.5637 0.7422 2.3462
v -0.5546 0.7003 1.8140
v -0.5532 0.6917 2.3458
v -0.5532 0.6917 2.3460
v -0.5546 0.6911 2.3458
v -0.5546 0.6911 2.3460
v -0.5560 0.6904 2.3458
v -0.5560 0.6904 2.3460
v -0.5573 0.6897 2.3458
v -0.5573 0.6897 2.3460
v -0.5599 0.6980 1.8147
v -0.5646 0.7341 1.8018
v -0.5598 0.7358 1.8013
v -0.5626 0.7234 2.3459
v -0.5626 0.7234 2.3462
v -0.5639 0.7229 2.3459
v -0.5639 0.7229 2.3462
v -0.5648 0.8832 1.8006
v -0.5648 0.8739 1.7982
v -0.5648 0.9412 2.0607
v -0.5652 0.8844 2.2291
v -0.5648 0.9217 1.8537
v -0.5649 0.9060 2.2142
v -0.5649 0.8232 1.8457
v -0.5652 0.7223 2.3459
v -0.5652 0.7223 2.3462
v -0.5653 0.8784 2.2354
v -0.5687 0.7744 1.7961
v -0.5249 0.6593 2.3455
v -0.5665 0.7217 2.3459
v -0.5665 0.7217 2.3462
v -0.5665 0.8670 2.2741
v -0.5674 0.7601 2.3460
v -0.5674 0.7601 2.3463
v -0.5706 0.8646 1.7959
v -0.5709 0.8832 1.8006
v -0.5707 0.9006 1.8112
v -0.5677 0.9355 1.9355
v -0.5677 0.9401 2.1881
v -0.5677 0.9423 2.1063
v -0.5677 0.9400 2.0150
v -0.5714 0.9242 2.2082
v -0.5716 0.9060 2.2142
v -0.5761 0.8784 2.2354
v -0.5680 0.8644 2.3236
v -0.5686 0.8462 2.3447
v -0.5707 0.8746 2.2441
v -0.5684 0.8569 2.3381
v -0.5686 0.8670 2.2741
v -0.5687 0.7598 2.3460
v -0.5687 0.7598 2.3463
v -0.5693 0.8003 2.3462
v -0.5742 0.7731 1.7965
v -0.5704 0.8501 2.3428
v -0.5696 0.8361 2.3461
v -0.5699 0.7594 2.3460
v -0.5699 0.7594 2.3463
v -0.5704 0.8001 2.3462
v -0.5704 0.8001 2.3465
v -0.5707 0.8361 2.3461
v -0.5709 0.8537 2.3407
v -0.5683 0.8596 2.3349
v -0.5712 0.8636 2.3273
v -0.5707 0.9355 1.9355
v -0.5707 0.9400 2.0150
v -0.5707 0.9401 2.1881
v -0.5707 0.9423 2.1063
v -0.5712 0.7590 2.3460
v -0.5712 0.7590 2.3463
v -0.5716 0.7999 2.3462
v -0.5716 0.7999 2.3465
v -0.5707 0.8462 2.3447
v -0.5718 0.8360 2.3461
v -0.5701 0.8601 2.3341
v -0.5718 0.8617 2.3313
v -0.5713 0.8651 2.3199
v -0.5710 0.8656 2.2980
v -0.5728 0.7997 2.3462
v -0.5728 0.7997 2.3465
v -0.5728 0.8462 2.3447
v -0.5728 0.8360 2.3461
v -0.5729 0.8537 2.3407
v -0.5731 0.8596 2.3349
v -0.5704 0.8185 1.7949
v -0.5707 0.8904 2.2229
v -0.5722 0.9006 1.8112
v -0.5693 0.9158 1.8336
v -0.5694 0.9277 1.8738
v -0.5736 0.9355 1.9355
v -0.5736 0.9400 2.0150
v -0.5736 0.9423 2.1063
v -0.5733 0.8636 2.3273
v -0.5766 0.8739 1.7982
v -0.5765 0.9060 2.2142
v -0.5766 0.9158 1.8336
v -0.5766 0.9277 1.8738
v -0.5766 0.9355 1.9355
v -0.5766 0.9423 2.1063
v -0.5766 0.9400 2.0150
v -0.3279 0.4895 -1.8707
v -0.3060 0.4846 -1.8852
v -0.3279 0.4743 -1.9860
v -0.3309 0.4812 -1.9930
v -0.3279 0.4795 -1.9949
v -0.3309 0.4934 -1.8664
v -0.3279 0.4934 -1.8625
v -0.3309 0.5129 -1.9922
v -0.3279 0.5198 -1.9850
v -0.3279 0.5146 -1.9940
v -0.3204 0.4789 -1.9957
v -0.3279 0.4875 -2.0002
v -0.3204 0.4872 -2.0011
v -0.3319 0.4990 -1.9110
v -0.3318 0.5022 -1.8895
v -0.3317 0.4990 -1.8792
v -0.3316 0.5073 -1.8942
v -0.3053 0.5127 -1.9023
v -0.2322 0.5220 -1.9398
v -0.2542 0.5238 -1.9576
v -0.2204 0.5007 -1.8608
v -0.3060 0.4934 -1.8609
v -0.2781 0.4893 -1.8694
v -0.2204 0.4934 -1.8609
v -0.1844 0.4893 -1.8694
v -0.1844 0.4934 -1.8609
v -0.2204 0.4971 -1.8580
v -0.1844 0.4971 -1.8580
v -0.1844 0.5007 -1.8608
v -0.2320 0.5187 -1.9204
v -0.2599 0.5143 -1.9009
v -0.2466 0.5094 -1.8832
v -0.2204 0.5048 -1.8693
v -0.1844 0.5157 -1.9115
v -0.2204 0.4721 -1.9402
v -0.1844 0.4721 -1.9402
v -0.2688 0.4712 -1.9492
v -0.2024 0.4823 -1.8922
v -0.2726 0.4847 -1.8833
v -0.2632 0.4738 -1.9304
v -0.3280 0.4764 -1.9206
v -0.3310 0.4785 -1.9207
v -0.3310 0.4756 -1.9402
v -0.3309 0.4766 -1.9850
v -0.3316 0.4811 -1.9842
v -0.3315 0.4833 -1.9906
v -0.3309 0.4898 -1.8735
v -0.3309 0.5175 -1.9841
v -0.2204 0.4893 -1.8694
v 0.3168 0.4800 -1.9059
v 0.3279 0.4743 -1.9860
v 0.3279 0.4795 -1.9949
v 0.3309 0.4812 -1.9930
v 0.3204 0.5007 -1.8611
v 0.3204 0.4971 -1.8582
v 0.3279 0.4971 -1.8598
v 0.3060 0.4934 -1.8609
v 0.3279 0.5198 -1.9850
v 0.3204 0.5207 -1.9854
v 0.3204 0.5234 -1.9729
v 0.3279 0.5224 -1.9728
v 0.3204 0.5236 -1.9576
v 0.3279 0.4875 -2.0002
v 0.3204 0.4872 -2.0011
v 0.3204 0.4971 -2.0027
v 0.3279 0.4971 -2.0017
v 0.3309 0.4971 -1.9990
v 0.3204 0.4789 -1.9957
v 0.3309 0.4883 -1.9976
v 0.3316 0.4889 -1.9927
v 0.3309 0.5058 -1.9971
v 0.3279 0.5066 -1.9996
v 0.3279 0.5146 -1.9940
v 0.3060 0.4871 -2.0013
v 0.3060 0.4971 -2.0029
v 0.3319 0.4971 -1.9578
v 0.3318 0.5027 -1.9816
v 0.3318 0.5035 -1.9016
v 0.3319 0.5010 -1.9205
v 0.3317 0.4827 -1.9207
v 0.3316 0.4971 -1.8720
v 0.3316 0.5073 -1.8942
v 0.2688 0.5238 -1.9576
v 0.2337 0.5220 -1.9398
v 0.1844 0.5220 -1.9398
v 0.2835 0.4893 -1.8694
v 0.2283 0.4893 -1.8694
v 0.2204 0.5187 -1.9204
v 0.2344 0.5143 -1.9009
v 0.2629 0.5094 -1.8832
v 0.2542 0.5048 -1.8693
v 0.3060 0.4704 -1.9582
v 0.2204 0.4721 -1.9402
v 0.2727 0.4847 -1.8833
v 0.1844 0.4721 -1.9402
v 0.3280 0.4764 -1.9206
v 0.3310 0.4756 -1.9402
v 0.3310 0.4785 -1.9207
v 0.3309 0.4766 -1.9850
v 0.3310 0.5185 -1.9398
v 0.3279 0.5178 -1.9204
v 0.3310 0.5156 -1.9205
v 0.3279 0.5007 -1.8625
v 0.3309 0.4971 -1.8639
v 0.3279 0.4934 -1.8625
v 0.3309 0.4934 -1.8664
v 0.3060 0.4788 -1.9958
v 0.3309 0.5129 -1.9922
v 0.3279 0.5091 -1.8840
v 0.2035 0.0335 0.7386
v -0.1794 0.4803 0.9891
v -0.1879 0.4638 1.1841
v -0.2219 0.0535 1.0055
v -0.0029 0.4810 2.3049
v -0.0003 0.2726 2.2658
v 0.0004 0.0250 1.7808
v -0.0788 0.4787 1.9145
v -0.0719 0.3942 1.9432
v -0.2079 0.2155 1.2377
v -0.0534 0.2879 2.3049
v -0.0801 0.0641 1.7981
v 0.0600 0.4656 2.1463
v -0.0404 0.2820 2.3086
v -0.0000 0.5023 2.0639
v 0.0875 0.4876 1.7089
v 0.1677 0.4782 1.2395
v 0.0548 0.4797 2.1558
v 0.0722 0.1307 1.9421
v 0.2221 0.2248 1.2362
v 0.1981 0.4562 1.0866
v 0.0984 0.0593 1.6795
v 0.0534 0.2879 2.3049
v 0.1055 0.4671 1.6482
v 0.0570 0.3899 2.3866
v 0.0572 0.2979 2.2987
v 0.0605 0.2345 2.1459
v 0.0747 0.0823 1.8563
v 0.1040 0.0429 1.6201
v 0.2219 0.0535 1.0055
v 0.0801 0.0641 1.7981
v 0.0535 0.2853 2.3027
v -0.2678 0.4207 2.1051
v -0.1655 0.4217 2.0997
v -0.2485 0.4192 2.1080
v -0.1054 0.4183 2.1060
v -0.2217 0.4191 2.1080
v -0.1647 0.4202 2.1060
v -0.1350 0.4191 2.1080
v -0.1054 0.4202 2.1060
v -0.2135 0.4130 2.0421
v -0.0450 0.4183 2.1060
v -0.0449 0.4202 2.1060
v -0.0482 0.4286 2.0617
v -0.2752 0.4192 2.1080
v -0.2385 0.4284 2.0609
v -0.0513 0.4114 2.0204
v -0.4560 0.4281 2.0091
v -0.3007 0.4373 2.0130
v -0.3041 0.4217 2.0083
v -0.3245 0.4193 2.1080
v -0.3805 0.4206 2.1060
v -0.3703 0.4194 2.1080
v -0.3920 0.4195 2.1080
v -0.3554 0.4185 2.1061
v -0.4560 0.4121 2.0203
v -0.2843 0.4325 2.0092
v -0.0521 0.4324 2.0093
v -0.0521 0.4188 2.0097
v -0.3572 0.4139 2.0138
v -0.2992 0.4388 2.0214
v -0.0514 0.4385 2.0195
v -0.3669 0.4382 2.0162
v 0.2138 0.4130 2.0421
v 0.1350 0.4191 2.1080
v 0.1054 0.4183 2.1060
v 0.1487 0.4202 2.1060
v 0.0513 0.4114 2.0204
v 0.0450 0.4183 2.1060
v 0.0449 0.4202 2.1060
v 0.1783 0.4191 2.1080
v 0.2696 0.4358 2.0320
v 0.2752 0.4192 2.1080
v 0.4560 0.4121 2.0203
v 0.3038 0.4217 2.0083
v 0.3572 0.4139 2.0138
v 0.4560 0.4195 2.0097
v 0.2841 0.4325 2.0092
v 0.4560 0.4332 2.0092
v 0.3245 0.4193 2.1080
v 0.3702 0.4206 2.1060
v 0.3245 0.4204 2.1060
v 0.3920 0.4195 2.1080
v 0.4137 0.4207 2.1060
v 0.3554 0.4185 2.1061
v 0.3351 0.4194 2.1080
v 0.4559 0.4209 2.1060
v 0.4560 0.4198 2.1080
v 0.4560 0.4392 2.0194
v 0.2502 0.4372 2.0130
v 0.0521 0.4324 2.0093
v 0.0521 0.4188 2.0097
v 0.0514 0.4385 2.0195
v -0.0555 0.8934 1.7299
v -0.0418 0.8933 1.7280
v -0.0374 0.8614 1.6982
v -0.0510 0.5746 1.7908
v -0.0518 0.6482 1.7895
v -0.0518 0.5746 1.7929
v -0.0525 0.5746 1.7907
v -0.0545 0.8522 1.8538
v -0.0510 0.4965 1.7945
v -0.0525 0.4965 1.7944
v -0.0529 0.8683 1.6967
v -0.0449 0.7475 1.6855
v -0.0469 0.8383 1.6803
v -0.0572 0.8242 1.6889
v -0.0374 0.9243 1.7430
v -0.0470 0.9046 1.7098
v -0.0572 0.8916 1.7083
v -0.0492 0.8296 1.9049
v -0.0470 0.8461 1.9067
v -0.0413 0.8509 1.9045
v -0.0529 0.8931 1.8934
v -0.0470 0.8820 1.9007
v -0.0411 0.8866 1.8535
v -0.0518 0.8267 1.7869
v -0.0567 0.9111 1.8303
v -0.0529 0.9362 1.7738
v -0.0374 0.9004 1.8836
v 0.0568 0.8118 1.6975
v 0.0572 0.8242 1.6889
v 0.0469 0.8383 1.6803
v 0.0413 0.8235 1.6876
v 0.0525 0.5746 1.7907
v 0.0518 0.6482 1.7895
v 0.0518 0.5746 1.7929
v 0.0525 0.6483 1.7874
v 0.0518 0.7126 1.7868
v 0.0525 0.7550 1.7831
v 0.0525 0.4965 1.7944
v 0.0518 0.8300 1.7927
v 0.0529 0.7964 1.6846
v 0.0470 0.9046 1.7098
v 0.0379 0.9011 1.7190
v 0.0550 0.9171 1.8029
v 0.0529 0.8659 1.9021
v 0.0470 0.8461 1.9067
v 0.0456 0.8084 1.9051
v 0.0470 0.8820 1.9007
v 0.0518 0.8316 1.8049
v 0.0478 0.8956 1.7858
v 0.0393 0.9165 1.8169
v 0.0572 0.9007 1.8838
v 0.0550 0.9322 1.7700
v 0.0049 0.8118 1.8673
v 0.0049 0.7964 1.8673
v 0.0083 0.8324 1.8566
v 0.0068 0.8388 1.8614
v 0.0032 0.8388 1.8742
v 0.0037 0.8316 1.8736
v 0.0049 0.7805 1.8673
v 0.0068 0.8041 1.8614
v -0.0049 0.7964 1.8670
v -0.0068 0.8118 1.8609
v -0.0049 0.7805 1.8670
v -0.0083 0.8189 1.8560
v -0.0013 0.8077 1.8960
v -0.0034 0.8284 1.8747
v -0.0011 0.7964 1.9018
v -0.0013 0.8261 1.8963
v -0.0015 0.8388 1.8894
v -0.0041 0.8041 1.8705
v 0.0020 0.8057 1.8837
v -0.0000 0.8261 1.9078
v -0.0009 0.8118 1.9053
v -0.0011 0.7805 1.9018
v -0.0022 0.8776 1.8817
v 0.0034 0.8860 1.8808
v 0.0045 0.8894 1.8881
v 0.0028 0.8860 1.8889
v -0.0004 0.8821 1.9078
v -0.0012 0.8860 1.9074
v -0.0008 0.8821 1.9071
v -0.0000 0.8776 1.9078
v -0.0003 0.8723 1.9077
v -0.0000 0.8723 1.9078
v -0.0000 0.8821 1.9079
v -0.0003 0.8776 1.9077
v -0.0000 0.8860 1.9082
v -0.0000 0.8894 1.9088
v -0.0006 0.8860 1.9081
v -0.0011 0.8894 1.9086
v -0.0006 0.8723 1.9070
v 0.0031 0.8776 1.8488
v 0.0060 0.8821 1.8481
v 0.0059 0.8776 1.8493
v 0.0085 0.8860 1.8462
v 0.0081 0.8821 1.8494
v 0.0107 0.8894 1.8431
v 0.0096 0.8860 1.8488
v 0.0090 0.8821 1.8517
v 0.0059 0.8723 1.8495
v 0.0079 0.8776 1.8505
v 0.0079 0.8723 1.8507
v -0.0050 0.8776 1.8669
v 0.0146 0.8964 1.8234
v 0.0176 0.9021 1.8211
v 0.0151 0.8964 1.8306
v 0.0090 0.8964 1.8165
v 0.0141 0.9021 1.8073
v 0.0125 0.8964 1.8189
v 0.0053 0.9021 1.8034
v 0.0111 0.9107 1.7945
v 0.0102 0.9021 1.8045
v 0.0155 0.9107 1.7977
v 0.0094 0.8894 1.8401
v 0.0125 0.8925 1.8342
v -0.0000 0.8924 1.9098
v -0.0000 0.8949 1.9119
v -0.0018 0.8924 1.9097
v -0.0021 0.8894 1.9079
v 0.0061 0.9228 1.7871
v 0.0119 0.9365 1.7863
v 0.0117 0.9228 1.7884
v 0.0062 0.9367 1.7851
v 0.0118 0.9498 1.7885
v 0.0062 0.9503 1.7873
v 0.0115 0.9605 1.7948
v 0.0156 0.9582 1.7969
v 0.0162 0.9486 1.7915
v 0.0164 0.9227 1.7917
v 0.0197 0.9359 1.7961
v 0.0195 0.9227 1.7981
v 0.0185 0.9107 1.8037
v 0.0058 0.9107 1.7933
v -0.0191 0.9478 1.7968
v 0.0189 0.9227 1.8595
v 0.0180 0.9299 1.9036
v 0.0188 0.9202 1.8493
v 0.0093 0.9723 1.9407
v 0.0133 0.9686 1.9273
v 0.0093 0.9723 1.9273
v 0.0103 0.9721 1.8342
v 0.0181 0.9352 1.9472
v 0.0178 0.9501 1.9676
v -0.0068 0.8586 1.8609
v -0.0068 0.8496 1.8609
v -0.0049 0.8586 1.8670
v -0.0083 0.8660 1.8560
v -0.0032 0.8586 1.8740
v -0.0032 0.8660 1.8740
v 0.0049 0.8586 1.8673
v 0.0049 0.8496 1.8673
v 0.0049 0.8660 1.8673
v 0.0083 0.8541 1.8566
v 0.0049 0.8723 1.8673
v 0.0032 0.8586 1.8742
v 0.0032 0.8496 1.8742
v -0.0006 0.8496 1.9070
v -0.0006 0.8586 1.9070
v -0.0009 0.8442 1.9053
v -0.0000 0.8496 1.9078
v -0.0003 0.8388 1.9077
v -0.0006 0.8660 1.9070
v -0.0003 0.8660 1.9077
v 0.0021 0.8496 1.8818
v 0.0015 0.8586 1.8895
v 0.0015 0.8496 1.8895
v 0.0021 0.8586 1.8818
v 0.0013 0.8586 1.8964
v 0.0013 0.8496 1.8964
v 0.0015 0.8763 1.8944
v 0.0009 0.8541 1.9053
v -0.0013 0.8496 1.8963
v -0.0015 0.8586 1.8894
v -0.0015 0.8496 1.8894
v -0.0013 0.8586 1.8963
v -0.0015 0.8660 1.8894
v -0.0021 0.8496 1.8817
v -0.0013 0.8660 1.8963
v -0.0088 0.8496 1.8524
v -0.0079 0.8586 1.8502
v -0.0079 0.8496 1.8502
v -0.0031 0.8660 1.8487
v -0.0000 0.8723 1.8488
v -0.0000 0.8660 1.8488
v 0.0133 0.9686 1.9128
v -0.0146 0.9685 1.8340
v -0.0107 0.9708 1.8184
v -0.0151 0.9673 1.8187
v -0.0103 0.9721 1.8340
v -0.0056 0.9721 1.8182
v -0.0166 0.9362 1.7893
v -0.0117 0.9228 1.7881
v -0.0164 0.9227 1.7914
v -0.0195 0.9227 1.7977
v -0.0155 0.9107 1.7973
v -0.0185 0.9107 1.8033
v -0.0156 0.9582 1.7967
v -0.0118 0.9498 1.7882
v -0.0162 0.9486 1.7912
v -0.0141 0.9021 1.8069
v -0.0091 0.8964 1.8162
v -0.0125 0.8964 1.8184
v -0.0167 0.9021 1.8122
v -0.0102 0.9021 1.8042
v -0.0081 0.8821 1.8488
v -0.0059 0.8776 1.8489
v -0.0079 0.8776 1.8500
v -0.0085 0.8860 1.8457
v -0.0060 0.8821 1.8477
v -0.0032 0.8776 1.8486
v -0.0063 0.8860 1.8445
v -0.0032 0.8821 1.8474
v -0.0107 0.8894 1.8426
v -0.0096 0.8860 1.8482
v -0.0094 0.8894 1.8396
v -0.0070 0.8894 1.8381
v -0.0034 0.8860 1.8441
v -0.0000 0.8860 1.8441
v -0.0000 0.8821 1.8474
v -0.0031 0.8723 1.8487
v -0.0000 0.8776 1.8486
v -0.0031 0.7964 1.8487
v -0.0059 0.7805 1.8491
v -0.0031 0.7805 1.8487
v -0.0000 0.8388 1.9078
v 0.0092 0.9013 1.9417
v 0.0045 0.8995 1.9311
v 0.0089 0.9006 1.9307
v 0.0034 0.8924 1.9089
v 0.0026 0.8949 1.9118
v 0.0018 0.8924 1.9097
v 0.0011 0.8894 1.9087
v 0.0021 0.8894 1.9079
v 0.0008 0.8821 1.9072
v 0.0006 0.8860 1.9081
v 0.0004 0.8821 1.9078
v 0.0003 0.8776 1.9077
v 0.0047 0.9725 1.9710
v 0.0092 0.9717 1.9675
v 0.0047 0.9730 1.9675
v 0.0046 0.9717 1.9725
v 0.0090 0.9712 1.9710
v 0.0130 0.9681 1.9675
v 0.0089 0.9705 1.9726
v 0.0128 0.9676 1.9710
v -0.0000 0.9727 1.9709
v -0.0000 0.9719 1.9725
v 0.0044 0.9707 1.9729
v 0.0086 0.9695 1.9729
v 0.0126 0.9670 1.9726
v 0.0122 0.9661 1.9730
v 0.0154 0.9602 1.9726
v 0.0157 0.9607 1.9710
v 0.0184 0.9369 1.9676
v 0.0150 0.9596 1.9730
v 0.0171 0.9497 1.9726
v 0.0177 0.9369 1.9726
v 0.0166 0.9245 1.9730
v 0.0171 0.9241 1.9726
v 0.0150 0.9142 1.9730
v 0.0154 0.9136 1.9726
v 0.0186 0.9369 1.9597
v -0.0130 0.9681 1.9674
v -0.0091 0.9712 1.9709
v -0.0092 0.9717 1.9674
v -0.0128 0.9677 1.9709
v -0.0089 0.9705 1.9725
v -0.0046 0.9718 1.9725
v -0.0047 0.9725 1.9709
v -0.0154 0.9603 1.9724
v -0.0122 0.9662 1.9728
v -0.0126 0.9670 1.9724
v -0.0086 0.9695 1.9728
v -0.0044 0.9707 1.9729
v 0.0122 0.9077 1.9730
v 0.0126 0.9068 1.9726
v 0.0086 0.9043 1.9729
v 0.0089 0.9034 1.9726
v 0.0044 0.9031 1.9729
v 0.0046 0.9021 1.9725
v -0.0000 0.9019 1.9725
v 0.0093 0.9019 1.9615
v 0.0047 0.9009 1.9675
v 0.0048 0.9005 1.9614
v -0.0184 0.9369 1.9673
v -0.0181 0.9369 1.9708
v -0.0150 0.9143 1.9728
v -0.0172 0.9242 1.9724
v -0.0154 0.9136 1.9724
v -0.0172 0.9497 1.9724
v -0.0150 0.9596 1.9728
v -0.0044 0.9031 1.9729
v -0.0089 0.9034 1.9725
v -0.0046 0.9021 1.9725
v -0.0086 0.9044 1.9728
v -0.0126 0.9069 1.9724
v -0.0122 0.9077 1.9728
v -0.0117 0.9650 1.9725
v -0.0079 0.9669 1.9714
v -0.0083 0.9683 1.9725
v -0.0041 0.9680 1.9715
v -0.0043 0.9695 1.9726
v -0.0039 0.9667 1.9693
v -0.0144 0.9587 1.9725
v -0.0112 0.9638 1.9714
v -0.0138 0.9578 1.9714
v -0.0107 0.9626 1.9693
v -0.0073 0.9645 1.9658
v -0.0076 0.9656 1.9693
v -0.0000 0.9696 1.9726
v 0.0079 0.9669 1.9715
v 0.0117 0.9650 1.9727
v 0.0083 0.9682 1.9726
v -0.0000 0.9709 1.9729
v 0.0043 0.9694 1.9726
v 0.0041 0.9680 1.9715
v -0.0144 0.9151 1.9725
v -0.0167 0.9246 1.9728
v -0.0138 0.9161 1.9714
v -0.0160 0.9250 1.9725
v -0.0172 0.9369 1.9728
v -0.0160 0.9489 1.9725
v -0.0167 0.9493 1.9728
v -0.0039 0.9072 1.9693
v -0.0079 0.9070 1.9714
v -0.0041 0.9058 1.9715
v -0.0117 0.9088 1.9725
v -0.0083 0.9056 1.9725
v -0.0000 0.9042 1.9726
v -0.0043 0.9044 1.9726
v -0.0000 0.9057 1.9715
v -0.0000 0.9070 1.9694
v -0.0038 0.9083 1.9659
v -0.0112 0.9101 1.9714
v 0.0117 0.9088 1.9727
v 0.0079 0.9069 1.9715
v 0.0083 0.9056 1.9726
v 0.0112 0.9100 1.9716
v 0.0076 0.9083 1.9694
v 0.0144 0.9151 1.9727
v 0.0138 0.9161 1.9716
v 0.0107 0.9112 1.9694
v 0.0132 0.9170 1.9694
v 0.0103 0.9122 1.9660
v 0.0038 0.9083 1.9659
v 0.0039 0.9072 1.9694
v 0.0041 0.9058 1.9715
v 0.0043 0.9044 1.9726
v -0.0000 0.9029 1.9729
v 0.0153 0.9255 1.9716
v 0.0144 0.9587 1.9727
v 0.0166 0.9493 1.9730
v 0.0160 0.9250 1.9727
v 0.0172 0.9369 1.9730
v 0.0160 0.9488 1.9727
v -0.0000 0.9657 1.9659
v 0.0037 0.9648 1.9611
v 0.0038 0.9656 1.9659
v 0.0031 0.9616 1.9507
v 0.0049 0.9555 1.9463
v 0.0071 0.9637 1.9611
v 0.0103 0.9617 1.9660
v 0.0073 0.9645 1.9659
v -0.0035 0.9102 1.9556
v -0.0071 0.9101 1.9610
v -0.0037 0.9091 1.9610
v -0.0068 0.9114 1.9555
v -0.0101 0.9129 1.9610
v -0.0000 0.9089 1.9611
v -0.0000 0.9081 1.9659
v -0.0000 0.9117 1.9510
v -0.0000 0.9099 1.9557
v -0.0049 0.9183 1.9462
v -0.0088 0.9165 1.9506
v -0.0061 0.9138 1.9504
v -0.0078 0.9209 1.9468
v -0.0109 0.9210 1.9509
v -0.0103 0.9122 1.9658
v -0.0073 0.9093 1.9658
v 0.0035 0.9102 1.9557
v 0.0068 0.9113 1.9556
v 0.0031 0.9122 1.9507
v 0.0118 0.9192 1.9558
v 0.0088 0.9165 1.9507
v 0.0096 0.9141 1.9557
v 0.0109 0.9210 1.9510
v 0.0078 0.9209 1.9469
v 0.0049 0.9183 1.9463
v 0.0061 0.9138 1.9504
v 0.0021 0.9157 1.9468
v -0.0109 0.9529 1.9509
v -0.0078 0.9530 1.9468
v -0.0088 0.9574 1.9506
v 0.0030 0.9255 1.9437
v -0.0030 0.9484 1.9436
v 0.0030 0.9484 1.9437
v -0.0000 0.9533 1.9445
v -0.0099 0.9288 1.9468
v -0.0061 0.9369 1.9436
v -0.0098 0.9369 1.9462
v -0.0021 0.9157 1.9468
v -0.0000 0.9139 1.9479
v -0.0000 0.9205 1.9445
v 0.0097 0.9231 1.9480
v 0.0067 0.9280 1.9445
v 0.0097 0.9507 1.9480
v 0.0067 0.9459 1.9445
v 0.0098 0.9451 1.9469
v -0.0021 0.9582 1.9468
v 0.0021 0.9582 1.9468
v -0.0000 0.9599 1.9479
v -0.0049 0.9555 1.9462
v -0.0097 0.9507 1.9478
v -0.0067 0.9459 1.9444
v -0.0003 0.7964 1.9077
v -0.0000 0.8118 1.9078
v -0.0003 0.8118 1.9077
v -0.0003 0.8261 1.9077
v 0.0032 0.8821 1.8476
v 0.0063 0.8860 1.8448
v 0.0034 0.8860 1.8443
v 0.0037 0.8894 1.8378
v 0.0069 0.8894 1.8385
v 0.0167 0.9021 1.8126
v 0.0197 0.9107 1.8132
v -0.0000 0.8925 1.8276
v -0.0000 0.8964 1.8154
v 0.0047 0.8964 1.8156
v -0.0120 0.9003 1.9063
v -0.0026 0.8949 1.9117
v -0.0050 0.8951 1.9108
v -0.0034 0.8924 1.9088
v -0.0072 0.8954 1.9084
v -0.0097 0.8987 1.9120
v 0.0188 0.9486 1.8628
v 0.0139 0.9687 1.8507
v 0.0146 0.9685 1.8343
v -0.0169 0.9181 1.9643
v -0.0181 0.9436 1.9643
v -0.0003 0.8586 1.9077
v -0.0003 0.8496 1.9077
v -0.0088 0.8586 1.8524
v -0.0053 0.9735 1.8340
v -0.0000 0.9737 1.8341
v -0.0000 0.9723 1.8183
v -0.0119 0.9365 1.7861
v -0.0062 0.9367 1.7849
v -0.0061 0.9228 1.7870
v -0.0197 0.9359 1.7957
v -0.0115 0.9605 1.7945
v -0.0146 0.8964 1.8229
v -0.0108 0.8925 1.8300
v -0.0112 0.9107 1.7943
v -0.0090 0.8821 1.8511
v -0.0037 0.8894 1.8376
v 0.0006 0.8660 1.9071
v 0.0003 0.8660 1.9077
v 0.0003 0.8586 1.9077
v 0.0006 0.8723 1.9071
v 0.0003 0.8723 1.9077
v 0.0050 0.8950 1.9109
v 0.0030 0.8894 1.9060
v 0.0048 0.8924 1.9067
v 0.0012 0.8821 1.9054
v 0.0007 0.8776 1.9071
v 0.0012 0.8860 1.9074
v 0.0160 0.9611 1.9676
v 0.0175 0.9499 1.9710
v -0.0131 0.9684 1.9613
v 0.0092 0.9022 1.9675
v 0.0090 0.9027 1.9710
v 0.0047 0.9014 1.9710
v -0.0177 0.9369 1.9724
v -0.0000 0.9012 1.9709
v -0.0132 0.9569 1.9693
v -0.0000 0.9668 1.9694
v -0.0000 0.9682 1.9715
v 0.0076 0.9656 1.9694
v 0.0107 0.9626 1.9694
v 0.0112 0.9638 1.9716
v -0.0153 0.9483 1.9714
v -0.0166 0.9369 1.9725
v -0.0076 0.9083 1.9693
v -0.0107 0.9112 1.9693
v 0.0138 0.9578 1.9716
v 0.0153 0.9483 1.9716
v 0.0146 0.9260 1.9694
v 0.0166 0.9369 1.9727
v 0.0061 0.9600 1.9504
v 0.0088 0.9573 1.9507
v 0.0096 0.9598 1.9557
v -0.0000 0.9639 1.9557
v 0.0035 0.9637 1.9557
v 0.0078 0.9529 1.9469
v -0.0031 0.9122 1.9506
v -0.0096 0.9141 1.9556
v -0.0118 0.9192 1.9556
v -0.0123 0.9183 1.9610
v 0.0071 0.9101 1.9611
v -0.0096 0.9598 1.9556
v -0.0061 0.9600 1.9504
v -0.0118 0.9546 1.9556
v -0.0031 0.9616 1.9506
v 0.0098 0.9287 1.9469
v 0.0061 0.9369 1.9437
v -0.0099 0.9451 1.9468
v 0.0043 1.1359 0.1570
v 0.0069 1.1376 0.1436
v 0.0044 1.1376 0.1579
v 0.0039 1.1300 0.1509
v 0.0017 1.1269 0.1525
v 0.0042 1.1272 0.1458
v 0.0032 1.1315 0.1559
v 0.0016 1.1295 0.1564
v -0.0035 1.1293 0.1545
v -0.0061 1.1310 0.1482
v -0.0061 1.1293 0.1460
v -0.0129 1.1297 0.0040
v -0.0075 1.1315 -0.0015
v -0.0075 1.1297 -0.0036
v -0.0159 1.1297 0.0164
v -0.0128 1.1315 0.0061
v -0.0109 1.1228 0.1079
v 0.0108 1.1346 0.0087
v 0.0125 1.1327 0.0081
v 0.0097 1.1335 0.0037
v 0.0111 1.1360 0.0136
v 0.0138 1.1339 0.0165
v -0.0086 1.1173 0.1199
v -0.0148 1.1044 0.0541
v -0.0165 1.1108 0.0290
v -0.0075 1.1044 -0.0206
v -0.0008 1.1108 -0.0190
v -0.0008 1.1044 -0.0229
v -0.0129 1.1044 -0.0131
v -0.0075 1.1108 -0.0166
v 0.0059 1.1044 -0.0203
v 0.0112 1.0989 -0.0158
v 0.0059 1.0989 -0.0235
v 0.0146 1.1109 0.0387
v 0.0146 1.1176 0.0385
v 0.0132 1.1109 0.0589
v -0.0035 1.0989 0.1212
v 0.0057 1.1016 0.1110
v -0.0009 1.1352 0.0028
v 0.0050 1.1339 0.0005
v -0.0011 1.1341 -0.0001
v -0.0008 1.1364 0.0059
v 0.0056 1.1350 0.0040
v -0.0128 1.1341 0.0105
v -0.0075 1.1353 0.0057
v -0.0075 1.1341 0.0030
v 0.0016 1.1346 0.1638
v -0.0010 1.1335 0.1641
v 0.0013 1.1334 0.1631
v -0.0035 1.1349 0.1626
v -0.0035 1.1336 0.1606
v -0.0009 1.1348 0.1658
v -0.0035 1.1362 0.1646
v 0.0026 1.1323 0.1593
v 0.0011 1.1323 0.1620
v -0.0008 1.1362 0.1676
v -0.0035 1.1376 0.1666
v -0.0144 1.0900 0.0651
v -0.0116 1.0901 0.0825
v -0.0138 1.0901 0.0643
v -0.0098 1.0900 0.1027
v -0.0091 1.0901 0.0979
v -0.0063 1.0905 0.1079
v -0.0088 1.0905 0.0965
v -0.0113 1.0905 0.0815
v -0.0134 1.0905 0.0639
v 0.0127 1.0900 0.0654
v 0.0104 1.0900 0.0842
v 0.0133 1.0900 0.0664
v 0.0109 1.0900 0.0861
v 0.0140 1.0901 0.0676
v 0.0096 1.0905 0.0817
v 0.0122 1.0901 0.0646
v 0.0118 1.0905 0.0641
v -0.0008 1.0905 0.1172
v 0.0020 1.0901 0.1168
v 0.0019 1.0905 0.1149
v 0.0164 1.0900 0.0238
v 0.0163 1.0901 0.0051
v 0.0157 1.0901 0.0246
v 0.0172 1.0900 0.0230
v 0.0142 1.0901 0.0448
v 0.0152 1.0905 0.0253
v 0.0137 1.0905 0.0450
v 0.0158 1.0905 0.0065
v -0.0077 1.0905 -0.0316
v -0.0194 1.0900 0.0008
v -0.0196 1.0901 0.0214
v -0.0188 1.0900 0.0222
v -0.0179 1.0901 0.0447
v -0.0171 1.0900 0.0446
v -0.0174 1.0905 0.0056
v -0.0174 1.0901 0.0239
v -0.0168 1.0905 0.0247
v 0.0127 1.0830 0.0779
v 0.0140 1.0844 0.0676
v 0.0063 1.0866 0.1156
v 0.0086 1.0815 0.1057
v 0.0114 1.0801 0.0882
v 0.0162 1.0819 0.0452
v 0.0187 1.0823 0.0001
v -0.0072 1.0851 0.1189
v 0.0056 1.0801 0.1189
v 0.0180 1.0815 0.0222
v 0.0180 1.0787 0.0222
v -0.0203 1.0815 -0.0010
v -0.0196 1.0815 0.0214
v -0.0191 1.0801 -0.0206
v -0.0179 1.0787 0.0447
v -0.0179 1.0815 0.0447
v -0.0179 1.0844 0.0447
v -0.0188 1.0887 0.0331
v -0.0203 1.0858 -0.0010
v -0.0156 1.0873 0.0674
v -0.0131 1.0873 0.0880
v -0.0156 1.0844 0.0674
v -0.0103 1.0873 0.1056
v -0.0094 1.0794 0.1078
v -0.0123 1.0901 0.0916
v 0.0070 1.0912 0.0962
v 0.0072 1.0905 0.0966
v 0.0018 1.0925 0.1149
v -0.0008 1.0912 0.1164
v 0.0019 1.0912 0.1142
v 0.0018 1.0989 0.1213
v -0.0008 1.0950 0.1195
v 0.0018 1.0950 0.1172
v -0.0035 1.0950 0.1172
v -0.0008 1.0950 -0.0286
v 0.0059 1.0925 -0.0276
v -0.0008 1.0925 -0.0304
v -0.0129 1.0950 -0.0189
v -0.0075 1.0989 -0.0239
v -0.0075 1.0950 -0.0263
v 0.0114 1.0912 -0.0213
v 0.0060 1.0912 -0.0292
v 0.0116 1.0905 -0.0230
v 0.0061 1.0905 -0.0311
v -0.0149 1.0925 0.0459
v -0.0163 1.0950 0.0282
v -0.0164 1.0905 -0.0111
v -0.0130 1.0912 -0.0222
v -0.0133 1.0905 -0.0239
v -0.0163 1.0989 0.0307
v -0.0125 1.0940 0.0697
v -0.0124 1.1049 0.0779
v -0.0009 1.1294 0.1578
v -0.0009 1.1268 0.1544
v -0.0010 1.1310 0.1604
v -0.0010 1.1323 0.1624
v -0.0035 1.1323 0.1587
v -0.0128 1.1329 0.0082
v -0.0075 1.1329 0.0006
v 0.0050 1.1317 -0.0035
v 0.0046 1.1329 -0.0022
v 0.0084 1.1328 0.0003
v 0.0056 1.1300 -0.0046
v 0.0098 1.1320 0.0010
v -0.0086 1.1294 0.1322
v -0.0148 1.1173 0.0631
v 0.0152 1.1044 0.0161
v -0.0008 1.1044 0.1295
v -0.0008 1.1108 0.1365
v -0.0035 1.1108 0.1339
v -0.0128 1.1353 0.0130
v -0.0008 1.1376 0.0091
v 0.0058 1.1376 0.0114
v 0.0058 1.1363 0.0076
v -0.0120 1.0900 0.0840
v -0.0094 1.0900 0.1001
v -0.0125 1.0900 0.0859
v -0.0158 1.0901 0.0444
v -0.0150 1.0900 0.0662
v -0.0067 1.0900 0.1122
v -0.0064 1.0901 0.1096
v 0.0046 1.0905 0.1080
v 0.0048 1.0901 0.1097
v 0.0075 1.0901 0.0980
v 0.0082 1.0900 0.1028
v 0.0086 1.0901 0.1057
v 0.0114 1.0901 0.0882
v 0.0155 1.0900 0.0450
v 0.0148 1.0900 0.0449
v 0.0099 1.0901 0.0826
v -0.0037 1.0901 0.1168
v -0.0036 1.0905 0.1148
v -0.0008 1.0901 0.1192
v 0.0162 1.0901 0.0452
v 0.0180 1.0901 0.0222
v 0.0187 1.0901 0.0001
v 0.0178 1.0900 0.0018
v 0.0175 1.0901 -0.0194
v 0.0167 1.0900 -0.0168
v -0.0180 1.0900 0.0231
v -0.0169 1.0901 -0.0130
v -0.0179 1.0901 0.0042
v -0.0041 1.0787 0.1270
v -0.0008 1.0787 0.1297
v -0.0008 1.0815 0.1297
v 0.0145 1.0887 0.0616
v 0.0045 1.0912 0.1074
v 0.0094 1.0912 0.0815
v -0.0008 1.0925 0.1171
v -0.0008 1.0989 0.1236
v -0.0075 1.0925 -0.0281
v -0.0076 1.0912 -0.0297
v -0.0008 1.0912 -0.0320
v -0.0169 1.0925 0.0080
v -0.0159 1.0925 -0.0082
v -0.0159 1.0950 -0.0065
v -0.1006 1.1248 0.1034
v -0.1182 1.1412 0.1734
v -0.1172 1.1369 0.1623
v -0.1171 1.1407 0.1780
v -0.1137 1.1226 0.0467
v -0.1172 1.1275 0.0318
v -0.1182 1.1341 0.0244
v -0.1171 1.1321 0.0213
v -0.1137 1.1645 0.1418
v -0.1171 1.1590 0.1624
v -0.1137 1.1600 0.1643
v -0.1172 1.1480 0.1906
v -0.1137 1.1480 0.1960
v -0.1067 1.1443 0.1943
v -0.1067 1.1480 0.1980
v -0.1066 1.1557 0.1833
v -0.1137 1.1516 0.1925
v -0.1066 1.1516 0.1943
v -0.0946 1.1443 0.1946
v -0.0946 1.1480 0.1983
v -0.1067 1.1381 0.0106
v -0.1137 1.1480 0.0099
v -0.1067 1.1480 0.0085
v -0.1066 1.1298 0.0177
v -0.1137 1.1384 0.0119
v -0.1137 1.1304 0.0187
v -0.1171 1.1392 0.0153
v -0.1137 1.1575 0.0126
v -0.1066 1.1661 0.0190
v -0.1067 1.1579 0.0113
v -0.0946 1.1662 0.0188
v -0.1195 1.1524 0.0401
v -0.1189 1.1313 0.0906
v -0.1198 1.1389 0.0907
v -0.1200 1.1480 0.1163
v -0.1193 1.1449 0.1572
v -0.1196 1.1544 0.1411
v -0.1197 1.1401 0.1162
v -0.0919 1.1702 0.1075
v -0.0000 1.1747 0.0678
v -0.0000 1.1729 0.0910
v -0.0277 1.1516 0.1946
v -0.0537 1.1480 0.1983
v -0.0277 1.1443 0.1946
v -0.0277 1.1480 0.1983
v -0.0766 1.1480 0.1983
v -0.0521 1.1537 0.1890
v -0.0766 1.1443 0.1946
v -0.0538 1.1402 0.1834
v -0.0538 1.1443 0.1946
v -0.0619 1.1367 0.1691
v -0.0000 1.1402 0.1834
v -0.0277 1.1402 0.1834
v -0.0277 1.1696 0.1165
v -0.0537 1.1652 0.1421
v -0.0277 1.1652 0.1421
v -0.0537 1.1603 0.1653
v -0.0000 1.1696 0.1165
v -0.0000 1.1603 0.1653
v -0.0000 1.1652 0.1421
v -0.0766 1.1230 0.0905
v -0.0407 1.1214 0.0567
v -0.0277 1.1356 0.1651
v -0.0538 1.1308 0.1419
v -0.0766 1.1308 0.1419
v -0.0566 1.1277 0.1227
v -0.0000 1.1264 0.1162
v -0.0407 1.1247 0.1034
v -0.1173 1.1252 0.0471
v -0.1006 1.1215 0.0567
v -0.1173 1.1629 0.1412
v -0.1171 1.1516 0.1874
v -0.1137 1.1443 0.1924
v -0.1171 1.1443 0.1874
v -0.0766 1.1516 0.1946
v -0.0000 1.1480 0.1983
v -0.0000 1.1356 0.1651
v 0.1137 1.1314 0.1416
v 0.1173 1.1330 0.1410
v 0.1138 1.1273 0.1162
v 0.1006 1.1379 0.1742
v 0.1067 1.1217 0.0465
v 0.1066 1.1243 0.0299
v 0.1137 1.1252 0.0305
v 0.1137 1.1226 0.0467
v 0.1171 1.1275 0.0318
v 0.1137 1.1304 0.0187
v 0.1171 1.1321 0.0213
v 0.1137 1.1645 0.1418
v 0.1137 1.1600 0.1643
v 0.1171 1.1590 0.1624
v 0.1173 1.1665 0.1164
v 0.1137 1.1480 0.1960
v 0.1067 1.1480 0.1980
v 0.1067 1.1443 0.1943
v 0.1170 1.1552 0.1781
v 0.1171 1.1516 0.1874
v 0.1185 1.1519 0.1779
v 0.1185 1.1440 0.1778
v 0.1171 1.1443 0.1874
v 0.1171 1.1407 0.1780
v 0.1137 1.1443 0.1924
v 0.1137 1.1404 0.1817
v 0.1137 1.1707 0.0318
v 0.1066 1.1716 0.0312
v 0.1067 1.1743 0.0477
v 0.1137 1.1480 0.0099
v 0.1067 1.1480 0.0085
v 0.1066 1.1579 0.0113
v 0.1172 1.1480 0.0135
v 0.1137 1.1575 0.0126
v 0.1185 1.1561 0.0222
v 0.1171 1.1567 0.0159
v 0.1171 1.1638 0.0223
v 0.0946 1.1579 0.0112
v 0.0946 1.1662 0.0188
v 0.1194 1.1436 0.0455
v 0.1200 1.1480 0.1135
v 0.1197 1.1448 0.1412
v 0.1194 1.1554 0.1399
v 0.0138 1.1744 0.0476
v 0.0802 1.1698 0.0999
v 0.0946 1.1744 0.0476
v 0.0277 1.1729 0.0858
v 0.0537 1.1516 0.1946
v 0.0277 1.1516 0.1946
v 0.0277 1.1480 0.1983
v 0.0766 1.1516 0.1946
v 0.0537 1.1480 0.1983
v 0.0766 1.1557 0.1835
v -0.0000 1.1443 0.1946
v 0.0277 1.1652 0.1421
v 0.0537 1.1652 0.1421
v 0.0277 1.1603 0.1653
v 0.0537 1.1603 0.1653
v 0.0946 1.1213 0.0669
v 0.0766 1.1230 0.0905
v 0.0277 1.1286 0.1291
v 0.0538 1.1308 0.1419
v 0.0766 1.1308 0.1419
v 0.0537 1.1221 0.0787
v 0.1067 1.1265 0.1162
v 0.0856 1.1255 0.1098
v 0.1189 1.1646 0.0909
v 0.1189 1.1624 0.1163
v 0.1137 1.1733 0.0478
v 0.1171 1.1392 0.0153
v 0.1137 1.1655 0.0199
v 0.1066 1.1661 0.0190
v 0.0766 1.1480 0.1983
v -0.1901 0.9593 0.1246
v -0.2022 0.9558 0.1065
v -0.2138 0.9649 0.1329
v -0.2127 0.9606 0.1217
v -0.2126 0.9644 0.1374
v -0.1962 0.9485 0.0628
v -0.1901 0.9966 0.0505
v -0.2092 0.9792 0.1412
v -0.2127 0.9753 0.1468
v -0.2092 0.9753 0.1519
v -0.2128 0.9717 0.1500
v -0.1901 0.9753 0.1540
v -0.2022 0.9717 0.1574
v -0.1901 0.9717 0.1577
v -0.2127 0.9921 -0.0076
v -0.2093 0.9970 0.0072
v -0.2092 0.9944 -0.0088
v -0.2092 0.9892 -0.0207
v -0.2022 0.9953 -0.0094
v -0.2022 0.9898 -0.0216
v -0.2126 0.9875 -0.0183
v -0.2022 0.9535 -0.0228
v -0.2092 0.9621 -0.0287
v -0.2022 0.9618 -0.0300
v -0.2092 0.9812 -0.0280
v -0.2022 0.9815 -0.0292
v -0.2153 0.9692 0.0326
v -0.2155 0.9717 0.0757
v -0.2153 0.9685 0.1006
v -0.1232 0.9534 -0.0230
v -0.0955 0.9617 -0.0302
v -0.0955 0.9534 -0.0230
v -0.1493 0.9534 -0.0230
v -0.1232 0.9617 -0.0302
v -0.1721 0.9617 -0.0302
v -0.1493 0.9617 -0.0302
v -0.1721 0.9534 -0.0230
v -0.1901 0.9816 -0.0294
v -0.1721 0.9899 -0.0218
v -0.1721 0.9816 -0.0294
v -0.2007 0.9960 0.0484
v -0.1420 0.9982 0.0171
v -0.0955 0.9639 0.1428
v -0.1493 0.9889 0.1016
v -0.1721 0.9889 0.1016
v -0.1057 0.9940 0.0683
v -0.1171 0.9785 0.1439
v -0.1232 0.9450 0.0263
v -0.1493 0.9452 0.0059
v -0.1232 0.9452 0.0059
v -0.1721 0.9452 0.0059
v -0.1363 0.9479 -0.0108
v -0.1721 0.9479 -0.0108
v -0.1901 0.9466 -0.0025
v -0.0955 0.9452 0.0059
v -0.0955 0.9479 -0.0108
v -0.0955 0.9450 0.0263
v -0.1232 0.9593 0.1246
v -0.1493 0.9545 0.1014
v -0.1652 0.9581 0.1188
v -0.1721 0.9545 0.1014
v -0.1232 0.9501 0.0757
v -0.1901 0.9639 0.1428
v -0.0955 0.9501 0.0757
v -0.0955 0.9545 0.1014
v -0.2022 0.9480 -0.0107
v -0.2092 0.9489 -0.0101
v -0.2092 0.9541 -0.0218
v -0.2022 0.9753 0.1538
v -0.2092 0.9717 0.1554
v -0.2127 0.9680 0.1468
v -0.2092 0.9641 0.1411
v -0.2148 0.9835 0.0696
v -0.1901 0.9899 -0.0218
v -0.1507 0.9482 0.0598
v -0.0518 0.4179 2.3866
v -0.0570 0.4179 2.3866
v -0.0518 0.4013 2.3866
v -0.0570 0.4013 2.3866
v -0.0518 0.3836 2.3866
v -0.0570 0.3836 2.3866
v -0.0518 0.3655 2.3866
v -0.0518 0.3478 2.3866
v -0.0283 0.4672 2.3832
v -0.0143 0.4578 2.3832
v -0.0142 0.4672 2.3832
v -0.0285 0.4578 2.3832
v -0.0279 0.4752 2.3832
v -0.0142 0.4755 2.3832
v -0.0422 0.4669 2.3832
v -0.0427 0.4577 2.3832
v -0.0408 0.4745 2.3832
v -0.0000 0.4466 2.3832
v -0.0000 0.4578 2.3832
v -0.0143 0.4466 2.3832
v -0.0000 0.4673 2.3832
v -0.0000 0.4756 2.3832
v -0.0140 0.4780 2.3832
v -0.0000 0.4781 2.3832
v -0.0269 0.4774 2.3832
v -0.0412 0.4748 2.3832
v -0.0487 0.4703 2.3832
v -0.0512 0.4613 2.3832
v -0.0428 0.4466 2.3832
v -0.0285 0.4466 2.3832
v -0.0285 0.3478 2.3832
v -0.0143 0.3316 2.3832
v -0.0143 0.3478 2.3832
v -0.0285 0.3316 2.3832
v -0.0285 0.3655 2.3832
v -0.0143 0.3655 2.3832
v -0.0428 0.3478 2.3832
v -0.0428 0.3316 2.3832
v -0.0428 0.3655 2.3832
v -0.0000 0.3178 2.3832
v -0.0000 0.3316 2.3832
v -0.0143 0.3178 2.3832
v -0.0000 0.3478 2.3832
v -0.0000 0.3655 2.3832
v -0.0143 0.3836 2.3832
v -0.0000 0.3836 2.3832
v -0.0285 0.3836 2.3832
v -0.0428 0.3836 2.3832
v -0.0518 0.3701 2.3832
v -0.0518 0.3316 2.3832
v -0.0518 0.3178 2.3832
v -0.0428 0.3178 2.3832
v -0.0285 0.3178 2.3832
v -0.0143 0.4179 2.3832
v -0.0285 0.4013 2.3832
v -0.0143 0.4013 2.3832
v -0.0285 0.4179 2.3832
v -0.0143 0.4332 2.3832
v -0.0285 0.4332 2.3832
v -0.0428 0.4179 2.3832
v -0.0428 0.4013 2.3832
v -0.0428 0.4332 2.3832
v -0.0000 0.4013 2.3832
v -0.0000 0.4179 2.3832
v -0.0000 0.4332 2.3832
v -0.0142 0.2989 2.3832
v -0.0279 0.2926 2.3832
v -0.0142 0.2924 2.3832
v -0.0283 0.2989 2.3832
v -0.0143 0.3071 2.3832
v -0.0285 0.3071 2.3832
v -0.0408 0.2931 2.3832
v -0.0422 0.2991 2.3832
v -0.0427 0.3071 2.3832
v -0.0000 0.2924 2.3832
v -0.0140 0.2920 2.3832
v -0.0000 0.2920 2.3832
v -0.0000 0.2989 2.3832
v -0.0000 0.3071 2.3832
v -0.0517 0.3075 2.3832
v -0.0508 0.3009 2.3832
v -0.0490 0.2976 2.3832
v -0.0454 0.2953 2.3832
v -0.0379 0.2934 2.3832
v -0.0270 0.2924 2.3832
v 0.0283 0.4672 2.3832
v 0.0142 0.4672 2.3832
v 0.0143 0.4578 2.3832
v 0.0285 0.4578 2.3832
v 0.0422 0.4669 2.3832
v 0.0427 0.4577 2.3832
v 0.0279 0.4752 2.3832
v 0.0142 0.4755 2.3832
v 0.0408 0.4745 2.3832
v 0.0143 0.4466 2.3832
v 0.0285 0.4466 2.3832
v 0.0428 0.4466 2.3832
v 0.0517 0.4574 2.3832
v 0.0518 0.4465 2.3832
v 0.0507 0.4653 2.3832
v 0.0487 0.4703 2.3832
v 0.0449 0.4736 2.3832
v 0.0376 0.4760 2.3832
v 0.0269 0.4774 2.3832
v 0.0140 0.4780 2.3832
v 0.0285 0.3478 2.3832
v 0.0143 0.3478 2.3832
v 0.0143 0.3316 2.3832
v 0.0285 0.3316 2.3832
v 0.0428 0.3478 2.3832
v 0.0428 0.3316 2.3832
v 0.0285 0.3655 2.3832
v 0.0143 0.3655 2.3832
v 0.0428 0.3655 2.3832
v 0.0143 0.3178 2.3832
v 0.0285 0.3178 2.3832
v 0.0428 0.3178 2.3832
v 0.0428 0.3836 2.3832
v 0.0285 0.3836 2.3832
v 0.0143 0.3836 2.3832
v 0.0285 0.4179 2.3832
v 0.0143 0.4179 2.3832
v 0.0143 0.4013 2.3832
v 0.0285 0.4013 2.3832
v 0.0428 0.4013 2.3832
v 0.0428 0.4179 2.3832
v 0.0285 0.4332 2.3832
v 0.0143 0.4332 2.3832
v 0.0428 0.4332 2.3832
v 0.0518 0.4013 2.3832
v 0.0518 0.4179 2.3832
v 0.0518 0.4332 2.3832
v 0.0142 0.2989 2.3832
v 0.0279 0.2926 2.3832
v 0.0283 0.2989 2.3832
v 0.0142 0.2924 2.3832
v 0.0408 0.2931 2.3832
v 0.0422 0.2991 2.3832
v 0.0143 0.3071 2.3832
v 0.0285 0.3071 2.3832
v 0.0427 0.3071 2.3832
v 0.0140 0.2920 2.3832
v 0.0270 0.2924 2.3832
v 0.0379 0.2934 2.3832
v 0.0490 0.2976 2.3832
v 0.0508 0.3009 2.3832
v 0.0518 0.3573 2.3832
v -0.0208 0.4359 2.3853
v -0.0362 0.4436 2.3853
v -0.0364 0.4313 2.3853
v 0.0062 0.4361 2.3853
v -0.0096 0.4433 2.3853
v -0.0093 0.4310 2.3853
v 0.0335 0.4359 2.3853
v 0.0178 0.4434 2.3853
v 0.0179 0.4310 2.3853
v -0.0272 0.4375 2.3844
v -0.0003 0.4375 2.3844
v 0.0270 0.4374 2.3844
v -0.0208 0.4095 2.3853
v -0.0362 0.4173 2.3853
v -0.0364 0.4049 2.3853
v 0.0062 0.4098 2.3853
v -0.0096 0.4170 2.3853
v -0.0093 0.4046 2.3853
v 0.0335 0.4096 2.3853
v 0.0178 0.4170 2.3853
v 0.0179 0.4047 2.3853
v -0.0272 0.4112 2.3844
v -0.0003 0.4112 2.3844
v 0.0270 0.4111 2.3844
v -0.0208 0.3833 2.3853
v -0.0362 0.3910 2.3853
v -0.0364 0.3787 2.3853
v 0.0062 0.3835 2.3853
v -0.0096 0.3907 2.3853
v -0.0093 0.3784 2.3853
v 0.0335 0.3833 2.3853
v 0.0178 0.3908 2.3853
v 0.0179 0.3784 2.3853
v -0.0272 0.3849 2.3844
v -0.0003 0.3849 2.3844
v 0.0270 0.3848 2.3844
v -0.0208 0.3570 2.3853
v -0.0362 0.3648 2.3853
v -0.0364 0.3524 2.3853
v 0.0062 0.3572 2.3853
v -0.0096 0.3645 2.3853
v -0.0093 0.3521 2.3853
v 0.0335 0.3571 2.3853
v 0.0178 0.3645 2.3853
v 0.0179 0.3521 2.3853
v -0.0272 0.3586 2.3844
v -0.0003 0.3586 2.3844
v 0.0270 0.3586 2.3844
v -0.2859 0.6596 -0.2101
v -0.2527 0.6607 -0.1738
v 0.0722 0.6615 -0.1499
v -0.1317 0.5590 -0.2450
v 0.0000 0.6582 -0.1664
v 0.0000 0.6689 -0.1385
v -0.2094 0.6666 -0.1543
v -0.2665 0.6663 -0.1747
v -0.3052 0.6135 -0.2464
v -0.2404 0.5943 -0.6806
v -0.3352 0.5893 -0.2575
v -0.3409 0.5889 -0.2545
v -0.2993 0.5805 -0.4943
v -0.3149 0.4643 -0.3712
v -0.2551 0.5853 -0.6822
v -0.2701 0.5827 -0.6838
v -0.2321 0.6066 -0.6884
v -0.1658 0.6497 -0.8660
v -0.3199 0.5917 -0.2507
v -0.1882 0.6161 -0.8252
v -0.1891 0.6344 -0.8241
v -0.1975 0.6129 -0.8261
v -0.2797 0.4940 -0.6255
v -0.1788 0.6610 -0.8330
v -0.1826 0.6837 -0.8243
v -0.1737 0.6370 -0.8896
v -0.1108 0.6860 -0.9318
v -0.1548 0.6532 -0.9020
v -0.0999 0.6889 -0.9283
v -0.1065 0.6856 -1.0521
v 0.0000 0.6852 -0.9350
v -0.1777 0.4000 -0.8852
v -0.0853 0.4139 -1.1421
v -0.1966 0.5107 -0.8408
v 0.0000 0.4207 -1.2664
v -0.2553 0.3283 -0.4115
v -0.0661 0.4217 -1.2591
v -0.2853 0.3207 -0.4850
v -0.2783 0.2826 -0.4596
v -0.2569 0.3069 -0.4813
v 0.0000 0.2311 -0.8755
v -0.0846 0.2311 -0.8755
v 0.0000 0.2157 -0.8021
v 0.0000 0.2230 -0.4794
v -0.0653 0.2232 -0.4402
v 0.0000 0.2171 -0.6727
v 0.0000 0.3799 -1.0362
v -0.1236 0.6090 -1.5149
v -0.0838 0.6572 -1.5149
v 0.0000 0.6769 -0.1390
v 0.0000 0.3366 -0.3659
v 0.0866 0.2836 -0.4092
v 0.2859 0.6596 -0.2101
v 0.2527 0.6607 -0.1738
v 0.0000 0.6353 -0.1753
v 0.2635 0.6085 -0.2370
v 0.0000 0.6617 -0.1450
v 0.2665 0.6663 -0.1747
v 0.2625 0.6009 -0.4945
v 0.3049 0.6233 -0.2440
v 0.3199 0.5917 -0.2507
v 0.2696 0.5878 -0.4914
v 0.3350 0.5915 -0.2543
v 0.3356 0.5903 -0.2499
v 0.2942 0.5839 -0.4954
v 0.2993 0.5805 -0.4943
v 0.2797 0.4940 -0.6255
v 0.2551 0.5853 -0.6822
v 0.2701 0.5827 -0.6838
v 0.2404 0.5943 -0.6806
v 0.1826 0.6837 -0.8243
v 0.2013 0.6368 -0.7946
v 0.1975 0.6129 -0.8261
v 0.1966 0.5107 -0.8408
v 0.1892 0.6344 -0.8241
v 0.1548 0.6532 -0.9020
v 0.1109 0.6860 -0.9318
v 0.0999 0.6889 -0.9283
v 0.1065 0.6856 -1.0521
v 0.1777 0.4000 -0.8852
v 0.0853 0.4139 -1.1421
v 0.0661 0.4217 -1.2591
v 0.1306 0.2230 -0.4794
v 0.0846 0.2311 -0.8755
v 0.2094 0.6666 -0.1543
v 0.3149 0.4643 -0.3712
v 0.0482 0.6693 1.3278
v 0.2700 0.4566 1.3313
v 0.0673 0.6665 1.3259
v -0.0673 0.6665 1.3259
v -0.2700 0.4566 1.3313
v -0.0482 0.6693 1.3278
v 0.2592 0.4944 1.3290
v 0.0908 0.6649 1.3236
v 0.2374 0.5751 1.3209
v 0.1155 0.6636 1.3212
v 0.2187 0.6070 1.3182
v 0.2079 0.6217 1.3173
v 0.1384 0.6615 1.3192
v 0.2507 0.5448 1.3248
v -0.1155 0.6636 1.3212
v -0.2374 0.5751 1.3209
v -0.0908 0.6649 1.3236
v -0.1384 0.6615 1.3192
v -0.1967 0.6344 1.3168
v -0.2079 0.6217 1.3173
v -0.2507 0.5448 1.3248
v 0.1967 0.6344 1.3168
v 0.1573 0.6579 1.3178
v 0.2287 0.5912 1.3194
v 0.2447 0.5594 1.3228
v 0.2559 0.5321 1.3267
v -0.2187 0.6070 1.3182
v -0.2447 0.5594 1.3228
v -0.1573 0.6579 1.3178
v -0.2287 0.5912 1.3194
v -0.2559 0.5321 1.3267
v -0.2593 0.4944 1.3290
v -0.2941 0.3977 1.3311
v -0.2961 0.2987 1.3331
v -0.2830 0.4187 1.3313
v -0.0751 0.0970 1.3473
v 0.0000 0.0958 1.3485
v -0.2742 0.4386 1.3314
v 0.2830 0.4187 1.3313
v 0.2961 0.2987 1.3331
v 0.2941 0.3977 1.3311
v 0.3031 0.3169 1.3323
v -0.2909 0.2807 1.3338
v -0.3031 0.3169 1.3323
v -0.3041 0.3764 1.3310
v -0.3087 0.3358 1.3316
v 0.3087 0.3358 1.3316
v 0.3041 0.3764 1.3310
v 0.2909 0.2807 1.3338
v -0.2898 0.2628 1.3343
v -0.1455 0.1005 1.3446
v 0.0751 0.0970 1.3473
v 0.2742 0.4386 1.3314
v 0.1455 0.1005 1.3446
v 0.2898 0.2628 1.3343
v -0.2919 0.2452 1.3345
v 0.2919 0.2452 1.3345
v -0.3019 0.2004 1.3346
v -0.2065 0.1056 1.3411
v -0.2994 0.2135 1.3346
v -0.2957 0.2286 1.3346
v 0.2957 0.2286 1.3346
v 0.2065 0.1056 1.3411
v 0.2994 0.2135 1.3346
v 0.3019 0.2004 1.3346
v -0.3032 0.1890 1.3346
v -0.2531 0.1120 1.3381
v -0.3037 0.1705 1.3346
v -0.3037 0.1791 1.3346
v 0.2531 0.1120 1.3381
v 0.3032 0.1890 1.3346
v 0.3037 0.1791 1.3346
v 0.3037 0.1705 1.3346
v 0.5421 0.2585 1.7365
v 0.0412 0.2648 1.5904
v 0.0425 0.2609 1.5857
v 0.5435 0.2546 1.7317
v 0.5428 0.2644 1.7344
v 0.0418 0.2707 1.5884
v 0.5450 0.2581 1.7267
v 0.0440 0.2644 1.5807
v 0.0436 0.2705 1.5824
v 0.5446 0.2642 1.7284
v 0.4338 0.4341 1.7440
v 0.1659 0.4282 1.7807
v 0.4401 0.4342 1.6823
v 0.3351 0.4319 1.6977
v 0.4318 0.4277 1.7096
v 0.4336 0.4279 1.7426
v 0.4305 0.4278 1.7432
v 0.1508 0.3398 1.5013
v 0.4165 0.4193 1.6315
v 0.1580 0.3454 1.4801
v 0.4519 0.4248 1.6118
v 0.1464 0.3341 1.5142
v 0.1647 0.3351 1.4591
v 0.4539 0.4155 1.6210
v 0.4657 0.4142 1.6719
v 0.1669 0.3406 1.4528
v 0.5032 0.4293 1.6341
v 0.1470 0.3350 1.5121
v 0.4353 0.4158 1.6722
v 0.1463 0.3295 1.5098
v 0.4381 0.4157 1.6758
v 0.1448 0.3305 1.5096
v 0.4392 0.4501 1.6843
v 0.4422 0.4459 1.6741
v 0.4407 0.4463 1.6763
v 0.4923 0.4248 1.6380
v 0.5192 0.4525 1.6960
v 0.5218 0.4426 1.6397
v 0.5226 0.4266 1.7276
v 0.5235 0.4471 1.6574
v 0.1659 0.4274 1.7825
v 0.5227 0.4370 1.7418
v 0.4305 0.4278 1.7452
v 0.4351 0.4268 1.7352
v 0.5210 0.4277 1.7418
v 0.4422 0.4201 1.6706
v 0.4514 0.4295 1.6275
v 0.4391 0.4348 1.6915
v 0.5215 0.4267 1.7299
v 0.4440 0.4296 1.6664
v 0.1643 0.3482 1.4606
v 0.1652 0.3441 1.4528
v 0.4382 0.4402 1.6756
v 0.1659 0.4211 1.7443
v 0.1659 0.4219 1.7795
v 0.1644 0.4219 1.7817
v 0.4430 0.4205 1.6712
v 0.1644 0.4282 1.7809
v 0.1644 0.4371 1.7604
v 0.1644 0.4267 1.7245
v 0.1644 0.4219 1.7797
v 0.0767 0.4433 1.7484
v 0.0727 0.4257 1.8047
v 0.0727 0.4249 1.8067
v 0.0899 0.4255 1.7959
v 0.0739 0.4237 1.7369
v 0.0711 0.4194 1.8050
v 0.0719 0.4216 1.7364
v 0.0724 0.4290 1.7263
v 0.0757 0.4303 1.7277
v 0.0708 0.4168 1.7601
v 0.0733 0.4190 1.7595
v 0.0692 0.4173 1.8039
v 0.0726 0.4373 1.7288
v 0.0760 0.4367 1.7301
v 0.0699 0.4261 1.8101
v 0.0691 0.4173 1.8072
v 0.0997 0.4257 1.7933
v 0.0725 0.4439 1.7440
v 0.1604 0.4238 1.7350
v 0.0950 0.4202 1.7426
v 0.1604 0.4413 1.7390
v 0.1604 0.4218 1.7802
v 0.4349 0.4147 1.6740
v 0.1656 0.3402 1.4521
v 0.1634 0.3347 1.4584
v 0.1615 0.3365 1.4584
v 0.1628 0.3395 1.4548
v 0.1568 0.3288 1.4782
v 0.1633 0.3427 1.4539
v 0.1495 0.3394 1.5006
v 0.4354 0.4104 1.6737
v 0.1458 0.3347 1.5114
v 0.1630 0.3478 1.4599
v 0.1339 0.3362 1.4657
v 0.1187 0.3302 1.4656
v 0.1267 0.3306 1.4870
v 0.1227 0.3261 1.4980
v 0.1333 0.3247 1.4649
v 0.1396 0.3303 1.4460
v 0.1414 0.3346 1.4410
v 0.1414 0.3369 1.4415
v 0.1447 0.3324 1.5107
v 0.1425 0.3331 1.5120
v 0.1624 0.4317 1.7680
v 0.1501 0.4306 1.7532
v 0.1623 0.4261 1.7808
v 0.1624 0.4377 1.7517
v 0.1625 0.4371 1.7192
v 0.1624 0.4401 1.7256
v 0.1624 0.4289 1.7259
v 0.1625 0.4337 1.7193
v 0.5260 0.4529 1.6952
v 0.5269 0.4256 1.7132
v 0.5265 0.4265 1.7288
v 0.5247 0.4284 1.7288
v 0.5247 0.4289 1.7378
v 0.5268 0.4275 1.7394
v 0.5247 0.4338 1.7400
v 0.5267 0.4297 1.7415
v 0.5244 0.4450 1.7080
v 0.5267 0.4277 1.7415
v 0.5357 0.4471 1.7141
v 0.5358 0.4344 1.6309
v 0.5264 0.4348 1.6358
v 0.5266 0.4405 1.6358
v 0.5360 0.4408 1.6309
v 0.5361 0.4324 1.7441
v 0.5266 0.4459 1.6428
v 0.5361 0.4271 1.7441
v 0.5268 0.4370 1.7416
v 0.4280 0.2525 1.8406
v 0.4491 0.2488 1.8143
v 0.4754 0.2713 1.8247
v 0.4536 0.2629 1.7982
v 0.4006 0.2687 1.8103
v 0.1077 0.2909 1.8219
v 0.1081 0.2953 1.8175
v 0.4005 0.2642 1.8136
v 0.1073 0.2853 1.8319
v 0.4271 0.2686 1.8037
v 0.4140 0.2711 1.8073
v 0.4519 0.2545 1.8018
v 0.4073 0.2654 1.8106
v 0.4007 0.2725 1.8102
v 0.4007 0.2763 1.8126
v 0.4541 0.2580 1.7968
v 0.5112 0.2486 1.8448
v 0.4469 0.2573 1.7996
v 0.4753 0.2677 1.8772
v 0.5238 0.2473 1.8326
v 0.5238 0.2541 1.7967
v 0.1194 0.3082 1.8343
v 0.1079 0.3049 1.8207
v 0.1080 0.3004 1.8171
v 0.1060 0.3094 1.8322
v 0.1024 0.3038 1.8704
v 0.1017 0.2978 1.8900
v 0.1037 0.2981 1.8920
v 0.1046 0.3059 1.8710
v 0.1044 0.2878 1.8702
v 0.1059 0.2854 1.8319
v 0.1066 0.2980 1.8174
v 0.0997 0.2984 1.8921
v 0.0997 0.2975 1.8921
v 0.4006 0.2691 1.8853
v 0.1052 0.2979 1.8920
v 0.1052 0.2970 1.8920
v 0.4007 0.2701 1.8853
v 0.0962 0.2959 1.8439
v 0.1029 0.3073 1.8542
v 0.5235 0.2659 1.8746
v 0.5257 0.2655 1.8719
v 0.5256 0.2663 1.8719
v 0.5235 0.2669 1.8744
v 0.0671 0.3124 1.8203
v 0.0632 0.3070 1.8116
v 0.0635 0.3152 1.8179
v 0.0727 0.3151 1.8470
v 0.0669 0.3057 1.8150
v 0.0623 0.2849 1.8440
v 0.0838 0.3078 1.8737
v 0.0738 0.3011 1.8170
v 0.0631 0.3209 1.8379
v 0.0728 0.2843 1.8469
v 0.0768 0.2937 1.8227
v 0.0951 0.2878 1.8437
v 0.0743 0.2999 1.8927
v 0.1026 0.2984 1.8175
v 0.0895 0.3089 1.8269
v 0.5304 0.2729 1.8171
v 0.5320 0.2677 1.8080
v 0.5324 0.2391 1.8279
v 0.5323 0.2490 1.8540
v 0.5268 0.2519 1.8535
v 0.5264 0.2712 1.8303
v 0.5296 0.2529 1.7951
v 0.5287 0.2455 1.7987
v 0.5269 0.2463 1.7992
v 0.5345 0.2382 1.8220
v 0.5270 0.2430 1.8216
v 0.5344 0.2767 1.8295
v 0.5352 0.2457 1.8557
v 0.3585 0.2642 1.7427
v 0.0886 0.2877 1.6628
v 0.0884 0.2797 1.6626
v 0.3802 0.2613 1.7505
v 0.5085 0.2606 1.6762
v 0.3421 0.2457 1.6459
v 0.5091 0.2720 1.6785
v 0.4352 0.2478 1.6646
v 0.4383 0.2451 1.7196
v 0.5246 0.2623 1.7968
v 0.2636 0.3035 1.6327
v 0.5231 0.2503 1.7642
v 0.5102 0.2530 1.6823
v 0.5265 0.2613 1.7935
v 0.5206 0.2809 1.7362
v 0.0870 0.2798 1.6622
v 0.5211 0.2481 1.7510
v 0.0946 0.2564 1.6166
v 0.1014 0.2877 1.5690
v 0.0888 0.2897 1.6453
v 0.0966 0.2551 1.6082
v 0.0857 0.2865 1.6599
v 0.0680 0.2702 1.5904
v 0.0857 0.2813 1.6596
v 0.1034 0.2762 1.5505
v 0.1018 0.2837 1.5604
v 0.1033 0.2539 1.5521
v 0.1041 0.2660 1.5467
v 0.0993 0.2510 1.5791
v 0.1016 0.2506 1.5632
v 0.0988 0.2895 1.5781
v 0.0957 0.2916 1.5975
v 0.0921 0.2923 1.6183
v 0.1068 0.2658 1.5449
v 0.1036 0.2481 1.5635
v 0.5335 0.2578 1.7892
v 0.5283 0.2608 1.7936
v 0.5285 0.2526 1.7726
v 0.5339 0.2630 1.7949
v 0.5177 0.2860 1.7020
v 0.5208 0.2421 1.7119
v 0.5175 0.2443 1.6950
v 0.5297 0.2425 1.7228
v 0.5187 0.2487 1.6835
v 0.5267 0.2470 1.7523
v 0.5244 0.2431 1.7310
v 0.5277 0.2707 1.7794
v 0.5241 0.2811 1.6902
v 0.5266 0.2530 1.7725
v 0.5176 0.2448 1.7121
v 0.5142 0.2469 1.6958
v 0.5155 0.2447 1.6950
v 0.5159 0.2815 1.6998
v 0.5282 0.2623 1.7949
v 0.5282 0.2611 1.7947
v 0.5224 0.2435 1.7309
v 0.1005 0.4083 1.3142
v 0.2107 0.3590 1.3841
v 0.1406 0.3698 1.3652
v 0.1088 0.3882 1.3033
v 0.2161 0.3621 1.3767
v 0.0881 0.3829 1.3304
v 0.1789 0.3560 1.4271
v 0.2056 0.3841 1.3934
v 0.1791 0.3626 1.4296
v 0.2155 0.3820 1.3802
v 0.2103 0.3594 1.3870
v 0.2211 0.3666 1.3724
v 0.2155 0.3795 1.3821
v 0.2201 0.3766 1.3762
v 0.5010 0.2750 1.6607
v 0.5012 0.2795 1.6619
v 0.4996 0.2809 1.6618
v 0.4994 0.2743 1.6602
v 0.4979 0.2812 1.6118
v 0.4947 0.2809 1.6071
v 0.4937 0.2840 1.5924
v 0.4966 0.2767 1.6278
v 0.4944 0.3056 1.5815
v 0.4942 0.3083 1.5943
v 0.4920 0.3085 1.5842
v 0.4916 0.2882 1.5802
v 0.4950 0.2771 1.6266
v 0.4950 0.3005 1.6174
v 0.4945 0.2998 1.6205
v 0.4921 0.2844 1.5913
v 0.4931 0.2813 1.6060
v 0.2088 0.3558 1.3979
v 0.2169 0.3581 1.3843
v 0.1833 0.3549 1.4303
v 0.1988 0.3541 1.4110
v 0.3936 0.3282 1.5446
v 0.4926 0.3077 1.5960
v 0.3365 0.3500 1.4731
v 0.1891 0.3676 1.4237
v 0.2242 0.3657 1.3747
v 0.2136 0.3811 1.3894
v 0.4929 0.3058 1.5757
v 0.4950 0.3038 1.5777
v 0.4944 0.2995 1.5721
v 0.4931 0.2878 1.5812
v 0.2246 0.3774 1.3769
v 0.4987 0.3076 1.6008
v 0.5091 0.3060 1.5902
v 0.4978 0.3080 1.5880
v 0.4990 0.3032 1.6138
v 0.4928 0.2126 1.4699
v 0.4954 0.2157 1.5522
v 0.4989 0.2132 1.5838
v 0.5022 0.2118 1.5863
v 0.4936 0.2099 1.4652
v 0.4993 0.2130 1.5861
v 0.5008 0.2043 1.5837
v 0.5029 0.2070 1.5849
v 0.4993 0.1965 1.5084
v 0.4959 0.2038 1.4634
v 0.5004 0.2012 1.5642
v 0.2776 0.1445 1.3292
v 0.4980 0.2126 1.5845
v 0.4973 0.2127 1.5819
v 0.2946 0.1549 1.3059
v 0.3204 0.1382 1.2848
v 0.4959 0.1914 1.4865
v 0.4963 0.1947 1.4725
v 0.4924 0.2096 1.4637
v 0.3175 0.1638 1.2795
v 0.4062 0.1886 1.4433
v 0.4990 0.2034 1.5795
v 0.2798 0.1371 1.3282
v 0.3318 0.1423 1.2725
v 0.2766 0.1442 1.3281
v 0.2788 0.1368 1.3271
v 0.2819 0.1366 1.3240
v 0.4983 0.2137 1.5770
v 0.3304 0.1626 1.2666
v 0.2784 0.1281 1.1913
v 0.2831 0.1217 1.2690
v 0.2753 0.1293 1.1904
v 0.2731 0.1339 1.1822
v 0.2764 0.1345 1.1824
v 0.2783 0.1389 1.3244
v 0.2774 0.1419 1.3251
v 0.2740 0.1434 1.3251
v 0.3298 0.1444 1.2694
v 0.2762 0.1360 1.3241
v 0.2541 0.1226 1.2293
v 0.2358 0.1242 1.2055
v 0.2641 0.1233 1.2154
v 0.2722 0.1259 1.2014
v 0.5024 0.2182 1.5616
v 0.5078 0.2067 1.5939
v 0.5021 0.1936 1.4982
v 0.5013 0.1954 1.4769
v 0.5137 0.1918 1.4926
v 0.5085 0.1988 1.4696
v 0.5020 0.1949 1.5219
v 0.4968 0.2198 1.5117
v 0.5126 0.2218 1.4850
v 0.4960 0.2143 1.4756
v 0.4968 0.2101 1.4671
v 0.5029 0.2070 1.5849
v 0.5049 0.2055 1.5885
v 0.4960 0.2176 1.5049
v 0.5030 0.2136 1.5876
v 0.4998 0.1956 1.4764
v 0.5084 0.1971 1.5599
v 0.5105 0.2250 1.5498
v -0.1236 0.4381 -0.8128
v -0.0562 0.1896 -0.6623
v -0.0023 0.3018 -0.4300
v -0.1405 0.3755 -0.5034
v -0.1700 0.5457 -0.3262
v -0.1396 0.5544 -0.2358
v 0.1397 0.5531 -0.2362
v -0.2156 0.5690 -0.3827
v -0.1180 0.4968 -0.8645
v 0.1200 0.2448 -0.6564
v 0.1863 0.5469 -0.3512
v 0.2156 0.5690 -0.3827
v 0.0272 0.4166 -0.8254
v 0.1323 0.4752 -0.7670
v 0.1163 0.4485 -0.8364
v 0.1273 0.5593 -0.8943
v 0.1278 0.5571 -0.8550
v 0.1329 0.5624 -0.8521
v 0.1378 0.3380 -0.5720
v 0.1588 0.6138 -0.9453
v 0.1662 0.5121 -0.9017
v 0.1607 0.5163 -0.9011
v 0.1591 0.5187 -0.9038
v 0.1569 0.5251 -0.9064
v 0.1585 0.5729 -0.9258
v 0.1601 0.6158 -0.9447
v 0.1562 0.6073 -0.9423
v 0.1847 0.5569 -0.9061
v 0.1797 0.5598 -0.9084
v 0.1756 0.5624 -0.9088
v 0.1725 0.5514 -0.9166
v 0.1810 0.5593 -0.9070
v 0.1807 0.5514 -0.9047
v 0.1804 0.5504 -0.9031
v 0.1729 0.5454 -0.9018
v 0.1727 0.5474 -0.9028
v 0.1711 0.5476 -0.9017
v 0.1622 0.5578 -0.9060
v 0.1655 0.5526 -0.9050
v 0.1647 0.5543 -0.9045
v 0.1680 0.5607 -0.9086
v 0.1690 0.5624 -0.9081
v 0.1710 0.5539 -0.9044
v 0.1761 0.5573 -0.9098
v 0.1839 0.6135 -0.9317
v 0.1789 0.6163 -0.9340
v 0.1748 0.6190 -0.9345
v 0.1717 0.6082 -0.9416
v 0.1802 0.6159 -0.9326
v 0.1799 0.6080 -0.9303
v 0.1796 0.6071 -0.9286
v 0.1721 0.6021 -0.9272
v 0.1719 0.6040 -0.9283
v 0.1703 0.6042 -0.9271
v 0.1614 0.6144 -0.9316
v 0.1647 0.6093 -0.9305
v 0.1639 0.6110 -0.9300
v 0.1672 0.6173 -0.9342
v 0.1682 0.6189 -0.9337
v 0.1702 0.6105 -0.9300
v 0.1752 0.6139 -0.9352
v 0.1789 0.6090 -0.9337
v 0.1719 0.6078 -0.9412
v 0.1663 0.6105 -0.9332
v 0.1758 0.6127 -0.9350
v 0.1725 0.6105 -0.9339
v 0.1724 0.6105 -0.9339
v 0.1798 0.5540 -0.9089
v 0.1727 0.5512 -0.9157
v 0.1674 0.5524 -0.9071
v 0.1733 0.5539 -0.9084
v 0.1732 0.5539 -0.9084
v 0.1757 0.6075 -0.9327
v 0.1703 0.6100 -0.9337
v 0.1737 0.6065 -0.9322
v 0.1747 0.5516 -0.9074
v 0.1733 0.5581 -0.9102
v 0.1711 0.5575 -0.9099
v 0.1711 0.5503 -0.9068
v 0.1694 0.5560 -0.9092
v 0.1688 0.5539 -0.9083
v 0.1694 0.5519 -0.9074
v 0.1790 0.5841 -0.9267
v 0.1779 0.5857 -0.9264
v 0.1739 0.5850 -0.9242
v 0.1751 0.5855 -0.9293
v 0.1750 0.5843 -0.9319
v 0.1736 0.5726 -0.9263
v 0.1772 0.5811 -0.9219
v 0.1683 0.5665 -0.9147
v 0.1751 0.5826 -0.9218
v 0.1633 0.5655 -0.9224
v 0.1638 0.5688 -0.9157
v 0.1795 0.5836 -0.9266
v 0.1757 0.5858 -0.9274
v 0.1642 0.5684 -0.9150
v 0.1735 0.5835 -0.9221
v 0.1793 0.5841 -0.9287
v 0.1777 0.5830 -0.9232
v 0.1675 0.5667 -0.9144
v 0.1718 0.4348 -0.8754
v 0.1765 0.4326 -0.8702
v 0.1708 0.4178 -0.8625
v 0.1553 0.3732 -0.8088
v 0.1751 0.4419 -0.8812
v 0.1525 0.3736 -0.8127
v 0.1561 0.3871 -0.8255
v 0.1408 0.3582 -0.7856
v 0.1720 0.4285 -0.8901
v 0.1768 0.4263 -0.8849
v 0.1710 0.4115 -0.8772
v 0.1556 0.3668 -0.8235
v 0.1754 0.4356 -0.8959
v 0.1528 0.3673 -0.8274
v 0.1564 0.3808 -0.8402
v 0.1388 0.3489 -0.7953
v 0.1826 0.4958 -0.9116
v 0.1864 0.5029 -0.9178
v 0.1852 0.5031 -0.9158
v 0.1867 0.4963 -0.9142
v 0.1830 0.4989 -0.9138
v 0.1696 0.5174 -0.8976
v 0.1692 0.5251 -0.8941
v 0.1701 0.5171 -0.8978
v 0.1704 0.5214 -0.8909
v 0.1706 0.5200 -0.8860
v 0.1706 0.5188 -0.8864
v 0.1700 0.5195 -0.8869
v 0.1697 0.5366 -0.9019
v 0.1744 0.5206 -0.8955
v 0.1726 0.5201 -0.8952
v 0.1725 0.5183 -0.8945
v 0.1744 0.5176 -0.8944
v 0.1756 0.5191 -0.8950
v 0.1835 0.6217 -0.9722
v 0.1795 0.6142 -0.9689
v 0.1783 0.6249 -0.9720
v 0.1799 0.6132 -0.9713
v 0.1766 0.6211 -0.9722
v 0.1673 0.6194 -0.9481
v 0.6200 0.3219 -1.7102
v 0.6283 0.3073 -1.6692
v 0.6306 0.3352 -1.7036
v 0.6204 0.3348 -1.6898
v 0.6210 0.3057 -1.6697
v 0.6188 0.3278 -1.7072
v 0.6182 0.3256 -1.7073
v 0.6187 0.3176 -1.7069
v 0.6188 0.3131 -1.6967
v 0.6174 0.3244 -1.6539
v 0.6182 0.3106 -1.6324
v 0.6306 0.3224 -1.7173
v 0.2590 0.3823 -1.6830
v 0.2605 0.3824 -1.7082
v 0.2614 0.3683 -1.7173
v 0.5254 0.3453 -1.7168
v 0.5250 0.3427 -1.7145
v 0.2617 0.3651 -1.7060
v 0.2620 0.3662 -1.6783
v 0.5354 0.3339 -1.6309
v 0.5169 0.3318 -1.6313
v 0.5243 0.3333 -1.6336
v 0.5206 0.3458 -1.6519
v 0.5208 0.3454 -1.6533
v 0.5266 0.3415 -1.6523
v 0.5257 0.3331 -1.6432
v 0.5281 0.3366 -1.6479
v 0.5239 0.3287 -1.6422
v 0.5149 0.3294 -1.6350
v 0.5264 0.3353 -1.6427
v 0.5559 0.3332 -1.6296
v 0.5258 0.3488 -1.7170
v 0.5261 0.3527 -1.7135
v 0.5372 0.3426 -1.7154
v 0.6159 0.3156 -1.6976
v 0.5988 0.3291 -1.7085
v 0.6137 0.3288 -1.7066
v 0.6137 0.3249 -1.7091
v 0.5492 0.3308 -1.6925
v 0.6062 0.3237 -1.7082
v 0.5293 0.3569 -1.6938
v 0.5799 0.3137 -1.6552
v 0.5508 0.3154 -1.5978
v 0.5214 0.3189 -1.6282
v 0.5342 0.3239 -1.6476
v 0.5412 0.3170 -1.6367
v 0.6160 0.3310 -1.7008
v 0.5355 0.3334 -1.6542
v 0.5760 0.3129 -1.6088
v 0.6156 0.3084 -1.6421
v 0.2264 0.3557 -1.4038
v 0.2430 0.3528 -1.4221
v 0.2323 0.3507 -1.4196
v 0.2474 0.3543 -1.4139
v 0.2499 0.3531 -1.3889
v 0.2417 0.3412 -1.4250
v 0.2455 0.3371 -1.4158
v 0.2542 0.3349 -1.4008
v 0.2304 0.3372 -1.3836
v 0.2650 0.3361 -1.3793
v 0.2406 0.3385 -1.3607
v 0.2724 0.3378 -1.3653
v 0.2478 0.3403 -1.3464
v 0.6176 0.3273 -1.6636
v 0.6176 0.3301 -1.6837
v 0.6160 0.3326 -1.6835
v 0.6160 0.3297 -1.6628
v 0.6178 0.3157 -1.6959
v 0.6178 0.3120 -1.6804
v 0.6160 0.3105 -1.6806
v 0.6159 0.3242 -1.7092
v 0.2613 0.3760 -1.7210
v 0.2610 0.3797 -1.7170
v 0.2453 0.3448 -1.3456
v 0.2447 0.3425 -1.3447
v 0.2471 0.3407 -1.3441
v 0.2481 0.3462 -1.3451
v 0.2389 0.3536 -1.3732
v 0.2259 0.3539 -1.4022
v 0.2591 0.3828 -1.6905
v 0.2613 0.3716 -1.7209
v 0.2601 0.3668 -1.7117
v 0.2262 0.3382 -1.3905
v 0.2392 0.3386 -1.3597
v 0.2595 0.3799 -1.7171
v 0.2611 0.3711 -1.6558
v 0.2605 0.3764 -1.6558
v 0.5647 0.3155 -1.5825
v 0.2608 0.3393 -1.3545
v 0.6138 0.3174 -1.6193
v 0.5391 0.3415 -1.6448
v 0.2590 0.3765 -1.6558
v 0.5292 0.3489 -1.6512
v 0.5257 0.3436 -1.6505
v 0.5289 0.3378 -1.6454
v 0.5352 0.3434 -1.6457
v 0.5380 0.3386 -1.6407
v 0.1553 0.3880 -1.7168
v 0.1558 0.3856 -1.7198
v 0.1351 0.3840 -1.6910
v 0.1560 0.3831 -1.7198
v 0.1563 0.3808 -1.7169
v 0.1580 0.3796 -1.6769
v 0.1582 0.3810 -1.6676
v 0.1542 0.3555 -1.3691
v 0.1521 0.3531 -1.3701
v 0.1301 0.3566 -1.3293
v 0.1472 0.3491 -1.3668
v 0.1404 0.3459 -1.3555
v 0.1567 0.3576 -1.2852
v 0.1604 0.3611 -1.2896
v 0.1580 0.3782 -1.6862
v 0.1575 0.3898 -1.7181
v 0.2164 0.3377 -1.3645
v 0.1567 0.3876 -1.6744
v 0.1585 0.3898 -1.6739
v 0.1574 0.3924 -1.6912
v 0.1598 0.3858 -1.6568
v 0.1578 0.3845 -1.6588
v 0.1582 0.3823 -1.6588
v 0.1609 0.3806 -1.6568
v 0.1486 0.3477 -1.3696
v 0.1606 0.3730 -1.7066
v 0.2391 0.3896 -1.6995
v 0.1559 0.3449 -1.3620
v 0.1635 0.3622 -1.2891
v 0.1582 0.3565 -1.2844
v 0.1598 0.3562 -1.2854
v 0.2543 0.3714 -1.6573
v 0.2556 0.3802 -1.7171
v 0.2578 0.3730 -1.6578
v 0.2572 0.3751 -1.6578
v 0.2551 0.3769 -1.6559
v 0.2557 0.3716 -1.6559
v 0.2197 0.3395 -1.3957
v 0.2567 0.3661 -1.6850
v 0.2558 0.3713 -1.6574
v 0.1624 0.3804 -1.6568
v 0.1578 0.3806 -1.7168
v 0.2542 0.3718 -1.6559
v 0.2436 0.3412 -1.3415
v 0.1578 0.3777 -1.6961
v 0.5791 0.5810 -1.6690
v 0.5866 0.5412 -1.5424
v 0.5964 0.5761 -1.6908
v 0.5968 0.5521 -1.5641
v 0.5911 0.5460 -1.5512
v 0.6026 0.5679 -1.6127
v 0.6068 0.5454 -1.5806
v 0.5987 0.5744 -1.6350
v 0.5974 0.5792 -1.6727
v 0.5583 0.5577 -1.6869
v 0.5866 0.5433 -1.5424
v 0.5867 0.5452 -1.5424
v 0.5918 0.5792 -1.6816
v 0.5856 0.5418 -1.5421
v 0.5689 0.5812 -1.6708
v 0.5990 0.5517 -1.6983
v 0.5832 0.5494 -1.6704
v 0.5981 0.5590 -1.5825
v 0.5891 0.5476 -1.5477
v 0.2005 0.5998 -1.6000
v 0.1967 0.5771 -1.5823
v 0.1765 0.5853 -1.5765
v 0.1940 0.5772 -1.5968
v 0.1921 0.5786 -1.6059
v 0.1902 0.5824 -1.6134
v 0.1896 0.5967 -1.6069
v 0.1908 0.5987 -1.5996
v 0.1924 0.6002 -1.5900
v 0.1988 0.5962 -1.5586
v 0.2029 0.5914 -1.5403
v 0.2034 0.5879 -1.5400
v 0.2579 0.6015 -1.5995
v 0.1978 0.5767 -1.5850
v 0.2377 0.5705 -1.5936
v 0.2577 0.5963 -1.6100
v 0.2682 0.5907 -1.5555
v 0.2698 0.5890 -1.5561
v 0.2697 0.5887 -1.5562
v 0.2570 0.5734 -1.6051
v 0.2649 0.5766 -1.5688
v 0.5826 0.5469 -1.5401
v 0.2776 0.5113 -1.2783
v 0.5843 0.5462 -1.5395
v 0.2643 0.5175 -1.3140
v 0.2726 0.5148 -1.2959
v 0.5698 0.5591 -1.5719
v 0.5616 0.5597 -1.6185
v 0.5610 0.5659 -1.6229
v 0.5830 0.5408 -1.5381
v 0.2776 0.5047 -1.2774
v 0.2768 0.5041 -1.2794
v 0.5828 0.5408 -1.5403
v 0.5635 0.5528 -1.6154
v 0.2589 0.4936 -1.3198
v 0.5711 0.5399 -1.5795
v 0.2731 0.5013 -1.2887
v 0.5460 0.5594 -1.6827
v 0.5445 0.5601 -1.6839
v 0.5800 0.5435 -1.5940
v 0.5832 0.5502 -1.5507
v 0.5806 0.5609 -1.5842
v 0.5840 0.5408 -1.5474
v 0.5561 0.5773 -1.6909
v 0.5550 0.5729 -1.6960
v 0.5534 0.5731 -1.6957
v 0.5519 0.5675 -1.6961
v 0.5535 0.5672 -1.6965
v 0.5558 0.5585 -1.6856
v 0.5598 0.5792 -1.6862
v 0.5785 0.5472 -1.6093
v 0.4184 0.5807 -1.6667
v 0.4195 0.5849 -1.6624
v 0.4181 0.5757 -1.6672
v 0.5456 0.5637 -1.6914
v 0.2913 0.5762 -1.6332
v 0.5857 0.5460 -1.5421
v 0.5649 0.5654 -1.5930
v 0.5593 0.5640 -1.6111
v 0.5604 0.5660 -1.6031
v 0.5620 0.5643 -1.5906
v 0.5636 0.5619 -1.5785
v 0.5632 0.5665 -1.6055
v 0.2572 0.5179 -1.3329
v 0.2608 0.5182 -1.3235
v 0.5580 0.5700 -1.6287
v 0.2512 0.5126 -1.3478
v 0.2535 0.5161 -1.3421
v 0.2530 0.4969 -1.3372
v 0.2756 0.5040 -1.2784
v 0.2582 0.5160 -1.3258
v 0.5722 0.5515 -1.6227
v 0.4352 0.5768 -1.5861
v 0.5667 0.5848 -1.6655
v 0.3252 0.5887 -1.6426
v 0.3256 0.5815 -1.6483
v 0.2583 0.5860 -1.6271
v 0.5216 0.5590 -1.6505
v 0.3406 0.5801 -1.5675
v 0.2726 0.5818 -1.5555
v 0.3409 0.5806 -1.5662
v 0.2728 0.5822 -1.5544
v 0.5680 0.5785 -1.6652
v 0.2682 0.5764 -1.5693
v 0.2714 0.5818 -1.5552
v 0.2697 0.5838 -1.5555
v 0.2698 0.5834 -1.5554
v 0.2716 0.5822 -1.5541
v 0.2717 0.5902 -1.5549
v 0.2565 0.5853 -1.6256
v 0.5489 0.5588 -1.6697
v 0.2685 0.5952 -1.5712
v 0.1883 0.4888 -1.3002
v 0.2548 0.4958 -1.3210
v 0.2327 0.4901 -1.3068
v 0.2553 0.5171 -1.3232
v 0.2516 0.5132 -1.3393
v 0.2393 0.4943 -1.2737
v 0.2356 0.4995 -1.2362
v 0.1857 0.5090 -1.2815
v 0.2732 0.5107 -1.2744
v -0.0948 0.9250 -0.0806
v -0.0993 0.9329 -0.0776
v -0.1088 0.9491 -0.0786
v -0.0988 0.9823 -0.0748
v -0.0500 1.0644 -0.0763
v -0.0522 1.0646 -0.0806
v 0.0424 1.0683 -0.0806
v -0.6330 0.1728 -0.3287
v -0.6430 0.1368 -0.2839
v -0.3453 0.2213 -0.7135
v -0.3369 0.1544 -0.6437
v -0.3859 0.1575 -0.5370
v -0.3123 0.1476 1.3573
v -0.5397 0.5244 -0.5720
v -0.6166 0.4980 -0.5830
v -0.6282 0.4494 -0.4232
v -0.3321 0.4612 -0.7815
v -0.6357 0.4527 -0.5948
v -0.6041 0.1864 0.5408
v -0.6187 0.4236 -0.5992
v -0.6350 0.4543 -0.5865
v -0.3451 0.4461 -0.7265
v -0.6270 0.4872 -0.6002
v -0.4543 0.5273 -0.6993
v -0.4246 0.3682 -0.7038
v -0.4221 0.3653 -0.7463
v -0.5551 0.5157 -0.4717
v -0.3318 0.5347 -0.8058
v -0.0442 0.2537 -1.4013
v -0.2339 0.2642 -0.9278
v -0.2226 0.2287 -0.8993
v -0.2331 0.2431 -0.9036
v 0.0000 0.1430 -1.3825
v -0.1205 0.1945 -1.0387
v -0.3298 0.0709 -0.6975
v -0.1679 0.0738 -0.9581
v -0.3205 0.0657 -0.7054
v -0.1323 0.0807 -1.0019
v -0.1681 0.0665 -0.9682
v -0.3373 0.0558 -0.6982
v -0.3416 0.0569 -0.6713
v -0.0676 0.0650 -1.3223
v -0.0399 0.0623 -1.3838
v -0.0924 0.0600 -1.3025
v -0.1692 0.0600 -1.0583
v -0.2843 0.0636 -0.8007
v -0.6416 0.1177 0.5012
v -0.4807 0.1026 0.9970
v -0.6555 0.0944 0.3327
v -0.7949 0.0592 -0.4030
v -0.3540 0.0708 -0.5802
v -0.3729 0.1584 -0.5501
v -0.9022 0.0464 0.4617
v -0.8982 0.0439 0.5509
v -0.9033 0.0463 0.3721
v -0.8994 0.0498 0.4618
v -0.9018 0.0438 0.2808
v -0.8980 0.0444 0.6402
v -0.9015 0.0470 0.5957
v -0.8738 0.0471 -0.1732
v -0.8456 0.0481 -0.2667
v -0.8646 0.0457 -0.2074
v -0.8295 0.0480 -0.3155
v -0.8456 0.0456 -0.2668
v -0.8635 0.0455 -0.2050
v -0.9070 0.0471 0.1922
v -0.9003 0.0456 -0.0242
v -0.9016 0.0431 0.1441
v -0.9054 0.0450 0.1008
v -0.8969 0.0529 0.8824
v -0.8979 0.0450 0.7293
v -0.8974 0.0465 0.9052
v -0.8196 0.0501 0.2400
v -0.8907 0.0424 0.3411
v -0.8974 0.0422 0.3735
v -0.3521 0.0907 -0.7412
v -0.2188 0.1213 -0.8718
v -0.5353 0.1001 -0.7204
v -0.3590 0.0547 0.2209
v -0.3608 0.0559 0.0061
v -0.3587 0.0584 -0.0756
v -0.3620 0.0547 0.0900
v -0.3624 0.0607 -0.1091
v -0.7169 0.0587 -0.4909
v -0.7048 0.0932 -0.5435
v -0.7274 0.0786 -0.3413
v -0.4773 0.1476 -0.4790
v -0.5544 0.1149 -0.4355
v -0.5327 0.1528 -0.4422
v -0.5179 0.1208 -0.6721
v -0.8776 0.1031 -0.8240
v -0.7449 0.0717 -0.3514
v -0.8839 0.0558 1.3057
v -0.8828 0.0546 1.3110
v -0.8804 0.0561 1.3143
v -0.8905 0.0529 1.2525
v -0.8760 0.0567 1.3157
v -0.7524 0.0621 1.3185
v -0.6060 0.0730 1.3074
v -0.7298 0.0620 1.3229
v -0.5396 0.0820 1.3241
v -0.5473 0.0817 1.3131
v -0.6297 0.0627 1.3240
v -0.7298 0.0605 1.3237
v -0.7553 0.0611 1.3219
v -0.8001 0.0584 1.3210
v -0.5444 0.0641 1.3150
v -0.5925 0.0650 1.3293
v -0.6019 0.0656 1.3302
v -0.6042 0.0677 1.3294
v -0.6691 0.0628 1.3266
v -0.6698 0.0644 1.3258
v -0.5269 0.0646 1.3465
v -0.5432 0.0648 1.3214
v -0.8948 0.0483 1.0726
v -0.8943 0.0517 1.1441
v -0.8965 0.0492 1.0306
v -0.8915 0.0544 1.1438
v -0.8923 0.0523 1.2056
v -0.8854 0.0512 1.3017
v -0.8945 0.0485 1.0825
v -0.8906 0.0510 1.2452
v -0.8857 0.0554 1.2847
v -0.3032 0.1253 1.3510
v -0.5288 0.1025 1.3345
v -0.5018 0.1081 1.4054
v -0.3297 0.1377 1.5435
v -0.0102 0.7033 -0.9077
v -0.2878 0.6474 -0.4978
v -0.1342 0.7013 -0.8752
v -0.1669 0.7026 -0.8375
v -0.1754 0.7025 -0.8157
v -0.1851 0.7012 -0.7843
v -0.1739 0.7014 -0.8156
v -0.3135 0.7798 -0.1792
v -0.0331 0.7010 -0.9077
v -0.1975 0.6946 -0.7455
v -0.1547 0.6819 -0.8543
v -0.2001 0.7011 -0.7419
v -0.1844 0.6987 -0.7829
v -0.2177 0.7011 -0.6927
v -0.2348 0.6991 -0.6426
v -0.2130 0.6987 -0.7025
v -0.1867 0.7024 -0.7844
v -0.2019 0.7024 -0.7419
v -0.2195 0.7023 -0.6927
v -0.2357 0.7011 -0.6426
v -0.2376 0.7023 -0.6426
v -0.2523 0.7010 -0.5975
v -0.2404 0.6951 -0.6257
v -0.3121 0.5310 -0.1860
v -0.3152 0.7173 -0.3852
v -0.2541 0.6987 -0.5901
v -0.2855 0.6977 -0.5071
v -0.2548 0.8014 -0.0849
v -0.3159 0.7023 -0.3705
v -0.2869 0.6904 -0.5027
v 0.0686 0.8348 -0.0819
v -0.0560 0.7020 -0.9075
v -0.0712 0.7006 -0.9056
v -0.0320 0.7027 -0.9082
v -0.0526 0.7034 -0.9131
v -0.0543 0.7029 -0.9105
v -0.0930 0.7018 -0.9011
v -0.3160 0.8059 -0.1569
v -0.3592 0.0708 -0.4633
v -0.3580 0.0707 -0.4158
v -0.3592 0.0722 -0.4154
v -0.3579 0.0690 -0.4541
v -0.2743 0.1263 -0.7837
v -0.3572 0.0641 -0.5202
v -0.3577 0.0667 -0.4159
v -0.3568 0.0687 -0.3616
v -0.3569 0.0664 -0.3616
v -0.3572 0.0705 -0.3615
v -0.3584 0.0719 -0.3611
v -0.3595 0.0537 0.0897
v -0.3560 0.0518 0.1751
v -0.3572 0.0532 0.1753
v -0.3583 0.0549 0.0058
v -0.3583 0.0522 0.0895
v -0.3556 0.0499 0.1751
v -0.3571 0.0535 0.0056
v -0.3580 0.0504 0.0895
v -0.3251 0.0524 0.3687
v -0.3562 0.0574 -0.0759
v -0.3546 0.0541 -0.0762
v -0.3567 0.0516 0.0056
v -0.3547 0.0519 -0.0761
v -0.3568 0.0494 0.0056
v -0.3581 0.0482 0.0895
v -0.3557 0.0477 0.1752
v -0.3470 0.0499 0.2621
v -0.3471 0.0477 0.2621
v -0.3474 0.0517 0.2621
v -0.3533 0.0532 -0.1550
v -0.3541 0.0494 -0.0760
v -0.3539 0.0557 -0.1551
v -0.3538 0.0576 -0.2298
v -0.3544 0.0601 -0.2299
v -0.3550 0.0615 -0.2992
v -0.3556 0.0640 -0.2993
v -0.3562 0.0640 -0.3615
v -0.4696 0.0692 1.2416
v -0.3097 0.0516 0.4314
v -0.2899 0.0494 0.4943
v -0.2879 0.0512 0.5033
v -0.3309 0.0517 0.3491
v -0.3100 0.0498 0.4285
v -0.3487 0.0532 0.2623
v -0.3306 0.0499 0.3487
v -0.3307 0.0477 0.3486
v -0.3104 0.0477 0.4273
v -0.2913 0.0476 0.4899
v -0.2787 0.0474 0.5276
v -0.2738 0.0486 0.5420
v -0.2696 0.0501 0.5585
v -0.2538 0.0498 0.6170
v -0.3560 0.0656 -0.2297
v -0.3542 0.0598 -0.1551
v -0.3555 0.0612 -0.1549
v -0.3572 0.0695 -0.2989
v -0.3547 0.0641 -0.2299
v -0.3543 0.0623 -0.2300
v -0.3538 0.0579 -0.1551
v -0.3555 0.0662 -0.2993
v -0.3559 0.0681 -0.2992
v -0.3550 0.0559 -0.0761
v -0.3394 0.0507 -0.7223
v -0.3571 0.0642 -0.4158
v -0.3573 0.0626 -0.4629
v -0.2084 0.0470 0.8869
v -0.1975 0.0481 0.9754
v -0.1976 0.0504 0.9753
v -0.2193 0.0453 0.8072
v -0.2082 0.0447 0.8868
v -0.2285 0.0448 0.7442
v -0.2191 0.0431 0.8060
v -0.2342 0.0449 0.7064
v -0.2288 0.0429 0.7398
v -0.1965 0.0457 0.9753
v 0.3356 0.0440 -0.6903
v 0.3151 0.0346 0.1982
v -0.2501 0.0461 0.6170
v -0.2461 0.0475 0.6405
v -0.2566 0.0466 0.5936
v -0.2412 0.0453 0.6621
v -0.2452 0.0432 0.6289
v -0.2421 0.0567 0.7938
v -0.2635 0.0469 0.5720
v -0.2657 0.0437 0.5586
v -0.2362 0.0437 0.6920
v -0.2367 0.0464 0.6920
v -0.2411 0.0486 0.6755
v -0.2105 0.0535 0.8888
v -0.2348 0.0227 0.6290
v -0.3551 0.0452 0.1752
v -0.3464 0.0452 0.2622
v -0.3574 0.0457 0.0896
v -0.3562 0.0469 0.0057
v -0.3556 0.0627 -0.3303
v -0.2814 0.0456 0.5183
v -0.3094 0.0453 0.4286
v -0.3300 0.0452 0.3489
v -0.2101 0.0518 0.8861
v -0.2198 0.0477 0.8059
v -0.2086 0.0494 0.8866
v -0.2295 0.0469 0.7397
v -0.1976 0.0529 0.9752
v -0.1978 0.0552 0.9751
v -0.0334 0.0530 -1.3941
v -0.0449 0.0574 -1.3855
v -0.0377 0.0552 -1.3929
v -0.0274 0.0552 -1.3975
v -0.0870 0.0577 -1.3262
v -0.0497 0.0552 -1.3848
v -0.0955 0.0577 -1.3072
v -0.2887 0.0560 -0.8654
v -0.1870 0.0570 -1.0399
v -0.0406 0.0797 -1.3553
v -0.2408 0.7871 -0.0840
v -0.0954 0.9348 -0.0754
v -0.6133 0.0833 -0.6940
v -0.4839 0.1209 -0.7460
v -0.8822 0.0582 1.0132
v -0.8848 0.0543 1.3064
v -0.8194 0.0591 1.3196
v -0.7808 0.0589 1.3217
v -0.8194 0.0579 1.3204
v -0.8464 0.0578 1.3191
v -0.8732 0.0576 1.3155
v -0.8632 0.0578 1.3179
v -0.8907 0.0661 -0.8505
v -0.8963 0.0698 -0.8151
v -0.8535 0.0748 -0.6085
v -0.9534 0.1682 -1.1147
v -0.9558 0.2064 -1.1144
v -0.9543 0.2064 -1.1151
v -0.9557 0.2457 -1.1155
v -0.9528 0.1363 -1.1144
v -0.9548 0.1681 -1.1140
v -0.9572 0.2457 -1.1149
v -0.9668 0.3439 -1.1096
v -0.9407 0.0699 -1.0994
v -0.9376 0.0719 -1.1005
v -0.8654 0.0706 -1.0774
v -0.6439 0.0771 -0.6883
v -0.8323 0.0924 -1.0695
v -0.8725 0.1658 -0.7112
v -0.9473 0.0729 -1.0960
v -0.8608 0.0623 -0.6670
v -0.1710 0.0493 -1.0256
v -0.3355 0.0510 -0.7403
v -0.2742 0.1101 -0.8410
v -0.8127 0.0492 -0.4107
v -0.8361 0.0867 -0.5579
v -0.8121 0.0524 -0.3930
v -0.8828 0.0509 -0.0851
v -0.8129 0.0446 -0.3812
v -0.7826 0.0674 -0.4281
v -0.7717 0.0684 -0.4056
v -0.4069 0.1791 1.8632
v -0.4280 0.1220 1.6322
v -0.5297 0.0988 1.3377
v -0.5375 0.0928 1.3068
v -0.5553 0.0938 1.2616
v -0.5873 0.0925 1.1830
v -0.8052 0.0855 0.4612
v -0.8007 0.0836 0.5060
v -0.7802 0.0885 0.5864
v -0.8185 0.0826 0.3723
v -0.8202 0.0851 0.3244
v -0.7871 0.0804 0.5906
v -0.7759 0.0847 0.6390
v -0.8268 0.0824 0.2827
v -0.8227 0.0825 0.3275
v -0.8292 0.0724 0.2761
v -0.8085 0.0752 0.4610
v -0.8330 0.0827 0.1931
v -0.8316 0.0867 0.0480
v -0.8385 0.0704 0.0900
v -0.8346 0.0827 0.0190
v -0.8364 0.0797 0.1048
v -0.7490 0.0971 -0.3505
v -0.7726 0.0700 -0.2809
v -0.7949 0.0747 -0.2114
v -0.8274 0.0814 -0.0626
v -0.8142 0.0758 -0.1390
v -0.8310 0.0820 -0.0218
v -0.7485 0.0649 -0.3489
v -0.7728 0.0678 -0.2808
v -0.7485 0.0630 -0.3489
v -0.7952 0.0722 -0.2113
v -0.8138 0.0786 -0.1391
v -0.6859 0.0765 0.9442
v -0.7181 0.0793 0.8463
v -0.7430 0.0734 0.7733
v -0.7525 0.0588 -0.3448
v -0.8259 0.0601 0.5569
v -0.6990 0.0837 0.9003
v -0.6679 0.0815 0.9856
v -0.6676 0.0849 0.9855
v -0.7280 0.0828 0.8141
v -0.7543 0.0777 0.7273
v -0.7540 0.0821 0.7269
v -0.7765 0.0769 0.6394
v -0.7785 0.0716 0.6421
v -0.7629 0.0643 -0.3815
v -0.8144 0.0722 -0.1390
v -0.8289 0.0712 -0.0613
v -0.8330 0.0656 -0.0625
v -0.7901 0.0685 -0.2293
v -0.7490 0.0609 -0.3484
v -0.7956 0.0652 -0.2088
v -0.8402 0.0656 0.1489
v -0.8402 0.0661 0.0191
v -0.8338 0.0717 -0.0177
v -0.8284 0.0709 0.2813
v -0.5711 0.0939 1.0587
v -0.7632 0.0872 0.6832
v -0.6156 0.0917 1.1105
v -0.7537 0.0852 0.7269
v -0.7277 0.0858 0.8141
v -0.6987 0.0865 0.9003
v -0.6673 0.0875 0.9855
v -0.7944 0.0760 0.5508
v -0.8101 0.0701 0.4623
v -0.7964 0.0707 0.5525
v -0.8251 0.0648 0.3726
v -0.8208 0.0698 0.3724
v -0.6015 0.0923 1.1462
v -0.6033 0.0906 1.1459
v -0.5322 0.1012 1.3160
v -0.6348 0.0889 1.0687
v -0.6350 0.0865 1.0686
v -0.6035 0.0883 1.1458
v -0.5756 0.0900 1.2128
v -0.5372 0.0868 1.3144
v -0.5544 0.0885 1.2649
v -0.9640 0.3109 -1.1092
v -0.9481 0.3373 -1.0066
v -0.7865 0.0916 -0.9783
v -0.9500 0.0841 -1.1013
v -0.9503 0.1150 -1.1130
v -0.8339 0.0877 -0.5553
v -0.8138 0.0528 -0.3914
v -0.8308 0.0625 -0.5038
v -0.7434 0.1053 -0.3556
v -0.8431 0.1506 -0.5856
v -0.7460 0.1059 -0.3549
v -0.7486 0.0818 -0.3758
v -0.7465 0.0967 -0.3497
v -0.7407 0.0785 -0.3514
v -0.7587 0.0675 -0.3745
v -0.7762 0.0735 -1.0469
v -0.7566 0.0771 -1.0452
v -0.7727 0.0518 -0.6073
v -0.8184 0.0486 -0.4515
v -0.8437 0.0585 -0.6024
v -0.0751 0.9470 -0.0240
v -0.0000 0.9335 -0.0481
v -0.0000 1.0586 -0.0754
v -0.1035 0.9776 -0.0572
v -0.0787 1.0105 -0.0266
v -0.0900 0.9550 -0.0318
v -0.0407 1.0403 -0.0190
v -0.1883 0.0536 1.0650
v -0.1803 0.0583 1.1509
v -0.1804 0.0603 1.1509
v -0.1880 0.0513 1.0649
v -0.1801 0.0562 1.1509
v -0.1736 0.0655 1.2293
v -0.1736 0.0675 1.2293
v -0.1736 0.0636 1.2293
v -0.1883 0.0559 1.0649
v -0.1872 0.0486 1.0648
v -0.1940 0.0427 0.9751
v -0.1798 0.0541 1.1508
v -0.1735 0.0618 1.2292
v -0.1675 0.0684 1.2959
v -0.1675 0.0702 1.2960
v -0.1674 0.0720 1.2960
v -0.1674 0.0740 1.2960
v -0.1735 0.0697 1.2292
v -0.1674 0.0762 1.2960
v -0.1804 0.0626 1.1509
v -0.1872 0.0629 1.0644
v -0.1801 0.0678 1.1506
v -0.1798 0.0704 1.1505
v -0.1879 0.0608 1.0646
v -0.1803 0.0651 1.1508
v -0.1733 0.0750 1.2290
v -0.1732 0.0779 1.2289
v -0.1734 0.0722 1.2291
v -0.1981 0.0568 0.9748
v -0.1882 0.0583 1.0648
v -0.1673 0.0788 1.2959
v -0.1672 0.0815 1.2958
v -0.1671 0.0845 1.2956
v -0.1730 0.0808 1.2287
v -0.1794 0.0731 1.1503
v -0.1858 0.0645 1.0640
v -0.1616 0.0793 1.3484
v -0.1560 0.0835 1.3892
v -0.1617 0.0773 1.3484
v -0.1560 0.0796 1.3890
v -0.1615 0.0837 1.3484
v -0.1617 0.0754 1.3483
v -0.1617 0.0737 1.3483
v -0.1560 0.0778 1.3889
v -0.1503 0.0812 1.4218
v -0.1380 0.0956 1.4784
v -0.1163 0.1038 1.5649
v -0.1162 0.1063 1.5649
v -0.1161 0.1091 1.5647
v -0.1160 0.1120 1.5646
v -0.1406 0.1041 1.4594
v 0.0103 0.0988 1.5941
v -0.0872 0.0961 1.5661
v -0.5245 0.0677 1.3512
v -0.4012 0.2035 1.9322
v -0.3934 0.2167 1.9738
v -0.4597 0.1159 1.5158
v -0.4813 0.1125 1.4557
v -0.4639 0.1173 1.5030
v -0.4797 0.1141 1.4556
v -0.4465 0.1241 1.5587
v -0.4623 0.1189 1.5030
v -0.4320 0.1315 1.6213
v -0.4315 0.1339 1.6213
v -0.4449 0.1258 1.5587
v -0.4029 0.1989 1.9112
v -0.4000 0.2044 1.9238
v -0.4064 0.1867 1.8712
v -0.4059 0.1891 1.8712
v -0.4143 0.1590 1.7561
v -0.4208 0.1467 1.6886
v -0.4213 0.1444 1.6886
v -0.4097 0.1737 1.8187
v -0.4138 0.1614 1.7561
v -0.4194 0.1484 1.6886
v -0.4092 0.1761 1.8187
v -0.4125 0.1631 1.7561
v -0.4079 0.1778 1.8187
v -0.4300 0.1355 1.6213
v -0.4136 0.0893 1.7639
v -0.4214 0.0388 1.6885
v -0.4017 0.0369 1.9236
v -0.1000 0.1197 1.6507
v -0.0848 0.1350 1.7320
v -0.0848 0.1370 1.7320
v -0.1000 0.1177 1.6507
v -0.0848 0.1332 1.7320
v -0.0719 0.1507 1.8045
v -0.0719 0.1527 1.8045
v -0.0719 0.1489 1.8045
v -0.0999 0.1219 1.6506
v -0.1163 0.1015 1.5650
v -0.1164 0.0995 1.5650
v -0.1000 0.1158 1.6507
v -0.1150 0.0977 1.5722
v -0.0848 0.1314 1.7320
v -0.0719 0.1471 1.8045
v -0.0624 0.1604 1.8638
v -0.0624 0.1621 1.8638
v -0.0624 0.1639 1.8638
v -0.0624 0.1659 1.8637
v -0.0718 0.1549 1.8044
v -0.0624 0.1682 1.8637
v -0.0847 0.1392 1.7319
v -0.0996 0.1301 1.6503
v -0.0845 0.1445 1.7317
v -0.0844 0.1474 1.7316
v -0.0998 0.1272 1.6504
v -0.0846 0.1417 1.7318
v -0.0716 0.1602 1.8042
v -0.0715 0.1631 1.8041
v -0.0717 0.1574 1.8043
v -0.0995 0.1331 1.6502
v -0.0999 0.1244 1.6505
v -0.0623 0.1707 1.8636
v -0.0622 0.1741 1.8635
v -0.0714 0.1661 1.8039
v -0.0843 0.1504 1.7314
v -0.0336 0.1679 1.9007
v -0.1539 0.0672 1.2733
v -0.0573 0.1994 1.9744
v -0.0574 0.2016 1.9745
v -0.0576 0.1945 1.9747
v -0.0575 0.1932 1.9746
v -0.0572 0.2000 1.9743
v -0.0571 0.1793 1.9068
v -0.0572 0.1742 1.9069
v -0.0552 0.1851 1.9435
v -0.0559 0.1865 1.9580
v -0.0572 0.1724 1.9069
v -0.0572 0.1706 1.9069
v -0.0554 0.1785 1.9369
v -0.0559 0.1847 1.9580
v -0.0576 0.1971 1.9747
v -0.0551 0.1910 1.9469
v -0.0560 0.1951 1.9266
v -0.0525 0.1827 1.9516
v -0.4447 0.0454 1.5588
v -0.4597 0.0502 1.5032
v -0.4422 0.0454 1.5588
v -0.4622 0.0502 1.5032
v -0.4571 0.0502 1.5032
v -0.4397 0.0454 1.5588
v -0.4744 0.0550 1.4562
v -0.4297 0.0414 1.6213
v -0.5060 0.0610 1.3977
v -0.4717 0.0550 1.4562
v -0.4546 0.0502 1.5032
v -0.4372 0.0454 1.5588
v -0.4247 0.0414 1.6213
v -0.4222 0.0414 1.6213
v -0.4272 0.0414 1.6213
v -0.5071 0.0631 1.3769
v -0.5257 0.0647 1.3473
v -0.4908 0.0603 1.4061
v -0.4064 0.0369 1.8710
v -0.4021 0.0369 1.8710
v -0.3943 0.0369 1.9605
v -0.4073 0.0370 1.8185
v -0.4094 0.0375 1.7559
v -0.4048 0.0370 1.8185
v -0.4119 0.0375 1.7559
v -0.4165 0.0388 1.6885
v -0.4069 0.0375 1.7559
v -0.4023 0.0370 1.8185
v -0.4140 0.0388 1.6885
v -0.4098 0.0370 1.8185
v -0.4144 0.0375 1.7559
v -0.4189 0.0388 1.6885
v -0.4441 0.0446 1.5762
v -0.4115 0.0388 1.6885
v -0.4044 0.0375 1.7559
v -0.3998 0.0370 1.8185
v -0.4719 0.0581 1.4569
v -0.5105 0.0629 1.3592
v -0.3825 0.1952 1.9523
v -0.5180 0.0673 1.3023
v -0.4486 0.1165 1.5220
v -0.4264 0.1157 1.6073
v -0.1344 0.1618 1.7668
v -0.1511 0.0886 1.4188
v -0.1612 0.0927 1.3480
v -0.1167 0.0973 1.5643
v -0.1235 0.1020 1.5368
v -0.1377 0.0871 1.4793
v -0.1237 0.0930 1.5364
v -0.5098 0.0645 1.3448
v -0.9701 0.3455 -1.1063
v -0.9684 0.3448 -1.1070
v -0.9557 0.2247 -1.0283
v -0.9342 0.3303 -0.9175
v -0.9189 0.2963 -0.8571
v -0.8962 0.2311 -0.7768
v -0.9583 0.3273 -1.1117
v -0.9577 0.2804 -1.1161
v -0.9625 0.3085 -1.1158
v -0.3878 0.1962 1.9717
v -0.3889 0.0510 1.9733
v -0.3794 0.1981 1.9697
v -0.3938 0.1974 1.9738
v -0.1717 0.2183 1.9723
v -0.1874 0.2245 1.9738
v -0.0803 0.2245 1.9738
v -0.0468 0.0486 -1.3823
v -0.0430 0.0514 -1.3871
v 0.0059 0.0504 -1.3901
v -0.1321 0.0577 -1.1920
v -0.1528 0.0551 -1.1279
v -0.1524 0.0577 -1.1268
v -0.1133 0.0577 -1.2544
v -0.1327 0.0551 -1.1928
v -0.0741 0.0526 -1.3485
v -0.1140 0.0551 -1.2549
v -0.1749 0.0551 -1.0668
v -0.1362 0.0655 -1.0491
v -0.1160 0.0706 -1.0847
v 0.0138 0.0676 -1.3850
v -0.3285 0.3529 -0.8172
v -0.2542 0.2343 1.5306
v -0.2195 0.1079 1.5062
v -0.4898 0.0918 1.3834
v -0.4201 0.1530 1.7044
v -0.3721 0.2197 1.9725
v -0.3832 0.2199 1.9738
v -0.1434 0.2108 1.9716
v -0.6391 0.0796 1.0661
v -0.6354 0.0833 1.0686
v -0.6387 0.0796 1.0689
v -0.5760 0.0871 1.2128
v -0.6039 0.0853 1.1458
v -0.8392 0.0936 -0.5755
v -0.5783 0.1052 0.2273
v -0.3503 0.3554 -0.7957
v -0.3497 0.3612 -0.7922
v -0.3369 0.3532 -0.8064
v -0.3769 0.3511 -0.6652
v -0.3387 0.3660 -0.7881
v -0.6231 0.1227 -0.3329
v -0.8046 0.1550 -0.5088
v -0.9015 0.2468 -0.7937
v -0.2536 0.2415 -0.8762
v -0.1493 0.2587 -1.0369
v -0.3353 0.2026 -0.7087
v -0.3460 0.2130 -0.7083
v -0.3550 0.2035 -0.6768
v -0.3439 0.2258 -0.7305
v -0.1246 0.7024 -0.8904
v -0.1255 0.7013 -0.8855
v -0.0994 0.7002 -0.8982
v -0.1074 0.7031 -0.9023
v -0.1307 0.7030 -0.8889
v -0.1011 0.6860 -0.8935
v -0.1179 0.7002 -0.8896
v -0.1533 0.6983 -0.8585
v -0.1491 0.7007 -0.8642
v -0.1646 0.6984 -0.8374
v 0.1047 0.9412 -0.0775
v 0.0993 0.9329 -0.0776
v 0.0902 0.9314 -0.0754
v -0.0935 0.9370 -0.0699
v 0.1035 0.9776 -0.0572
v 0.0948 0.9250 -0.0806
v 0.0976 0.9864 -0.0754
v 0.0596 1.0506 -0.0754
v 0.0624 1.0554 -0.0764
v 0.0706 1.0537 -0.0806
v -0.0000 1.0614 -0.0443
v 0.8622 0.1459 -0.6355
v 0.3719 0.1624 -0.5576
v 0.3635 0.2037 -0.6606
v 0.3028 0.2227 1.3627
v 0.5366 0.1086 0.8888
v 0.8302 0.0902 -0.5527
v 0.6187 0.4236 -0.5992
v 0.6244 0.4814 -0.4711
v 0.6166 0.4980 -0.5830
v 0.3479 0.3661 -0.7485
v 0.3333 0.3585 -0.8051
v 0.6240 0.4318 -0.5669
v 0.4246 0.3682 -0.7038
v 0.3321 0.4612 -0.7815
v 0.6350 0.4543 -0.5865
v 0.6357 0.4527 -0.5948
v 0.3407 0.3638 -0.7860
v 0.5696 0.5132 -0.4584
v 0.5397 0.5244 -0.5720
v 0.3543 0.5363 -0.7101
v 0.0301 0.2443 -1.4223
v 0.0301 0.1917 -1.3902
v 0.0322 0.0783 -1.3683
v 0.1669 0.2606 -1.0049
v 0.1562 0.0949 -0.9546
v 0.3160 0.0570 -0.7615
v 0.2153 0.0649 -0.9086
v 0.3037 0.0663 -0.7401
v 0.3098 0.0602 -0.7709
v 0.0512 0.0638 -1.3734
v 0.6535 0.0948 0.3437
v 0.6546 0.1034 -0.0516
v 0.6596 0.0949 0.1873
v 0.6522 0.1156 0.3886
v 0.6010 0.0982 0.6616
v 0.5174 0.1004 0.9299
v 0.2167 0.1242 1.2901
v 0.5606 0.0943 0.8307
v 0.5777 0.0983 0.7509
v 0.5938 0.0954 0.7066
v 0.8792 0.0484 1.2903
v 0.3561 0.0684 -0.5585
v 0.7632 0.0673 1.2112
v 0.4345 0.1223 -0.5574
v 0.4873 0.1260 -0.4708
v 0.9015 0.0470 0.5957
v 0.8138 0.0528 -0.3914
v 0.8212 0.0602 0.5810
v 0.8980 0.0441 0.6071
v 0.8964 0.0424 0.4682
v 0.9033 0.0463 0.3721
v 0.9003 0.0456 -0.0242
v 0.9054 0.0450 0.1008
v 0.8974 0.0465 0.9052
v 0.8979 0.0450 0.7293
v 0.2606 0.1231 -0.8541
v 0.4841 0.1077 -0.7432
v 0.2472 0.1113 -0.8524
v 0.2217 0.1423 -0.8700
v 0.5520 0.0567 0.6891
v 0.3512 0.0542 0.2626
v 0.2726 0.0539 0.5742
v 0.3093 0.1009 -0.8039
v 0.6220 0.0946 0.5903
v 0.6424 0.0928 0.5216
v 0.6116 0.0983 0.6170
v 0.6682 0.0911 0.2674
v 0.3608 0.0559 0.0061
v 0.3587 0.0584 -0.0756
v 0.3597 0.0542 0.1756
v 0.3620 0.0547 0.0900
v 0.6005 0.0931 0.7105
v 0.5189 0.0955 0.9477
v 0.3597 0.0705 -0.2984
v 0.3580 0.0622 -0.1545
v 0.3585 0.0666 -0.2292
v 0.7104 0.0597 -0.6341
v 0.3636 0.1440 -0.7914
v 0.6270 0.0943 -0.6967
v 0.6226 0.1222 -0.3414
v 0.6790 0.0887 -0.3524
v 0.6428 0.1376 -0.2843
v 0.8631 0.1560 -0.6758
v 0.7434 0.1071 -0.3567
v 0.8917 0.0537 1.1552
v 0.8839 0.0558 1.3057
v 0.8828 0.0546 1.3110
v 0.8867 0.0540 1.3017
v 0.8906 0.0510 1.2452
v 0.7807 0.0602 1.3209
v 0.7298 0.0605 1.3237
v 0.7808 0.0589 1.3217
v 0.6998 0.0632 1.3244
v 0.6042 0.0677 1.3294
v 0.6691 0.0628 1.3266
v 0.6019 0.0656 1.3302
v 0.3053 0.1259 1.3564
v 0.8943 0.0517 1.1441
v 0.8948 0.0483 1.0726
v 0.8918 0.0502 1.2033
v 0.8905 0.0529 1.2525
v 0.8965 0.0492 1.0306
v 0.4229 0.1080 1.1292
v 0.4964 0.1093 1.4185
v 0.5267 0.1014 1.3448
v -0.0133 0.7037 -0.9081
v 0.1555 0.7011 -0.8545
v 0.1501 0.7019 -0.8647
v 0.1739 0.7014 -0.8156
v 0.1859 0.7018 -0.7844
v 0.0117 0.7029 -0.9078
v 0.0919 0.6868 -0.9004
v 0.0782 0.7009 -0.9054
v 0.2905 0.6980 -0.4916
v 0.2677 0.5310 -0.1008
v 0.2844 0.6978 -0.5098
v 0.3046 0.7864 -0.1403
v 0.2078 0.6982 -0.7165
v 0.2946 0.6311 -0.4730
v 0.2359 0.6980 -0.6383
v 0.2177 0.7011 -0.6927
v 0.2001 0.7011 -0.7419
v 0.2019 0.7024 -0.7419
v 0.2541 0.7023 -0.5975
v 0.2195 0.7023 -0.6927
v 0.2357 0.7011 -0.6426
v 0.3251 0.7279 -0.2804
v 0.2645 0.7010 -0.5657
v 0.2403 0.7880 -0.0838
v 0.0358 0.7011 -0.9077
v 0.0560 0.7020 -0.9075
v 0.0746 0.7019 -0.9053
v 0.0715 0.7033 -0.9119
v 0.0250 0.7039 -0.9119
v 0.0664 0.7029 -0.9110
v 0.0125 0.7035 -0.9079
v 0.3152 0.7173 -0.3852
v 0.3580 0.0707 -0.4158
v 0.3592 0.0708 -0.4633
v 0.3592 0.0722 -0.4154
v 0.3572 0.0705 -0.3615
v 0.3584 0.0719 -0.3611
v 0.3568 0.0687 -0.3616
v 0.3577 0.0667 -0.4159
v 0.3579 0.0690 -0.4541
v 0.3579 0.0668 -0.4852
v 0.3241 0.0822 -0.6967
v 0.3560 0.0518 0.1751
v 0.3595 0.0537 0.0897
v 0.3572 0.0532 0.1753
v 0.3556 0.0499 0.1751
v 0.3583 0.0522 0.0895
v 0.3583 0.0549 0.0058
v 0.3580 0.0504 0.0895
v 0.3571 0.0535 0.0056
v 0.3487 0.0532 0.2623
v 0.3474 0.0517 0.2621
v 0.3470 0.0499 0.2621
v 0.3557 0.0477 0.1752
v 0.3581 0.0482 0.0895
v 0.3568 0.0494 0.0056
v 0.3567 0.0516 0.0056
v 0.3547 0.0519 -0.0761
v 0.3546 0.0541 -0.0762
v 0.3550 0.0559 -0.0761
v 0.3562 0.0574 -0.0759
v 0.3533 0.0532 -0.1550
v 0.3539 0.0557 -0.1551
v 0.3229 0.0453 0.3619
v 0.3556 0.0640 -0.2993
v 0.3562 0.0640 -0.3615
v 0.3569 0.0664 -0.3616
v 0.3544 0.0601 -0.2299
v 0.3550 0.0615 -0.2992
v 0.3538 0.0576 -0.2298
v 0.3105 0.0531 0.4349
v 0.2899 0.0494 0.4943
v 0.3097 0.0516 0.4314
v 0.2879 0.0512 0.5033
v 0.3322 0.0532 0.3497
v 0.3100 0.0498 0.4285
v 0.3309 0.0517 0.3491
v 0.2738 0.0486 0.5420
v 0.2696 0.0501 0.5585
v 0.2787 0.0474 0.5276
v 0.2913 0.0476 0.4899
v 0.3104 0.0477 0.4273
v 0.3306 0.0499 0.3487
v 0.3307 0.0477 0.3486
v 0.3542 0.0598 -0.1551
v 0.3560 0.0656 -0.2297
v 0.3555 0.0612 -0.1549
v 0.3543 0.0623 -0.2300
v 0.3547 0.0641 -0.2299
v 0.3572 0.0695 -0.2989
v 0.3555 0.0662 -0.2993
v 0.3559 0.0681 -0.2992
v 0.3538 0.0579 -0.1551
v 0.3360 0.0699 -0.6820
v 0.3571 0.0642 -0.4158
v 0.3573 0.0626 -0.4629
v 0.1975 0.0481 0.9754
v 0.2084 0.0470 0.8869
v 0.1976 0.0504 0.9753
v 0.1965 0.0457 0.9753
v 0.2082 0.0447 0.8868
v 0.2288 0.0429 0.7398
v 0.2342 0.0449 0.7064
v 0.2285 0.0448 0.7442
v 0.2191 0.0431 0.8060
v 0.2193 0.0453 0.8072
v 0.2501 0.0461 0.6170
v 0.2577 0.0484 0.5935
v 0.2450 0.0457 0.6405
v 0.2635 0.0469 0.5720
v 0.2511 0.0436 0.6054
v 0.2411 0.0486 0.6755
v 0.2412 0.0453 0.6621
v 0.2367 0.0464 0.6920
v 0.2362 0.0437 0.6920
v 0.2368 0.0421 0.6756
v 0.1524 0.0702 1.2960
v 0.2734 0.0459 0.5421
v 0.2896 0.0509 0.4950
v 0.3471 0.0477 0.2621
v 0.3551 0.0452 0.1752
v 0.3541 0.0494 -0.0760
v 0.3562 0.0469 0.0057
v 0.3574 0.0457 0.0896
v 0.2894 0.0454 0.4944
v 0.3464 0.0452 0.2622
v 0.3300 0.0452 0.3489
v 0.3094 0.0453 0.4286
v 0.2198 0.0477 0.8059
v 0.2101 0.0518 0.8861
v 0.2538 0.0498 0.6170
v 0.1978 0.0552 0.9751
v 0.2086 0.0494 0.8866
v 0.1976 0.0529 0.9752
v 0.2295 0.0469 0.7397
v 0.3485 0.0536 -0.6429
v 0.3394 0.0507 -0.7223
v 0.0794 0.0552 -1.3454
v 0.0741 0.0526 -1.3485
v 0.0436 0.0589 -1.3868
v -0.2440 0.0371 -0.8421
v 0.1870 0.0570 -1.0399
v 0.1748 0.0577 -1.0655
v 0.1048 0.0497 -1.2531
v 0.0468 0.0489 -1.3832
v -0.0113 0.1175 -1.3780
v 0.2453 0.7977 -0.0891
v -0.2566 0.6490 -0.1049
v 0.6060 0.0921 -0.6979
v 0.6133 0.0833 -0.6940
v 0.4867 0.0902 -0.7381
v 0.8777 0.0527 -0.0511
v 0.8640 0.0568 1.3187
v 0.8463 0.0583 1.3187
v 0.8465 0.0573 1.3196
v 0.8194 0.0591 1.3196
v 0.5343 0.0664 1.3309
v 0.8769 0.0566 1.3136
v 0.7907 0.0601 -0.4017
v 0.6810 0.0913 0.5967
v 0.6368 0.0906 0.9741
v 0.7436 0.0727 -0.3470
v 0.7413 0.0744 -0.3539
v 0.7278 0.0817 -1.0263
v 0.7575 0.1045 -0.7048
v 0.6753 0.0858 -0.7374
v 0.9473 0.0729 -1.0960
v 0.9061 0.0683 -0.8916
v 0.8437 0.0585 -0.6024
v 0.9534 0.1682 -1.1147
v 0.9558 0.2064 -1.1144
v 0.9548 0.1681 -1.1140
v 0.9557 0.2457 -1.1155
v 0.9543 0.2064 -1.1151
v 0.9577 0.2804 -1.1161
v 0.9572 0.2457 -1.1149
v 0.9686 0.3404 -1.1135
v 0.9528 0.1363 -1.1144
v 0.9159 0.0848 -1.1052
v 0.9468 0.0954 -1.1084
v 0.8755 0.0751 -1.0857
v 0.9347 0.0688 -1.0994
v 0.9439 0.0725 -1.0617
v 0.7352 0.0843 -1.0392
v 0.9543 0.3152 -1.1024
v 0.8920 0.0693 -0.7942
v 0.2316 0.1067 -0.8515
v 0.6606 0.0798 -0.7043
v 0.8393 0.0641 -0.5542
v 0.8281 0.0521 -0.5110
v 0.4070 0.1793 1.8610
v 0.4029 0.1864 1.9177
v 0.7898 0.0690 -0.4328
v 0.7800 0.0715 -0.4266
v 0.8192 0.0624 -0.4419
v 0.8181 0.0836 -0.5196
v 0.5403 0.0953 1.2994
v 0.5539 0.0915 1.2650
v 0.7937 0.0839 0.5505
v 0.8052 0.0855 0.4612
v 0.7912 0.0862 0.5501
v 0.8131 0.0829 0.4169
v 0.8159 0.0849 0.3719
v 0.7762 0.0814 0.6390
v 0.7759 0.0847 0.6390
v 0.8077 0.0832 0.4616
v 0.8158 0.0719 0.4086
v 0.8268 0.0824 0.2827
v 0.7857 0.0884 0.5057
v 0.7607 0.0888 0.6580
v 0.7734 0.0869 0.6386
v 0.8292 0.0853 0.1981
v 0.8345 0.0828 0.1489
v 0.8346 0.0827 0.0190
v 0.8364 0.0720 0.1670
v 0.8344 0.0714 -0.0112
v 0.8302 0.0826 0.1508
v 0.8206 0.0800 -0.1009
v 0.8295 0.0868 0.0496
v 0.6933 0.0910 -0.1807
v 0.7726 0.0700 -0.2809
v 0.7927 0.0767 -0.2123
v 0.7949 0.0747 -0.2114
v 0.8178 0.0824 -0.1075
v 0.8142 0.0758 -0.1390
v 0.8274 0.0814 -0.0626
v 0.7952 0.0722 -0.2113
v 0.8138 0.0786 -0.1391
v 0.7728 0.0678 -0.2808
v 0.7485 0.0649 -0.3489
v 0.7713 0.0718 -0.2815
v 0.7485 0.0691 -0.3489
v 0.7485 0.0632 -0.3489
v 0.7430 0.0734 0.7733
v 0.7181 0.0793 0.8463
v 0.7543 0.0777 0.7273
v 0.6679 0.0815 0.9856
v 0.6990 0.0837 0.9003
v 0.6676 0.0849 0.9855
v 0.7785 0.0716 0.6421
v 0.7765 0.0769 0.6394
v 0.7540 0.0821 0.7269
v 0.7280 0.0828 0.8141
v 0.7697 0.0642 -0.3959
v 0.7723 0.0676 -0.4063
v 0.7561 0.0643 -0.3671
v 0.7490 0.0609 -0.3484
v 0.8144 0.0722 -0.1390
v 0.7956 0.0652 -0.2088
v 0.7901 0.0685 -0.2293
v 0.8289 0.0712 -0.0613
v 0.8370 0.0658 -0.0003
v 0.6634 0.0901 0.9870
v 0.6987 0.0865 0.9003
v 0.7254 0.0878 0.8138
v 0.7277 0.0858 0.8141
v 0.7513 0.0874 0.7266
v 0.6673 0.0875 0.9855
v 0.7537 0.0852 0.7269
v 0.5396 0.0820 1.3241
v 0.8290 0.0649 0.3276
v 0.8101 0.0701 0.4623
v 0.7944 0.0760 0.5508
v 0.7964 0.0707 0.5525
v 0.8018 0.0768 0.5081
v 0.6015 0.0923 1.1462
v 0.6222 0.0919 1.0913
v 0.6348 0.0889 1.0687
v 0.5296 0.1021 1.3293
v 0.5553 0.0938 1.2616
v 0.6033 0.0906 1.1459
v 0.5756 0.0900 1.2128
v 0.6035 0.0883 1.1458
v 0.6350 0.0865 1.0686
v 0.5301 0.0847 1.3361
v 0.7279 0.0886 -1.0302
v 0.9651 0.3137 -1.0901
v 0.9535 0.1024 -1.1107
v 0.8212 0.1613 -0.5410
v 0.7661 0.1230 -0.3953
v 0.7485 0.0665 -0.3489
v 0.7468 0.1079 -0.3555
v 0.9291 0.0982 -1.1027
v 0.7694 0.0712 -0.4015
v 0.7465 0.0967 -0.3497
v 0.7407 0.0791 -0.3514
v 0.7486 0.0928 -0.3493
v 0.7558 0.0764 -0.3673
v 0.7516 0.1180 -0.3644
v 0.9376 0.0719 -1.1005
v 0.8134 0.0459 -0.4100
v 0.0921 0.9472 -0.0401
v 0.0407 1.0403 -0.0190
v 0.0793 1.0088 -0.0306
v 0.0828 0.9413 -0.0473
v 0.1883 0.0536 1.0650
v 0.1803 0.0583 1.1509
v 0.1880 0.0513 1.0649
v 0.1804 0.0603 1.1509
v 0.1736 0.0655 1.2293
v 0.1801 0.0562 1.1509
v 0.1872 0.0486 1.0648
v 0.1736 0.0636 1.2293
v 0.1883 0.0559 1.0649
v 0.1804 0.0626 1.1509
v 0.1736 0.0675 1.2293
v 0.1735 0.0697 1.2292
v 0.1674 0.0740 1.2960
v 0.1674 0.0720 1.2960
v 0.1675 0.0702 1.2960
v 0.1675 0.0684 1.2959
v 0.1735 0.0618 1.2292
v 0.1798 0.0541 1.1508
v 0.1863 0.0455 1.0646
v 0.1940 0.0427 0.9751
v 0.1872 0.0629 1.0644
v 0.1801 0.0678 1.1506
v 0.1879 0.0608 1.0646
v 0.1798 0.0704 1.1505
v 0.1733 0.0750 1.2290
v 0.1803 0.0651 1.1508
v 0.1882 0.0583 1.0648
v 0.1734 0.0722 1.2291
v 0.1794 0.0731 1.1503
v 0.1858 0.0645 1.0640
v 0.1732 0.0779 1.2289
v 0.1730 0.0808 1.2287
v 0.1671 0.0845 1.2956
v 0.1672 0.0815 1.2958
v 0.1673 0.0788 1.2959
v 0.1674 0.0762 1.2960
v 0.1981 0.0568 0.9748
v 0.1616 0.0793 1.3484
v 0.1560 0.0835 1.3892
v 0.1617 0.0773 1.3484
v 0.1560 0.0796 1.3890
v 0.1617 0.0754 1.3483
v 0.1615 0.0837 1.3484
v 0.1503 0.0812 1.4218
v 0.1560 0.0778 1.3889
v 0.1617 0.0737 1.3483
v 0.1280 0.1060 1.5179
v 0.1276 0.1100 1.5171
v 0.1161 0.1091 1.5647
v 0.1162 0.1063 1.5649
v 0.1163 0.1038 1.5649
v 0.4265 0.1107 1.6422
v 0.5366 0.0829 1.3157
v 0.3977 0.2101 1.9536
v 0.3450 0.1338 1.5347
v 0.4813 0.1125 1.4557
v 0.4797 0.1141 1.4556
v 0.4639 0.1173 1.5030
v 0.4623 0.1189 1.5030
v 0.4465 0.1241 1.5587
v 0.4449 0.1258 1.5587
v 0.4315 0.1339 1.6213
v 0.4478 0.1176 1.5536
v 0.4038 0.1966 1.9047
v 0.4064 0.1867 1.8712
v 0.4059 0.1891 1.8712
v 0.4000 0.2044 1.9238
v 0.3934 0.2167 1.9738
v 0.3978 0.1239 1.9464
v 0.4208 0.1467 1.6886
v 0.4143 0.1590 1.7561
v 0.4213 0.1444 1.6886
v 0.4194 0.1484 1.6886
v 0.4138 0.1614 1.7561
v 0.4097 0.1737 1.8187
v 0.4125 0.1631 1.7561
v 0.4092 0.1761 1.8187
v 0.4300 0.1355 1.6213
v 0.5036 0.1116 1.4056
v 0.4079 0.1778 1.8187
v 0.4214 0.0725 1.6886
v 0.4136 0.0867 1.7639
v 0.4387 0.0433 1.6098
v 0.1000 0.1197 1.6507
v 0.0848 0.1350 1.7320
v 0.1000 0.1177 1.6507
v 0.0848 0.1370 1.7320
v 0.0719 0.1507 1.8045
v 0.0848 0.1332 1.7320
v 0.1000 0.1158 1.6507
v 0.0719 0.1489 1.8045
v 0.1163 0.1015 1.5650
v 0.0999 0.1219 1.6506
v 0.0847 0.1392 1.7319
v 0.0719 0.1527 1.8045
v 0.0718 0.1549 1.8044
v 0.0624 0.1659 1.8637
v 0.0624 0.1639 1.8638
v 0.0624 0.1621 1.8638
v 0.0624 0.1604 1.8638
v 0.0719 0.1471 1.8045
v 0.0848 0.1314 1.7320
v 0.1000 0.1141 1.6507
v 0.1150 0.0977 1.5722
v 0.1164 0.0995 1.5650
v 0.0996 0.1301 1.6503
v 0.0845 0.1445 1.7317
v 0.0998 0.1272 1.6504
v 0.0844 0.1474 1.7316
v 0.0716 0.1602 1.8042
v 0.0846 0.1417 1.7318
v 0.0999 0.1244 1.6505
v 0.0717 0.1574 1.8043
v 0.0995 0.1331 1.6502
v 0.1160 0.1120 1.5646
v 0.0843 0.1504 1.7314
v 0.0715 0.1631 1.8041
v 0.0620 0.1794 1.8632
v 0.0622 0.1741 1.8635
v 0.0623 0.1707 1.8636
v 0.0624 0.1682 1.8637
v 0.0563 0.1746 1.9219
v 0.0572 0.2009 1.9743
v 0.0573 0.1997 1.9744
v 0.0572 0.2027 1.9743
v 0.0573 0.1979 1.9744
v 0.0575 0.1966 1.9746
v 0.0573 0.2014 1.9744
v 0.0572 0.2044 1.9743
v 0.0575 0.1984 1.9746
v 0.0571 0.2022 1.9741
v 0.0571 0.2040 1.9741
v 0.0572 0.1992 1.9743
v 0.0573 0.1962 1.9744
v 0.0575 0.1949 1.9746
v 0.0575 0.1932 1.9746
v 0.0576 0.1936 1.9747
v 0.0576 0.1954 1.9747
v 0.0576 0.1971 1.9747
v 0.0575 0.2001 1.9746
v 0.0573 0.2031 1.9744
v 0.0572 0.2061 1.9743
v 0.0571 0.2057 1.9741
v 0.0571 0.1793 1.9068
v 0.0572 0.1742 1.9069
v 0.0554 0.1828 1.9368
v 0.0572 0.1724 1.9069
v 0.0553 0.1882 1.9479
v 0.0554 0.1785 1.9369
v 0.0572 0.1706 1.9069
v 0.0552 0.2006 1.9469
v 0.0559 0.1847 1.9580
v 0.0249 0.1765 1.9341
v 0.0000 0.1859 1.9747
v 0.4447 0.0454 1.5588
v 0.4597 0.0502 1.5032
v 0.4422 0.0454 1.5588
v 0.4571 0.0502 1.5032
v 0.4622 0.0502 1.5032
v 0.4744 0.0550 1.4562
v 0.4297 0.0414 1.6213
v 0.4272 0.0414 1.6213
v 0.4397 0.0454 1.5588
v 0.4247 0.0414 1.6213
v 0.4372 0.0454 1.5588
v 0.4546 0.0502 1.5032
v 0.4717 0.0550 1.4562
v 0.4908 0.0603 1.4061
v 0.4441 0.0446 1.5762
v 0.5076 0.0629 1.3788
v 0.4985 0.0816 1.3611
v 0.5118 0.0621 1.3835
v 0.4008 0.0369 1.8710
v 0.3889 0.0369 1.9446
v 0.3998 0.0370 1.8185
v 0.4064 0.0369 1.8710
v 0.4073 0.0370 1.8185
v 0.4094 0.0375 1.7559
v 0.4119 0.0375 1.7559
v 0.4048 0.0370 1.8185
v 0.4069 0.0375 1.7559
v 0.4165 0.0388 1.6885
v 0.4189 0.0388 1.6885
v 0.4140 0.0388 1.6885
v 0.4098 0.0370 1.8185
v 0.4023 0.0370 1.8185
v 0.4044 0.0375 1.7559
v 0.4115 0.0388 1.6885
v 0.4222 0.0414 1.6213
v 0.4144 0.0375 1.7559
v 0.5125 0.0708 1.3032
v 0.4264 0.1157 1.6073
v 0.3906 0.1782 1.8253
v 0.4943 0.0860 1.3764
v 0.0902 0.1529 1.7356
v 0.2309 0.1069 1.5008
v 0.1482 0.0958 1.4338
v 0.1670 0.0875 1.2955
v 0.1527 0.0985 1.4052
v 0.1301 0.0943 1.5111
v 0.1163 0.0977 1.5656
v 0.1236 0.1006 1.5363
v 0.1237 0.0930 1.5364
v 0.1377 0.0871 1.4793
v 0.4563 0.0520 1.5700
v 0.9218 0.3004 -0.8593
v 0.9684 0.3459 -1.1061
v 0.9664 0.3422 -1.1114
v 0.9342 0.3303 -0.9175
v 0.8852 0.2089 -0.7438
v 0.9503 0.1150 -1.1130
v 0.3938 0.1974 1.9738
v 0.3827 0.2051 1.9708
v 0.3731 0.2239 1.9738
v 0.2375 0.2174 1.9719
v 0.1740 0.2245 1.9738
v 0.3749 0.2092 1.9697
v 0.1606 0.2176 1.9724
v 0.1261 0.2140 1.9718
v 0.0469 0.0511 -1.3840
v 0.1528 0.0551 -1.1279
v 0.1321 0.0577 -1.1920
v 0.1524 0.0577 -1.1268
v 0.1876 0.0551 -1.0454
v 0.1327 0.0551 -1.1928
v 0.1133 0.0577 -1.2544
v 0.1749 0.0551 -1.0668
v 0.0964 0.0551 -1.3075
v 0.0870 0.0577 -1.3262
v 0.1679 0.0738 -0.9581
v 0.0559 0.0928 -1.2881
v 0.3318 0.5347 -0.8058
v 0.3078 0.1476 1.3546
v 0.3719 0.2207 1.9728
v 0.6387 0.0796 1.0689
v 0.6354 0.0833 1.0686
v 0.6039 0.0853 1.1458
v 0.5760 0.0871 1.2128
v 0.5544 0.0885 1.2649
v 0.3847 0.2152 1.9513
v 0.3497 0.3612 -0.7922
v 0.3503 0.3554 -0.7957
v 0.3414 0.3497 -0.8035
v 0.4221 0.3653 -0.7463
v 0.3726 0.3511 -0.6691
v 0.6464 0.1719 -0.2605
v 0.8962 0.2311 -0.7768
v 0.2685 0.1259 -0.7950
v 0.1567 0.1748 -0.9572
v 0.3353 0.2026 -0.7087
v 0.3439 0.2258 -0.7305
v 0.3460 0.2130 -0.7083
v 0.1302 0.7023 -0.8855
v 0.1016 0.7017 -0.8977
v 0.1307 0.7030 -0.8889
v 0.1074 0.7031 -0.9023
v 0.1179 0.7002 -0.8896
v 0.1255 0.7013 -0.8855
v 0.1547 0.6819 -0.8543
v 0.1590 0.6991 -0.8509
v 0.0681 0.7023 -0.8972
v 0.3046 0.8019 -0.1050
v 0.2709 0.7924 -0.0950
v 0.2720 0.8016 -0.0869
v -0.0549 1.0518 -0.0754
v -0.8867 0.0540 1.3017
v -0.8918 0.0502 1.2033
v -0.2060 0.0425 0.8864
v -0.1863 0.0455 1.0646
v -0.1000 0.1141 1.6507
v -0.9463 0.3430 -0.9789
v 0.1406 0.0780 -0.9974
v 0.3232 0.1562 -0.7602
v 0.8804 0.0561 1.3143
v 0.3550 0.0566 -0.5557
v 0.2060 0.0425 0.8864
v 0.6859 0.0765 0.9442
v 0.2977 0.7933 -0.1170
v -0.5759 0.4891 -1.6564
v -0.5733 0.4880 -1.6771
v -0.5771 0.4906 -1.6552
v -0.5767 0.4981 -1.6353
v -0.5706 0.4998 -1.6779
v -0.5715 0.4950 -1.6836
v -0.5995 0.5016 -1.6877
v -0.3721 0.4379 -1.6492
v -0.3800 0.4428 -1.6617
v -0.3698 0.4461 -1.6542
v -0.4441 0.4486 -1.6420
v -0.5666 0.4892 -1.6817
v -0.5666 0.5009 -1.6680
v -0.5699 0.4865 -1.6767
v -0.4952 0.4810 -1.6179
v -0.3764 0.4475 -1.6090
v -0.3755 0.4418 -1.6208
v -0.3729 0.4436 -1.6214
v -0.3742 0.4484 -1.6096
v -0.3761 0.4503 -1.6080
v -0.3765 0.4482 -1.6077
v -0.3705 0.4400 -1.6502
v -0.3775 0.4506 -1.6082
v -0.3780 0.4486 -1.6079
v -0.4341 0.4656 -1.6102
v -0.4348 0.4630 -1.6097
v -0.3852 0.4624 -1.6485
v -0.3694 0.4507 -1.6497
v -0.1761 0.4003 -1.5803
v -0.1763 0.3982 -1.5800
v -0.1738 0.3980 -1.5821
v -0.1737 0.3987 -1.5821
v -0.1698 0.3924 -1.6248
v -0.1695 0.3905 -1.6215
v -0.1762 0.3976 -1.5814
v -0.1708 0.4037 -1.6175
v -0.1713 0.3928 -1.6250
v -0.1695 0.3974 -1.6249
v -0.1721 0.3888 -1.6214
v -0.1760 0.3925 -1.5936
v -0.1709 0.3978 -1.6252
v -0.1777 0.3982 -1.5811
v -0.1778 0.3986 -1.5802
v -0.1695 0.3994 -1.6108
v -0.1602 0.3955 -1.6087
v -0.1682 0.3985 -1.6199
v -0.1680 0.3958 -1.6221
v -0.1690 0.3899 -1.6195
v -0.1705 0.3906 -1.6089
v -0.1723 0.3947 -1.5945
v -0.3705 0.4492 -1.6087
v -0.3708 0.4490 -1.6073
v -0.1776 0.4007 -1.5806
v -0.1698 0.4013 -1.6214
v -0.3679 0.4513 -1.6225
v -0.1725 0.3877 -1.6090
v -0.3655 0.4402 -1.6529
v -0.3668 0.4366 -1.6485
v -0.3645 0.4448 -1.6534
v -0.3641 0.4494 -1.6490
v -0.3654 0.4521 -1.6380
v -0.3727 0.4472 -1.6071
v -0.3709 0.4374 -1.6295
v -0.3735 0.4460 -1.6155
v -0.3698 0.4383 -1.6419
v -0.3720 0.4495 -1.6089
v -0.3670 0.4405 -1.6531
v -0.3656 0.4498 -1.6492
v -0.3668 0.4524 -1.6382
v -0.6213 0.3546 -1.7799
v -0.6052 0.3337 -1.7787
v -0.6256 0.3457 -1.8113
v -0.6298 0.3282 -1.7996
v -0.6285 0.3519 -1.8089
v -0.6265 0.3399 -1.8107
v -0.5942 0.3615 -1.7952
v -0.5940 0.3592 -1.8019
v -0.5937 0.3549 -1.8070
v -0.6119 0.3393 -1.7421
v -0.5919 0.3505 -1.8086
v -0.5900 0.3434 -1.7979
v -0.5917 0.3406 -1.7987
v -0.5917 0.3455 -1.8062
v -0.6078 0.3596 -1.7677
v -0.5928 0.3630 -1.7828
v -0.5920 0.3504 -1.8065
v -0.5924 0.3559 -1.7434
v -0.5926 0.3596 -1.8018
v -0.1518 0.3972 -1.7917
v -0.1527 0.4036 -1.7565
v -0.1539 0.3900 -1.7507
v -0.2364 0.3846 -1.7995
v -0.2342 0.3803 -1.7441
v -0.1535 0.3939 -1.7923
v -0.1520 0.3929 -1.7451
v -0.1575 0.3866 -1.7850
v -0.1597 0.3993 -1.7858
v -0.1547 0.3912 -1.7904
v -0.1565 0.3911 -1.7904
v -0.1553 0.3938 -1.7923
v -0.1893 0.3894 -1.7950
v -0.2511 0.3810 -1.7989
v -0.2361 0.3895 -1.7981
v -0.1545 0.3906 -1.7882
v -0.2695 0.3821 -1.7280
v -0.2220 0.3983 -1.7860
v -0.2664 0.3925 -1.7899
v -0.2474 0.3762 -1.7538
v -0.1500 0.3990 -1.7423
v -0.2695 0.3825 -1.7266
v -0.1502 0.3980 -1.7372
v -0.1510 0.3949 -1.7371
v -0.1398 0.3949 -1.7675
v -0.1526 0.3917 -1.7478
v -0.1532 0.3899 -1.7585
v -0.1538 0.3892 -1.7680
v -0.1533 0.3921 -1.7896
v -0.1522 0.3944 -1.7912
v -0.2695 0.3763 -1.7443
v -0.2712 0.3831 -1.7295
v -0.2717 0.3785 -1.7450
v -0.2688 0.3874 -1.7267
v -0.2708 0.3860 -1.7284
v -0.2712 0.3835 -1.7282
v -0.2679 0.3737 -1.7927
v -0.2675 0.3926 -1.7509
v -0.5870 0.3638 -1.7924
v -0.5884 0.3552 -1.7344
v -0.2715 0.3932 -1.7518
v -0.2719 0.3932 -1.7863
v -0.2718 0.3908 -1.7937
v -0.5873 0.3608 -1.8017
v -0.5884 0.3503 -1.7344
v -0.5881 0.3441 -1.7515
v -0.5899 0.3476 -1.8042
v -0.5899 0.3511 -1.8060
v -0.5880 0.3514 -1.8085
v -0.5878 0.3464 -1.8061
v -0.5866 0.3517 -1.8084
v -0.5863 0.3467 -1.8060
v -0.5863 0.3419 -1.7986
v -0.5862 0.3398 -1.7737
v -0.5878 0.3415 -1.7986
v -0.5883 0.3628 -1.7581
v -0.5890 0.3612 -1.7805
v -0.5869 0.3565 -1.8068
v -0.5884 0.3561 -1.8068
v -0.5890 0.3420 -1.7588
v -0.2728 0.3767 -1.7983
v -0.2724 0.3811 -1.8006
v -0.2734 0.3731 -1.7928
v -0.2713 0.3768 -1.7983
v -0.2742 0.3720 -1.7755
v -0.2720 0.3861 -1.7992
v -0.2736 0.3741 -1.7510
v -0.2704 0.3922 -1.7900
v -0.2711 0.3880 -1.7357
v -0.2724 0.3729 -1.7802
v -0.2726 0.3803 -1.7358
v -0.2709 0.3812 -1.8006
v -0.6306 0.1434 -1.7221
v -0.6306 0.1460 -1.7245
v -0.6306 0.1751 -1.8112
v -0.6306 0.2215 -1.8628
v -0.6306 0.2098 -1.8466
v -0.6306 0.2815 -1.8975
v -0.6306 0.3494 -1.9119
v -0.6306 0.3305 -1.9057
v -0.6306 0.4184 -1.9047
v -0.6306 0.4817 -1.8765
v -0.6306 0.4628 -1.8826
v -0.6306 0.5333 -1.8301
v -0.6306 0.5680 -1.7700
v -0.6306 0.5562 -1.7861
v -0.6306 0.5788 -1.6677
v -0.6306 0.5758 -1.6646
v -0.6306 0.5566 -1.6035
v -0.6306 0.5399 -1.5673
v -0.6306 0.4957 -1.5151
v -0.6306 0.4349 -1.4821
v -0.6306 0.4951 -1.5195
v -0.6306 0.3843 -1.4697
v -0.6306 0.3495 -1.4691
v -0.6306 0.3916 -1.4773
v -0.6306 0.2816 -1.4835
v -0.6306 0.2216 -1.5182
v -0.6306 0.2799 -1.4889
v -0.6306 0.1751 -1.5697
v -0.6306 0.1469 -1.6331
v -0.6306 0.1722 -1.5814
v -0.6264 0.2086 -1.6396
v -0.6295 0.1892 -1.5952
v -0.5772 0.2085 -1.6398
v -0.6261 0.2118 -1.6472
v -0.6263 0.2089 -1.6530
v -0.5776 0.2085 -1.6532
v -0.6264 0.2066 -1.6515
v -0.6268 0.2008 -1.6431
v -0.6037 0.1940 -1.6194
v -0.6262 0.2118 -1.6530
v -0.6300 0.1998 -1.6444
v -0.6298 0.2098 -1.6390
v -0.6298 0.2139 -1.6511
v -0.6298 0.2131 -1.6467
v -0.6299 0.2089 -1.6547
v -0.5803 0.2517 -1.5021
v -0.6240 0.2334 -1.3848
v -0.5722 0.1529 -1.4867
v -0.5841 0.1776 -1.4736
v -0.6250 0.2379 -1.3785
v -0.5914 0.1781 -1.4303
v -0.5718 0.1837 -1.6557
v -0.5833 0.2089 -1.4768
v -0.5728 0.1535 -1.5107
v -0.5786 0.1692 -1.4710
v -0.5768 0.1937 -1.5305
v -0.5744 0.1866 -1.6852
v -0.5750 0.2511 -1.5011
v -0.5572 0.2121 -1.5071
v -0.5499 0.2027 -1.5432
v -0.5269 0.2058 -1.5142
v -0.5286 0.1863 -1.6109
v -0.5591 0.1864 -1.6391
v -0.5831 0.2073 -1.4786
v -0.5740 0.2128 -1.4946
v -0.5502 0.2101 -1.5434
v -0.5726 0.2162 -1.5409
v -0.5688 0.1893 -1.6500
v -0.5854 0.2215 -1.4620
v -0.5868 0.2011 -1.4698
v -0.5531 0.2017 -1.6464
v -0.5395 0.1978 -1.6442
v -0.5299 0.2131 -1.5072
v -0.5588 0.1984 -1.6556
v -0.6259 0.2483 -1.6008
v -0.5734 0.2482 -1.6012
v -0.6272 0.2487 -1.6024
v -0.6261 0.2443 -1.6028
v -0.5740 0.2439 -1.6025
v -0.6273 0.2430 -1.6029
v -0.6294 0.2311 -1.5413
v -0.6266 0.2377 -1.5918
v -0.5747 0.2377 -1.5917
v -0.6260 0.2472 -1.6031
v -0.6259 0.2480 -1.5974
v -0.6286 0.2477 -1.5888
v -0.6306 0.2503 -1.5879
v -0.6285 0.2480 -1.6022
v -0.6275 0.2391 -1.5970
v -0.6297 0.2330 -1.5412
v -0.6111 0.5869 -1.7275
v -0.6112 0.5703 -1.6124
v -0.6092 0.5876 -1.6481
v -0.6081 0.6079 -1.6133
v -0.5900 0.4794 -1.8242
v -0.5873 0.4791 -1.8193
v -0.5971 0.4080 -1.8409
v -0.5909 0.4760 -1.8266
v -0.6004 0.4161 -1.8473
v -0.6312 0.4149 -1.8266
v -0.6004 0.4161 -1.8431
v -0.5907 0.4216 -1.8407
v -0.5886 0.4729 -1.8238
v -0.6061 0.4963 -1.8140
v -0.6052 0.4953 -1.8204
v -0.5998 0.4919 -1.8200
v -0.5890 0.4725 -1.8277
v -0.5834 0.4370 -1.8188
v -0.5847 0.4305 -1.8418
v -0.6004 0.4162 -1.8060
v -0.5846 0.4307 -1.8031
v -0.5859 0.4651 -1.7963
v -0.6054 0.4888 -1.7916
v -0.6056 0.5053 -1.8009
v -0.5907 0.4760 -1.7941
v -0.6047 0.4858 -1.7922
v -0.6005 0.4858 -1.8192
v -0.5856 0.4083 -1.7736
v -0.6002 0.4026 -1.7726
v -0.5956 0.4005 -1.7769
v -0.5903 0.4757 -1.8262
v -0.6311 0.4757 -1.8269
v -0.6311 0.4808 -1.8245
v -0.6167 0.2906 -1.4970
v -0.6167 0.2973 -1.4970
v -0.6186 0.2943 -1.4970
v -0.6186 0.2906 -1.4970
v -0.5829 0.1525 -1.6355
v -0.5822 0.1519 -1.6036
v -0.5830 0.1535 -1.6036
v -0.5786 0.1519 -1.5589
v -0.5796 0.1530 -1.5590
v -0.5717 0.1561 -1.4688
v -0.5807 0.1669 -1.4454
v -0.5817 0.1659 -1.4452
v -0.6062 0.1934 -1.4060
v -0.6074 0.1924 -1.4058
v -0.6287 0.2142 -1.3735
v -0.5262 0.2137 -1.4939
v -0.5271 0.2131 -1.4934
v -0.5272 0.2029 -1.5201
v -0.5266 0.2234 -1.4719
v -0.5272 0.2226 -1.4713
v -0.5766 0.2264 -1.4700
v -0.5859 0.2228 -1.4615
v -0.5935 0.2194 -1.4481
v -0.5935 0.2180 -1.4481
v -0.6309 0.5154 -1.5782
v -0.6232 0.5151 -1.5778
v -0.6231 0.5225 -1.5457
v -0.6309 0.5230 -1.5450
v -0.6183 0.5112 -1.5765
v -0.6183 0.5170 -1.5457
v -0.6159 0.5700 -1.7706
v -0.6131 0.5180 -1.5465
v -0.6134 0.5180 -1.5484
v -0.6200 0.5782 -1.7239
v -0.6124 0.5614 -1.5946
v -0.6309 0.5758 -1.7185
v -0.6309 0.5565 -1.7946
v -0.6130 0.5583 -1.7945
v -0.6159 0.5567 -1.7943
v -0.6190 0.5477 -1.5734
v -0.6072 0.5296 -1.5656
v -0.5949 0.6062 -1.7085
v -0.6129 0.5466 -1.5715
v -0.6309 0.5533 -1.7920
v -0.6152 0.5534 -1.7952
v -0.6154 0.5533 -1.7920
v -0.6145 0.5673 -1.7819
v -0.6120 0.5681 -1.7875
v -0.6151 0.5545 -1.7962
v -0.6138 0.5572 -1.7941
v -0.6128 0.5522 -1.7919
v -0.6154 0.5543 -1.7826
v -0.6134 0.5183 -1.5540
v -0.6125 0.5180 -1.5513
v -0.6070 0.4924 -1.5637
v -0.6128 0.5174 -1.5535
v -0.6150 0.5172 -1.5481
v -0.6160 0.5171 -1.5465
v -0.6139 0.5802 -1.7077
v -0.6266 0.5378 -1.5648
v -0.5774 0.4201 -1.7658
v -0.6118 0.5192 -1.5469
v -0.5946 0.6036 -1.7152
v -0.5890 0.4823 -1.7458
v -0.5956 0.6089 -1.6919
v -0.5950 0.6083 -1.7044
v -0.5968 0.5718 -1.6937
v -0.6151 0.5180 -1.5484
v -0.6051 0.3839 -1.6811
v -0.5994 0.3080 -1.4953
v -0.6078 0.2986 -1.4953
v -0.6050 0.3396 -1.5633
v -0.6308 0.3865 -1.7226
v -0.6313 0.3953 -1.7699
v -0.5936 0.4861 -1.7223
v -0.5952 0.4754 -1.6761
v -0.5864 0.4689 -1.6756
v -0.5864 0.4514 -1.7324
v -0.5914 0.3823 -1.6447
v -0.5916 0.4250 -1.6455
v -0.6305 0.5164 -1.7861
v -0.6066 0.5155 -1.7856
v -0.6049 0.5137 -1.7867
v -0.6075 0.3718 -1.8211
v -0.6075 0.4126 -1.8212
v -0.6056 0.4131 -1.8205
v -0.6056 0.3718 -1.8205
v -0.5983 0.5719 -1.7308
v -0.5958 0.5720 -1.7327
v -0.6143 0.5799 -1.7277
v -0.5973 0.5189 -1.7976
v -0.6103 0.5254 -1.8064
v -0.6113 0.5454 -1.7989
v -0.8879 0.3164 -1.7934
v -0.8797 0.3006 -1.6100
v -0.8638 0.3236 -1.6440
v -0.8799 0.4566 -1.6706
v -0.9081 0.2821 -1.5841
v -0.9081 0.4312 -1.8399
v -0.9081 0.5065 -1.6590
v -0.9081 0.2481 -1.8003
v -0.8710 0.4932 -1.5134
v -0.8615 0.2171 -1.8588
v -0.8806 0.5161 -1.6094
v -0.8663 0.1964 -1.7844
v -0.6574 0.1886 -1.8093
v -0.8794 0.3241 -1.4964
v -0.8378 0.3619 -1.8983
v -0.6574 0.4819 -1.5306
v -0.6574 0.3203 -1.4811
v -0.6574 0.3520 -1.4773
v -0.8186 0.3525 -1.4782
v -0.5967 0.5402 -1.7306
v -0.5966 0.5430 -1.7299
v -0.5969 0.5402 -1.7250
v -0.5965 0.5451 -1.7278
v -0.5966 0.5458 -1.7250
v -0.5967 0.5451 -1.7221
v -0.5969 0.5430 -1.7201
v -0.5971 0.5402 -1.7193
v -0.5973 0.5374 -1.7201
v -0.5973 0.5349 -1.7236
v -0.5969 0.5374 -1.7299
v -0.5946 0.5941 -1.7174
v -0.5947 0.5921 -1.7165
v -0.5950 0.5921 -1.7108
v -0.5950 0.5893 -1.7116
v -0.5949 0.5872 -1.7136
v -0.5948 0.5865 -1.7165
v -0.5947 0.5872 -1.7193
v -0.5946 0.5893 -1.7214
v -0.5982 0.6011 -1.6556
v -0.5984 0.6029 -1.6487
v -0.5984 0.6011 -1.6499
v -0.5985 0.5964 -1.6519
v -0.5979 0.5028 -1.7223
v -0.5981 0.5014 -1.7170
v -0.5977 0.5062 -1.7199
v -0.5978 0.5070 -1.7170
v -0.5979 0.5062 -1.7142
v -0.5984 0.4996 -1.7131
v -0.6051 0.4013 -1.8116
v -0.6051 0.3983 -1.8121
v -0.6052 0.3937 -1.8123
v -0.6051 0.3955 -1.8170
v -0.6082 0.3679 -1.7030
v -0.6083 0.3643 -1.7033
v -0.6083 0.3614 -1.6984
v -0.6083 0.3604 -1.7071
v -0.6116 0.3528 -1.6106
v -0.6117 0.3501 -1.6070
v -0.6117 0.3501 -1.6014
v -0.6117 0.3449 -1.6085
v -0.8506 0.3944 -1.6480
v -0.8506 0.3610 -1.6907
v -0.8506 0.3814 -1.7410
v -0.8506 0.3073 -1.6832
v -0.9776 0.3816 -1.6779
v -0.9765 0.3822 -1.6873
v -0.9761 0.3729 -1.6701
v -0.9763 0.3786 -1.7064
v -0.9734 0.3840 -1.7038
v -0.9724 0.3518 -1.7154
v -0.9453 0.3646 -1.7251
v -0.9776 0.3618 -1.7149
v -0.9783 0.3639 -1.7087
v -0.9763 0.3386 -1.6981
v -0.9492 0.3362 -1.7135
v -0.9739 0.3383 -1.7040
v -0.9589 0.3368 -1.6735
v -0.9776 0.3397 -1.6793
v -0.9761 0.3372 -1.6907
v -0.9806 0.3506 -1.6778
v -0.9627 0.3696 -1.6641
v -0.9761 0.3579 -1.6669
v -0.9851 0.3610 -1.6791
v -0.9739 0.3615 -1.6645
v -0.9453 0.3920 -1.6743
v -0.9453 0.3920 -1.7072
v -0.9787 0.3791 -1.6958
v -0.9787 0.3476 -1.7038
f 6991 6992 6983
f 6982 6984 6998
f 6981 6990 6985
f 6985 6986 6987
f 6987 6981 6985
f 6991 6983 6988
f 6998 6994 6982
f 6989 6986 6985
f 6993 6994 6995
f 6995 6996 6993
f 6999 6987 6986
f 6988 6992 6991
f 6997 6981 6987
f 6987 6999 6997
f 6999 6986 6989
f 6997 6990 6981
f 6998 6984 6994
f 7004 7005 7003
f 7015 7008 7001
f 7007 7009 7010
f 7010 7011 7007
f 7005 7004 7000
f 7012 7003 7005
f 7002 7007 7013
f 7002 7013 7014
f 7016 7017 7018
f 7019 7018 7020
f 7020 7018 7021
f 7018 7022 7023
f 7024 7025 7026
f 7026 7027 7024
f 7012 7005 7000
f 7006 7015 7001
f 7001 7008 7006
f 7002 7014 7007
f 7028 7029 7030
f 7031 7028 7032
f 7032 7051 7031
f 7033 7029 7034
f 7034 7035 7033
f 7053 7043 7040
f 6996 7036 7037
f 6995 7038 7036
f 7041 7037 7036
f 7036 7042 7041
f 7038 7039 7054
f 7044 7045 7037
f 7037 7041 7044
f 7046 7028 7031
f 7046 7034 7029
f 7047 7048 7041
f 7041 7042 7047
f 7054 7039 7050
f 7033 7030 7029
f 7049 7035 7034
f 7056 7051 7032
f 7053 7052 7054
f 7054 7050 7053
f 7056 7032 7055
f 7058 7033 7035
f 7040 7052 7053
f 7033 7058 7057
f 7057 7030 7033
f 7058 7035 7049
f 7028 7030 7032
f 7046 7029 7028
f 7056 7055 7057
f 7030 7057 7055
f 7055 7032 7030
f 7040 7039 7038
f 7040 7043 7039
f 7050 7039 7043
f 7043 7053 7050
f 7061 7060 7059
f 7062 7061 7059
f 7063 7062 7059
f 7059 7064 7065
f 7065 7063 7059
f 7067 7065 7064
f 7064 7066 7067
f 7068 7067 7066
f 7070 7068 7066
f 7066 7069 7070
f 7071 7070 7069
f 7073 7071 7069
f 7069 7072 7073
f 7075 7073 7072
f 7076 7075 7074
f 7077 7076 7074
f 7078 7077 7074
f 7074 7079 7080
f 7080 7078 7074
f 7081 7080 7079
f 7083 7081 7079
f 7079 7082 7083
f 7084 7083 7082
f 7060 7084 7082
f 7060 7082 7059
f 7064 7059 7085
f 7066 7064 7085
f 7069 7066 7085
f 7085 7072 7069
f 7085 7075 7072
f 7085 7074 7075
f 7074 7085 7079
f 7082 7079 7085
f 7059 7082 7085
f 7087 7088 7086
f 7089 7087 7086
f 7091 7092 7090
f 7094 7095 7093
f 7096 7095 7094
f 7097 7090 7092
f 7098 7089 7086
f 7099 7091 7090
f 7090 7097 7099
f 7093 7095 7096
f 7098 7086 7088
f 7100 7101 7104
f 7104 7101 7103
f 7100 7104 7105
f 7101 7102 7103
f 7101 7100 7102
f 7108 7111 7106
f 7109 7108 7106
f 7116 7109 7106
f 7110 7111 7113
f 7111 7107 7106
f 7112 7107 7111
f 7112 7111 7110
f 7111 7114 7113
f 7114 7111 7108
f 7114 7108 7109
f 7109 7116 7113
f 7113 7114 7109
f 7110 7115 7112
f 7110 7118 7115
f 7118 7110 7116
f 7116 7117 7118
f 7106 7117 7116
f 7128 7123 7130
f 7125 7121 7126
f 7122 7126 7121
f 7127 7120 7124
f 7125 7122 7121
f 7129 7128 7130
f 7113 7116 7110
f 7131 7130 7123
f 7120 7119 7124
f 7131 7123 7128
f 7127 7119 7120
f 7130 7131 7132
f 7134 7135 7133
f 7137 7138 7136
f 7134 7136 7138
f 7139 7133 7135
f 7141 7142 7140
f 7142 7141 7143
f 7144 7142 7143
f 7145 7134 7133
f 7133 7139 7145
f 7146 7137 7136
f 7136 7134 7146
f 7144 7140 7142
f 7130 7132 7129
f 7150 7148 7147
f 7151 7152 7153
f 7155 7156 7157
f 7154 7152 7151
f 7152 7165 7153
f 7155 7167 7166
f 7166 7156 7155
f 7155 7157 7167
f 7158 7159 7173
f 7168 7159 7161
f 7169 7160 7163
f 7170 7161 7160
f 7171 7172 7170
f 7174 7175 7176
f 7176 7177 7174
f 7163 7162 7164
f 7159 7168 7173
f 7149 7150 7147
f 7148 7149 7147
f 7159 7158 7160
f 7160 7161 7159
f 7161 7170 7168
f 7165 7152 7154
f 7162 7163 7160
f 7163 7164 7169
f 7103 7105 7104
f 7178 7179 7180
f 7180 7181 7178
f 7182 7183 7184
f 7184 7185 7182
f 7085 7075 7186
f 7187 7188 7189
f 7188 7187 7190
f 7190 7191 7188
f 7125 7192 7193
f 7192 7125 7194
f 7194 7195 7192
f 7196 7197 7198
f 7204 7205 7203
f 7199 7206 7207
f 7201 7202 7200
f 7200 7212 7201
f 7201 7238 7202
f 7211 7212 7213
f 7213 7210 7211
f 7212 7239 7201
f 7208 7209 7214
f 7209 7208 7217
f 7199 7207 7236
f 7208 7214 7217
f 7216 7215 7218
f 7215 7216 7219
f 7219 7218 7215
f 7222 7238 7201
f 7240 7221 7220
f 7206 7199 7236
f 7201 7239 7222
f 7227 7228 7229
f 7213 7227 7229
f 7229 7230 7213
f 7210 7213 7230
f 7230 7226 7210
f 7226 7211 7210
f 7234 7232 7231
f 7200 7228 7227
f 7227 7212 7200
f 7227 7213 7212
f 7226 7234 7231
f 7231 7211 7226
f 7235 7223 7231
f 7231 7232 7235
f 7239 7223 7222
f 7205 7204 7237
f 7204 7203 7237
f 7220 7221 7238
f 7238 7240 7220
f 7212 7211 7239
f 7211 7231 7239
f 7239 7231 7223
f 7244 7225 7224
f 7223 7240 7238
f 7238 7222 7223
f 7241 7242 7243
f 7245 7244 7224
f 7225 7245 7224
f 7235 7233 7223
f 7240 7223 7233
f 7246 7247 7248
f 7181 7180 7249
f 7249 7250 7181
f 7251 7252 7253
f 7254 7255 7256
f 7257 7258 7259
f 7256 7255 7259
f 7260 7261 7262
f 7264 7263 7266
f 7264 7266 7265
f 7264 7265 7263
f 7269 7266 7263
f 7267 7263 7265
f 7265 7266 7268
f 7275 7285 7272
f 7274 7280 7271
f 7276 7278 7277
f 7276 7273 7278
f 7274 7271 7279
f 7274 7279 7280
f 7281 7282 7283
f 7275 7272 7284
f 7275 7284 7285
f 7277 7273 7276
f 7270 7263 7267
f 7269 7263 7270
f 7268 7266 7269
f 7267 7265 7268
f 7286 7287 7288
f 7288 7287 7289
f 7289 7287 7290
f 7290 7287 7291
f 7291 7287 7292
f 7292 7287 7293
f 7293 7287 7294
f 7294 7287 7295
f 7295 7287 7296
f 7296 7287 7286
f 7298 7297 7299
f 7299 7297 7300
f 7300 7297 7298
f 7302 7301 7303
f 7303 7301 7304
f 7304 7301 7305
f 7305 7301 7302
f 7306 7307 7308
f 7308 7307 7309
f 7309 7307 7306
f 7311 7310 7312
f 7312 7310 7313
f 7313 7310 7311
f 7315 7314 7316
f 7316 7314 7317
f 7317 7314 7315
f 7319 7318 7320
f 7320 7318 7321
f 7321 7318 7319
f 7323 7322 7324
f 7324 7322 7325
f 7325 7322 7323
f 7328 7326 7327
f 7331 7329 7330
f 7335 7332 7334
f 7335 7334 7333
f 7335 7333 7332
f 7338 7336 7337
f 7337 7336 7339
f 7343 7340 7342
f 7343 7342 7341
f 7343 7341 7340
f 7346 7344 7345
f 7345 7344 7347
f 7348 7326 7328
f 7328 7327 7348
f 7329 7331 7349
f 7349 7330 7329
f 7339 7338 7337
f 7345 7347 7346
f 7352 7351 7350
f 7350 7353 7352
f 7351 7353 7350
f 7359 7373 7360
f 7367 7355 7354
f 7362 7363 7361
f 7360 7355 7367
f 7358 7357 7364
f 7368 7365 7366
f 7366 7362 7368
f 7367 7354 7369
f 7370 7371 7356
f 7358 7364 7372
f 7360 7367 7359
f 7365 7361 7363
f 7359 7374 7373
f 7376 7369 7354
f 7375 7371 7370
f 7372 7357 7358
f 7355 7360 7376
f 7370 7356 7375
f 7376 7360 7373
f 7354 7355 7376
f 7363 7366 7365
f 7366 7363 7362
f 7376 7373 7374
f 7378 7379 7380
f 7381 7382 7380
f 7384 7390 7377
f 7377 7395 7384
f 7384 7383 7390
f 7385 7388 7387
f 7398 7387 7388
f 7377 7390 7386
f 7386 7389 7377
f 7395 7377 7389
f 7383 7386 7390
f 7391 7392 7393
f 7386 7383 7394
f 7394 7396 7397
f 7388 7385 7398
f 7394 7389 7386
f 7389 7394 7395
f 7403 7431 7404
f 7404 7405 7403
f 7405 7407 7406
f 7409 7410 7411
f 7411 7452 7409
f 7440 7413 7417
f 7416 7432 7415
f 7403 7406 7416
f 7414 7418 7417
f 7455 7419 7412
f 7412 7420 7455
f 7399 7455 7420
f 7421 7422 7423
f 7399 7420 7426
f 7426 7400 7399
f 7423 7422 7425
f 7425 7424 7423
f 7410 7409 7414
f 7416 7406 7432
f 7422 7421 7427
f 7427 7428 7422
f 7429 7467 7430
f 7430 7425 7429
f 7422 7428 7429
f 7429 7425 7422
f 7405 7406 7403
f 7410 7417 7413
f 7413 7411 7410
f 7416 7415 7431
f 7403 7416 7431
f 7417 7410 7414
f 7434 7435 7436
f 7434 7437 7435
f 7438 7434 7406
f 7441 7437 7438
f 7438 7442 7441
f 7443 7436 7435
f 7435 7444 7443
f 7439 7440 7418
f 7438 7437 7434
f 7437 7441 7444
f 7444 7435 7437
f 7446 7451 7447
f 7448 7449 7450
f 7451 7440 7439
f 7440 7451 7446
f 7447 7411 7413
f 7413 7446 7447
f 7446 7413 7440
f 7453 7441 7442
f 7411 7447 7452
f 7453 7443 7444
f 7453 7405 7404
f 7453 7444 7441
f 7453 7442 7407
f 7453 7407 7405
f 7425 7430 7424
f 7438 7406 7407
f 7407 7442 7438
f 7419 7455 7454
f 7402 7433 7401
f 7412 7419 7454
f 7400 7455 7399
f 7418 7440 7417
f 7400 7454 7455
f 7408 7402 7401
f 7406 7434 7432
f 7456 7457 7458
f 7457 7459 7458
f 7467 7459 7457
f 7461 7445 7460
f 7467 7429 7459
f 7429 7428 7459
f 7428 7427 7458
f 7458 7459 7428
f 7462 7393 7392
f 7463 7392 7397
f 7396 7464 7465
f 7465 7397 7396
f 7457 7456 7466
f 7457 7466 7467
f 7461 7460 7468
f 7468 7445 7461
f 7401 7433 7408
f 7470 7472 7469
f 7474 7476 7471
f 7470 7473 7472
f 7471 7475 7474
f 7470 7469 7473
f 7474 7475 7476
f 7488 7485 7486
f 7488 7486 7487
f 7484 7481 7483
f 7481 7484 7482
f 7478 7477 7479
f 7478 7479 7480
f 7493 7494 7495
f 7495 7496 7493
f 7491 7492 7490
f 7491 7490 7489
f 7491 7489 7492
f 7497 7492 7489
f 7500 7490 7492
f 7489 7490 7498
f 7503 7504 7505
f 7505 7506 7503
f 7519 7524 7511
f 7512 7513 7514
f 7514 7515 7512
f 7510 7516 7520
f 7517 7518 7521
f 7502 7509 7501
f 7520 7507 7510
f 7507 7516 7510
f 7521 7508 7517
f 7508 7518 7517
f 7502 7501 7522
f 7522 7509 7502
f 7523 7519 7511
f 7519 7523 7524
f 7500 7492 7497
f 7499 7490 7500
f 7498 7490 7499
f 7497 7489 7498
f 7682 7525 7537
f 7530 7527 7529
f 7682 7535 7536
f 7536 7525 7682
f 7539 7541 7538
f 7538 7542 7539
f 7538 7541 7542
f 7544 7545 7546
f 7528 7543 7548
f 7525 7536 7535
f 7535 7549 7525
f 7550 7561 7551
f 7551 7553 7550
f 7555 7556 7557
f 7557 7558 7555
f 7563 7559 7564
f 7552 7562 7554
f 7559 7563 7557
f 7553 7566 7561
f 7567 7565 7560
f 7554 7562 7567
f 7567 7560 7554
f 7552 7554 7560
f 7550 7553 7561
f 7547 7528 7548
f 7570 7571 7572
f 7572 7573 7570
f 7547 7543 7528
f 7566 7553 7551
f 7565 7552 7560
f 7540 7525 7549
f 7549 7575 7540
f 7525 7540 7537
f 7527 7537 7540
f 7568 7527 7575
f 7577 7603 7576
f 7578 7583 7581
f 7576 7579 7577
f 7576 7580 7579
f 7603 7577 7581
f 7584 7585 7586
f 7540 7575 7527
f 7589 7590 7591
f 7591 7592 7589
f 7593 7594 7595
f 7595 7596 7593
f 7592 7591 7594
f 7594 7593 7592
f 7597 7596 7595
f 7599 7600 7601
f 7601 7602 7599
f 7581 7582 7603
f 7582 7581 7583
f 7587 7582 7583
f 7604 7605 7606
f 7606 7607 7604
f 7534 7588 7532
f 7532 7588 7678
f 7614 7609 7608
f 7588 7534 7586
f 7611 7612 7613
f 7621 7610 7622
f 7616 7617 7618
f 7615 7616 7618
f 7533 7609 7614
f 7620 7622 7619
f 7623 7615 7618
f 7624 7672 7625
f 7625 7666 7624
f 7666 7625 7629
f 7631 7632 7633
f 7633 7634 7631
f 7678 7534 7532
f 7619 7612 7611
f 7611 7620 7619
f 7569 7598 7526
f 7577 7578 7581
f 7579 7578 7577
f 7564 7559 7557
f 7612 7622 7610
f 7610 7613 7612
f 7622 7612 7619
f 7620 7621 7622
f 7635 7636 7637
f 7585 7584 7638
f 7639 7585 7638
f 7639 7638 7640
f 7578 7579 7580
f 7641 7637 7636
f 7636 7640 7641
f 7642 7640 7636
f 7578 7587 7583
f 7626 7627 7628
f 7627 7626 7643
f 7626 7628 7643
f 7644 7645 7646
f 7644 7616 7647
f 7623 7618 7617
f 7630 7624 7666
f 7608 7609 7533
f 7530 7537 7527
f 7574 7569 7526
f 7568 7575 7549
f 7526 7598 7574
f 7648 7649 7650
f 7650 7651 7648
f 7531 7661 7652
f 7533 7653 7654
f 7656 7664 7655
f 7657 7658 7659
f 7658 7657 7660
f 7531 7676 7661
f 7662 7663 7664
f 7665 7666 7629
f 7668 7669 7670
f 7671 7655 7664
f 7681 7667 7827
f 7624 7673 7672
f 7673 7624 7630
f 7630 7674 7673
f 7674 7630 7666
f 7666 7665 7674
f 7675 7656 7655
f 7675 7655 7671
f 7677 7676 7531
f 7531 7652 7677
f 7586 7678 7588
f 7680 7679 7530
f 7529 7680 7530
f 7828 7681 7827
f 7679 7537 7530
f 7537 7683 7682
f 7727 7686 7685
f 7690 7708 7691
f 7693 7694 7695
f 7696 7695 7694
f 7697 7698 7699
f 7701 7700 7690
f 7690 7691 7701
f 7702 7701 7691
f 7703 7702 7691
f 7708 7703 7691
f 7705 7708 7704
f 7706 7705 7704
f 7704 7688 7706
f 7768 7706 7688
f 7690 7700 7708
f 7727 7685 7710
f 7726 7713 7732
f 7714 7715 7716
f 7717 7718 7719
f 7722 7723 7724
f 7726 7732 7725
f 7687 7711 7727
f 7728 7729 7730
f 7723 7722 7726
f 7726 7725 7723
f 7726 7722 7724
f 7732 7713 7726
f 7726 7724 7732
f 7710 7687 7727
f 7758 7733 7711
f 7733 7727 7711
f 7684 7712 7738
f 7686 7711 7687
f 7687 7685 7686
f 7687 7710 7685
f 7721 7731 7720
f 7736 7735 7692
f 7742 7740 7739
f 7745 7744 7743
f 7712 7684 7737
f 7712 7737 7738
f 7745 7743 7741
f 7741 7743 7744
f 7739 7756 7742
f 7748 7749 7750
f 7751 7752 7753
f 7753 7750 7751
f 7752 7751 7755
f 7756 7754 7747
f 7740 7747 7754
f 7754 7739 7740
f 7756 7739 7754
f 7729 7728 7757
f 7720 7731 7746
f 7746 7721 7720
f 7759 7711 7686
f 7758 7711 7759
f 7759 7686 7758
f 7689 7709 7760
f 7760 7769 7688
f 7688 7689 7760
f 7688 7704 7689
f 7704 7708 7689
f 7761 7762 7763
f 7763 7764 7761
f 7693 7736 7692
f 7692 7707 7693
f 7707 7694 7693
f 7694 7707 7734
f 7765 7766 7767
f 7688 7769 7768
f 7692 7768 7734
f 7692 7735 7768
f 7760 7709 7769
f 7783 7774 7773
f 7777 7775 7776
f 7782 7780 7778
f 7772 7771 7773
f 7772 7773 7774
f 7781 7776 7775
f 7779 7778 7780
f 7781 7775 7777
f 7779 7782 7778
f 7772 7784 7771
f 7783 7773 7770
f 7770 7773 7771
f 7770 7771 7784
f 7786 7787 7785
f 7788 7809 7789
f 7790 7791 7804
f 7804 7792 7790
f 7795 7796 7794
f 7794 7793 7797
f 7795 7794 7798
f 7799 7795 7798
f 7786 7801 7800
f 7805 7803 7802
f 7802 7808 7805
f 7809 7788 7804
f 7803 7810 7811
f 7803 7811 7812
f 7814 7815 7813
f 7811 7815 7814
f 7820 7822 7819
f 7821 7822 7820
f 7787 7786 7800
f 7825 7788 7789
f 7792 7804 7825
f 7826 7793 7794
f 7826 7797 7793
f 7806 7807 7797
f 7797 7826 7806
f 7801 7786 7785
f 7825 7790 7792
f 7808 7802 7803
f 7803 7823 7808
f 7823 7807 7808
f 7825 7804 7788
f 7811 7814 7813
f 7824 7817 7816
f 7824 7818 7817
f 7821 7820 7819
f 7804 7791 7809
f 7808 7807 7805
f 7818 7816 7817
f 7827 7667 7828
f 7683 7537 7679
f 7831 7829 7840
f 7840 7830 7831
f 7840 7832 7830
f 7830 7833 7831
f 7832 7833 7830
f 7835 7834 7838
f 7839 7838 7837
f 7841 7840 7829
f 7844 7845 7842
f 7845 7844 7846
f 7846 7847 7845
f 7849 7850 7851
f 7852 7836 7888
f 7842 7836 7852
f 7852 7843 7842
f 7854 7855 7856
f 7861 7860 7865
f 7863 7860 7861
f 7861 7864 7863
f 7867 7865 7866
f 7868 7869 7867
f 7860 7863 7862
f 7870 7858 7857
f 7857 7871 7872
f 7872 7870 7857
f 7858 7886 7854
f 7873 7874 7875
f 7875 7876 7873
f 7874 7873 7877
f 7877 7878 7874
f 7871 7853 7879
f 7879 7872 7871
f 7869 7880 7881
f 7864 7867 7882
f 7863 7864 7882
f 7883 7884 7885
f 7854 7853 7858
f 7859 7860 7862
f 7859 7866 7865
f 7858 7870 7886
f 7865 7860 7859
f 7880 7869 7887
f 7858 7853 7871
f 7871 7857 7858
f 7861 7865 7867
f 7867 7864 7861
f 7848 7834 7835
f 7838 7834 7848
f 7837 7838 7848
f 7839 7837 7848
f 7841 7833 7832
f 7836 7842 7888
f 7832 7840 7841
f 7889 7890 7891
f 7892 7893 7894
f 7895 7896 7897
f 7897 7898 7895
f 7899 7900 7901
f 7901 7902 7899
f 7903 7904 7905
f 7906 7903 7905
f 7907 7906 7905
f 7908 7907 7905
f 7911 7912 7766
f 7913 7914 7915
f 7916 7914 7913
f 7917 7914 7916
f 7915 7914 7918
f 7919 7914 7920
f 7913 7915 7911
f 7911 7921 7913
f 7922 7909 7910
f 7915 7918 7912
f 7912 7911 7915
f 7919 7923 7924
f 7909 7922 7925
f 7909 7925 7910
f 7926 7927 7928
f 7928 7929 7926
f 7930 7931 7932
f 7932 7933 7930
f 7934 7935 7936
f 7936 7937 7934
f 7938 7939 7683
f 7941 7942 7943
f 7944 7945 7940
f 7944 7946 7945
f 7947 7945 7946
f 7946 7948 7947
f 7947 7948 7949
f 7949 7950 7947
f 7949 7951 7950
f 7952 7895 7898
f 7898 7953 7952
f 7955 7956 7954
f 7954 7957 7938
f 7938 7955 7954
f 7891 7890 7958
f 7958 7959 7891
f 7965 7963 7961
f 7961 7963 7962
f 7960 7967 7964
f 7971 7969 7968
f 7971 7970 7969
f 7960 7966 7967
f 7965 7961 7962
f 7964 7966 7960
f 7968 7970 7971
f 7972 7849 7973
f 7974 7975 7976
f 7976 7977 7974
f 7954 7978 7977
f 7954 7977 7976
f 7954 7976 7957
f 7979 7978 7954
f 7954 7956 7979
f 7979 7956 7980
f 7981 7982 7923
f 7983 7984 7985
f 7985 7894 7983
f 7973 7849 7851
f 7734 7707 7692
f 7987 7986 7988
f 7988 7986 7989
f 7989 7986 7987
f 7992 7990 7991
f 7995 7993 7994
f 7997 7996 7998
f 7999 7996 7997
f 7998 7999 7997
f 8001 8003 8000
f 8000 8002 8001
f 8005 8007 8006
f 8007 8004 8006
f 8005 8004 8007
f 8009 8011 8008
f 8012 7990 7992
f 7992 7991 8012
f 7993 7995 8013
f 8013 7994 7993
f 8002 8003 8001
f 8010 8011 8009
f 8010 8009 8008
f 8017 8015 8016
f 8017 8016 8018
f 8019 8020 8014
f 8020 8019 8021
f 8014 8022 8017
f 8022 8014 8020
f 8017 8023 8015
f 8023 8017 8022
f 8015 8023 8024
f 8016 8024 8025
f 8024 8016 8015
f 8018 8025 8026
f 8025 8018 8016
f 8027 8026 8031
f 8026 8027 8018
f 8028 8018 8027
f 8018 8028 8017
f 8017 8028 8014
f 8014 8028 8029
f 8014 8029 8030
f 8014 8030 8019
f 8031 8026 8032
f 8032 8026 8025
f 8032 8025 8033
f 8033 8025 8024
f 8033 8024 8023
f 8034 8035 8036
f 8035 8034 8037
f 8038 8035 8037
f 8038 8037 8039
f 8036 8040 8041
f 8040 8036 8035
f 8042 8040 8035
f 8042 8035 8038
f 8034 8043 8044
f 8043 8034 8045
f 8044 8037 8034
f 8037 8044 8046
f 8039 8037 8046
f 8039 8046 8047
f 8019 8039 8047
f 8019 8047 8021
f 8030 8038 8039
f 8030 8039 8019
f 8029 8042 8038
f 8029 8038 8030
f 8028 8042 8029
f 8028 8048 8040
f 8028 8040 8042
f 8048 8041 8040
f 8041 8049 8036
f 8049 8041 8048
f 8036 8045 8034
f 8045 8036 8049
f 8052 8051 8053
f 8053 8051 8054
f 8055 8056 8057
f 8056 8055 8050
f 8058 8050 8055
f 8059 8050 8058
f 8083 8050 8059
f 8050 8083 8060
f 8060 8051 8050
f 8060 8054 8051
f 8054 8060 8061
f 8061 8062 8054
f 8062 8061 8063
f 8054 8064 8053
f 8064 8054 8062
f 8053 8065 8052
f 8065 8053 8064
f 8067 8052 8065
f 8051 8067 8066
f 8067 8051 8052
f 8050 8066 8056
f 8066 8050 8051
f 8067 8065 8068
f 8068 8065 8064
f 8068 8064 8069
f 8069 8064 8062
f 8069 8062 8063
f 8070 8071 8072
f 8072 8071 8073
f 8072 8073 8074
f 8074 8073 8075
f 8076 8070 8077
f 8077 8070 8072
f 8077 8072 8078
f 8078 8072 8074
f 8079 8080 8071
f 8071 8080 8081
f 8071 8081 8073
f 8073 8081 8082
f 8073 8082 8075
f 8075 8082 8083
f 8074 8075 8083
f 8078 8074 8083
f 8059 8078 8083
f 8058 8077 8059
f 8059 8077 8078
f 8055 8076 8058
f 8058 8076 8077
f 8057 8084 8055
f 8055 8084 8076
f 8084 8085 8076
f 8076 8085 8070
f 8085 8079 8070
f 8070 8079 8071
f 8087 8086 8088
f 8087 8089 8090
f 8087 8090 8091
f 8087 8091 8086
f 8092 8093 8089
f 8093 8092 8094
f 8095 8093 8094
f 8095 8094 8096
f 8097 8089 8093
f 8097 8093 8095
f 8098 8094 8092
f 8094 8098 8099
f 8096 8094 8099
f 8096 8099 8100
f 8086 8096 8100
f 8086 8100 8088
f 8091 8095 8096
f 8091 8096 8086
f 8090 8097 8095
f 8090 8095 8091
f 8089 8097 8090
f 8102 8101 8105
f 8103 8105 8101
f 8104 8105 8103
f 8109 8105 8104
f 8106 8107 8108
f 8108 8107 8109
f 8108 8109 8110
f 8111 8106 8112
f 8112 8106 8108
f 8112 8108 8110
f 8104 8110 8109
f 8103 8112 8104
f 8104 8112 8110
f 8101 8111 8103
f 8103 8111 8112
f 8102 8113 8101
f 8101 8113 8111
f 8113 8114 8111
f 8111 8114 8106
f 8114 8115 8106
f 8106 8115 8107
f 8116 8117 8118
f 8118 8119 8120
f 8116 8118 8120
f 8116 8120 8121
f 8122 8123 8124
f 8124 8125 8126
f 8122 8124 8126
f 8127 8122 8126
f 8128 8129 8122
f 8122 8127 8130
f 8128 8122 8130
f 8130 8131 8132
f 8128 8130 8132
f 8128 8132 8133
f 8137 8138 8116
f 8116 8136 8139
f 8137 8116 8139
f 8137 8139 8140
f 8141 8142 8143
f 8143 8144 8145
f 8141 8143 8145
f 8141 8145 8135
f 8146 8147 8148
f 8148 8149 8134
f 8146 8148 8134
f 8134 8135 8145
f 8146 8134 8145
f 8146 8145 8150
f 8151 8152 8153
f 8151 8153 8154
f 8155 8151 8154
f 8154 8156 8157
f 8157 8158 8159
f 8154 8157 8159
f 8154 8159 8160
f 8160 8161 8162
f 8162 8163 8164
f 8154 8162 8164
f 8164 8165 8166
f 8167 8168 8169
f 8170 8171 8172
f 8172 8173 8170
f 8174 8175 8176
f 8176 8177 8174
f 8174 8178 8179
f 8179 8175 8174
f 8180 8181 8182
f 8182 8183 8180
f 8184 8185 8186
f 8186 8187 8184
f 8188 8189 8186
f 8186 8185 8188
f 8191 8192 8193
f 8194 8191 8193
f 8195 8194 8193
f 8190 8195 8193
f 8190 8193 8196
f 8190 8196 8197
f 8197 8198 8199
f 8199 8200 8201
f 8197 8199 8201
f 8190 8197 8201
f 8201 8202 8203
f 8203 8204 8205
f 8201 8203 8205
f 8190 8201 8205
f 8205 8206 8207
f 8207 8208 8209
f 8205 8207 8209
f 8190 8205 8209
f 8209 8210 8211
f 8211 8212 8213
f 8209 8211 8213
f 8190 8209 8213
f 8190 8213 8214
f 8216 8217 8215
f 8219 8220 8218
f 8222 8223 8221
f 8224 8225 8226
f 8226 8227 8224
f 8228 8224 8227
f 8227 8229 8228
f 8230 8228 8229
f 8229 8231 8230
f 8232 8233 8234
f 8234 8235 8232
f 8236 8232 8235
f 8235 8237 8236
f 8238 8239 8240
f 8240 8241 8238
f 8242 8243 8244
f 8244 8245 8242
f 8246 8247 8248
f 8248 8249 8246
f 8250 8251 8252
f 8252 8253 8250
f 8254 8255 8256
f 8256 8257 8254
f 8258 8254 8257
f 8257 8259 8258
f 8260 8242 8245
f 8245 8261 8260
f 8259 8263 8262
f 8264 8265 8266
f 8266 8267 8264
f 8268 8269 8270
f 8270 8271 8268
f 8272 8268 8271
f 8271 8273 8272
f 8274 8272 8273
f 8273 8275 8274
f 8276 8277 8278
f 8278 8279 8276
f 8280 8276 8279
f 8279 8281 8280
f 8282 8283 8284
f 8284 8285 8282
f 8286 8287 8288
f 8288 8289 8286
f 8290 8291 8292
f 8292 8293 8290
f 8294 8295 8296
f 8295 8294 8297
f 8297 8294 8296
f 8298 8300 8299
f 8299 8301 8298
f 8301 8300 8298
f 8302 8303 8304
f 8304 8305 8302
f 8306 8302 8305
f 8305 8307 8306
f 8308 8309 8310
f 8310 8311 8308
f 8312 8313 8314
f 8314 8334 8312
f 8318 8315 8316
f 8334 8314 8317
f 8317 8315 8334
f 8319 8349 8320
f 8349 8321 8320
f 8339 8320 8321
f 8321 8322 8339
f 8323 8324 8325
f 8327 8325 8326
f 8336 8329 8328
f 8323 8325 8330
f 8330 8331 8323
f 8383 8332 8329
f 8335 8336 8333
f 8328 8333 8336
f 8312 8340 8337
f 8337 8313 8312
f 8339 8322 8338
f 8334 8343 8340
f 8335 8333 8332
f 8312 8334 8340
f 8344 8352 8342
f 8343 8334 8315
f 8332 8328 8329
f 8315 8318 8343
f 8324 8345 8325
f 8345 8346 8326
f 8326 8325 8345
f 8315 8347 8316
f 8348 8318 8316
f 8349 8350 8321
f 8322 8321 8350
f 8350 8351 8322
f 8338 8322 8351
f 8351 8358 8338
f 8344 8376 8352
f 8315 8317 8347
f 8313 8353 8354
f 8354 8314 8313
f 8354 8317 8314
f 8353 8313 8337
f 8355 8316 8347
f 8355 8348 8316
f 8356 8349 8319
f 8356 8350 8349
f 8350 8356 8357
f 8357 8351 8350
f 8351 8357 8358
f 8317 8354 8355
f 8355 8347 8317
f 8360 8361 8362
f 8364 8361 8360
f 8365 8359 8366
f 8366 8367 8365
f 8367 8366 8368
f 8368 8369 8367
f 8370 8374 8373
f 8374 8370 8363
f 8371 8372 8375
f 8371 8375 8359
f 8371 8359 8372
f 8373 8363 8370
f 8344 8342 8376
f 8333 8328 8332
f 8331 8330 8377
f 8377 8378 8331
f 8325 8327 8341
f 8330 8325 8341
f 8341 8377 8330
f 8379 8380 8381
f 8381 8382 8379
f 8383 8329 8382
f 8384 8385 8380
f 8380 8379 8384
f 8386 8324 8323
f 8382 8329 8336
f 8331 8387 8386
f 8386 8323 8331
f 8324 8386 8388
f 8388 8345 8324
f 8388 8346 8345
f 8387 8331 8378
f 8389 8390 8391
f 8392 8393 8391
f 8393 8394 8391
f 8394 8395 8391
f 8396 8397 8383
f 8383 8398 8396
f 8399 8400 8401
f 8402 8403 8401
f 8404 8402 8401
f 8405 8404 8401
f 8406 8407 8401
f 8408 8409 8410
f 8413 8411 8412
f 8408 8412 8411
f 8414 8410 8415
f 8410 8409 8415
f 8416 8417 8418
f 8418 8419 8416
f 8408 8415 8409
f 8413 8420 8411
f 8408 8411 8420
f 8424 8425 8426
f 8426 8427 8424
f 8427 8426 8428
f 8428 8435 8427
f 8435 8428 8423
f 8430 8431 8432
f 8439 8421 8422
f 8433 8430 8432
f 8431 8424 8427
f 8435 8438 8427
f 8430 8433 8424
f 8424 8431 8430
f 8431 8434 8437
f 8436 8435 8423
f 8440 8431 8437
f 8435 8436 8429
f 8429 8438 8435
f 8437 8434 8440
f 8447 8439 8422
f 8441 8442 8433
f 8433 8432 8441
f 8442 8425 8424
f 8424 8433 8442
f 8443 8421 8444
f 8444 8445 8443
f 8422 8421 8447
f 8446 8436 8423
f 8423 8448 8446
f 8449 8426 8425
f 8448 8428 8426
f 8448 8423 8428
f 8446 8429 8436
f 8449 8442 8441
f 8449 8425 8442
f 8450 8451 8452
f 8452 8453 8450
f 8454 8460 8462
f 8459 8457 8456
f 8463 8464 8465
f 8466 8456 8457
f 8467 8455 8461
f 8456 8466 8460
f 8462 8460 8468
f 8462 8468 8454
f 8456 8460 8459
f 8455 8467 8458
f 8455 8458 8461
f 8469 8471 8470
f 8475 8476 8477
f 8473 8472 8474
f 8469 8470 8478
f 8472 8473 8479
f 8479 8473 8474
f 8478 8470 8471
f 8487 8483 8482
f 8495 8485 8488
f 8495 8488 8494
f 8482 8490 8491
f 8491 8492 8482
f 8493 8487 8492
f 8487 8482 8492
f 8481 8489 8486
f 8496 8495 8494
f 8480 8496 8488
f 8494 8488 8496
f 8484 8487 8493
f 8509 8497 8483
f 8485 8499 8498
f 8500 8501 8502
f 8503 8504 8502
f 8505 8503 8502
f 8506 8507 8502
f 8507 8508 8502
f 8498 8480 8488
f 8510 8481 8486
f 8497 8482 8483
f 8510 8486 8489
f 8498 8488 8485
f 8509 8484 8493
f 8487 8509 8483
f 8495 8499 8485
f 8509 8487 8484
f 8520 8511 8522
f 8518 8515 8514
f 8529 8513 8524
f 8518 8516 8515
f 8518 8519 8517
f 8518 8514 8519
f 8511 8520 8518
f 8518 8517 8511
f 8513 8512 8524
f 8521 8522 8523
f 8525 8526 8527
f 8527 8528 8525
f 8524 8512 8529
f 8511 8523 8522
f 8530 8514 8515
f 8530 8515 8516
f 8530 8517 8519
f 8530 8519 8514
f 8523 8511 8517
f 8517 8530 8523
f 8521 8520 8522
f 8537 8533 8532
f 8537 8532 8534
f 8535 8533 8537
f 8537 8534 8536
f 8538 8535 8537
f 8540 8539 8531
f 8531 8541 8540
f 8543 8532 8533
f 8532 8543 8542
f 8542 8534 8532
f 8543 8533 8535
f 8542 8536 8534
f 8543 8535 8538
f 8541 8531 8539
f 8552 8557 8544
f 8545 8546 8547
f 8547 8548 8545
f 8550 8549 8551
f 8552 8544 8553
f 8546 8554 8555
f 8555 8547 8546
f 8556 8549 8550
f 8556 8551 8549
f 8557 8552 8553
f 8561 8567 8560
f 8561 8560 8562
f 8558 8563 8564
f 8565 8564 8563
f 8564 8559 8558
f 8566 8558 8559
f 8569 8568 8563
f 8569 8563 8558
f 8558 8566 8569
f 8570 8571 8572
f 8565 8563 8568
f 8562 8567 8561
f 8580 8576 8575
f 8573 8579 8578
f 8579 8574 8578
f 8578 8574 8573
f 8577 8575 8576
f 8581 8580 8582
f 8577 8576 8580
f 8583 8584 8585
f 8586 8583 8587
f 8587 8588 8586
f 8590 8592 8589
f 8589 8596 8590
f 8592 8590 8591
f 8591 8588 8592
f 8593 8606 8594
f 8594 8595 8593
f 8599 8600 8598
f 8606 8598 8600
f 8600 8594 8606
f 8601 8607 8602
f 8602 8588 8601
f 8607 8601 8590
f 8598 8605 8597
f 8606 8603 8605
f 8605 8598 8606
f 8608 8607 8604
f 8604 8609 8608
f 8593 8603 8606
f 8596 8609 8604
f 8609 8596 8589
f 8608 8602 8607
f 8607 8590 8604
f 8594 8611 8586
f 8586 8595 8594
f 8610 8598 8597
f 8610 8599 8598
f 8599 8610 8611
f 8611 8600 8599
f 8611 8594 8600
f 8591 8601 8588
f 8591 8590 8601
f 8604 8590 8596
f 8613 8612 8614
f 8615 8616 8617
f 8614 8612 8618
f 8618 8613 8614
f 8619 8620 8621
f 8620 8622 8621
f 8622 8623 8621
f 8623 8624 8621
f 8624 8625 8621
f 8626 8627 8640
f 8640 8628 8626
f 8630 8633 8631
f 8631 8632 8630
f 8636 8635 8640
f 8637 8638 8634
f 8627 8636 8640
f 8639 8635 8641
f 8638 8629 8634
f 8627 8626 8644
f 8644 8641 8627
f 8637 8629 8638
f 8642 8630 8632
f 8642 8632 8631
f 8630 8642 8643
f 8643 8633 8630
f 8641 8635 8636
f 8639 8640 8635
f 8641 8636 8627
f 8644 8626 8628
f 8645 8646 8647
f 8645 8647 8648
f 8646 8645 8648
f 8652 8653 8654
f 8651 8650 8659
f 8655 8654 8653
f 8653 8656 8655
f 8655 8656 8657
f 8657 8658 8655
f 8650 8651 8649
f 8650 8649 8659
f 8660 8661 8662
f 8662 8663 8660
f 8665 8664 8666
f 8671 8664 8665
f 8672 8666 8664
f 8664 8671 8672
f 8673 8669 8668
f 8668 8694 8673
f 8667 8670 8674
f 8687 8675 8669
f 8676 8677 8678
f 8677 8679 8678
f 8679 8680 8678
f 8680 8681 8678
f 8681 8682 8678
f 8682 8662 8678
f 8662 8661 8678
f 8683 8670 8684
f 8684 8685 8683
f 8670 8667 8684
f 8673 8687 8669
f 8683 8686 8670
f 8687 8673 8694
f 8688 8689 8672
f 8672 8671 8688
f 8690 8688 8671
f 8671 8665 8690
f 8691 8690 8674
f 8674 8670 8691
f 8686 8692 8670
f 8692 8691 8670
f 8687 8695 8675
f 8693 8695 8694
f 8696 8683 8685
f 8683 8696 8697
f 8697 8686 8683
f 8668 8693 8694
f 8698 8689 8688
f 8698 8688 8690
f 8699 8690 8691
f 8697 8692 8686
f 8692 8697 8699
f 8699 8691 8692
f 8687 8694 8695
f 8701 8702 8703
f 8702 8700 8703
f 8700 8701 8703
f 8700 8702 8706
f 8701 8700 8705
f 8707 8702 8701
f 8725 8714 8715
f 8721 8710 8722
f 8722 8723 8721
f 8727 8720 8708
f 8716 8710 8711
f 8724 8726 8712
f 8709 8717 8719
f 8719 8713 8709
f 8708 8728 8727
f 8708 8720 8728
f 8729 8716 8711
f 8711 8710 8729
f 8730 8724 8712
f 8712 8726 8730
f 8713 8717 8709
f 8725 8715 8718
f 8714 8718 8715
f 8705 8704 8701
f 8706 8705 8700
f 8707 8706 8702
f 8704 8707 8701
f 8737 8782 8734
f 8870 8742 8735
f 8743 8741 8739
f 8741 8740 8739
f 8740 8743 8739
f 8744 8738 8748
f 8738 8744 8745
f 8746 8747 8740
f 8748 8738 8745
f 8751 8753 8750
f 8758 8766 8757
f 8759 8760 8761
f 8765 8766 8767
f 8766 8758 8764
f 8756 8763 8768
f 8757 8764 8758
f 8754 8769 8762
f 8756 8762 8769
f 8769 8763 8756
f 8768 8754 8762
f 8762 8756 8768
f 8755 8770 8750
f 8750 8753 8755
f 8770 8751 8750
f 8755 8751 8770
f 8848 8733 8742
f 8835 8773 8779
f 8775 8776 8777
f 8782 8737 8732
f 8783 8784 8785
f 8785 8786 8783
f 8787 8785 8784
f 8788 8789 8790
f 8789 8788 8791
f 8774 8792 8780
f 8793 8734 8782
f 8794 8795 8806
f 8732 8793 8782
f 8798 8799 8797
f 8809 8796 8800
f 8802 8803 8804
f 8801 8802 8804
f 8805 8804 8803
f 8806 8795 8736
f 8807 8808 8805
f 8805 8803 8807
f 8800 8810 8809
f 8811 8809 8810
f 8812 8802 8801
f 8814 8819 8815
f 8815 8816 8814
f 8821 8815 8819
f 8731 8851 8822
f 8823 8824 8825
f 8734 8793 8737
f 8811 8810 8797
f 8797 8799 8811
f 8771 8772 8765
f 8749 8752 8826
f 8799 8798 8796
f 8796 8809 8799
f 8811 8799 8809
f 8828 8829 8830
f 8773 8835 8778
f 8778 8779 8773
f 8831 8832 8833
f 8833 8834 8831
f 8835 8827 8826
f 8835 8826 8752
f 8774 8780 8778
f 8827 8835 8781
f 8835 8833 8830
f 8830 8829 8835
f 8832 8830 8833
f 8817 8813 8818
f 8874 8827 8781
f 8818 8836 8817
f 8817 8836 8813
f 8837 8804 8805
f 8838 8804 8837
f 8803 8802 8812
f 8819 8814 8820
f 8736 8795 8794
f 8765 8839 8771
f 8780 8792 8778
f 8839 8772 8771
f 8840 8841 8842
f 8842 8843 8840
f 8851 8869 8822
f 8844 8845 8846
f 8846 8847 8844
f 8870 8848 8742
f 8859 8850 8849
f 8852 8853 8854
f 8855 8854 8853
f 8821 8819 8867
f 8856 8857 8858
f 8859 8849 8860
f 8861 8862 8863
f 8863 8864 8861
f 8814 8816 8865
f 8865 8866 8820
f 8820 8814 8865
f 8819 8820 8866
f 8866 8867 8819
f 8849 8850 8868
f 8860 8849 8868
f 8869 8851 8731
f 8742 9017 8870
f 8870 8735 8742
f 8874 8781 8873
f 8876 8875 8872
f 8875 8871 8872
f 8749 8826 9018
f 8733 9017 8742
f 8872 8871 8876
f 8874 8873 8877
f 9018 8826 8827
f 8874 9018 8827
f 8848 8878 8733
f 9018 9019 8749
f 8941 8898 8932
f 8932 8916 8879
f 8881 8893 8880
f 8893 8881 8882
f 8886 8887 8888
f 8881 8889 8890
f 8881 8890 8891
f 8891 8882 8881
f 8882 8891 8892
f 8892 8893 8882
f 8885 8893 8894
f 8885 8894 8883
f 8897 8880 8893
f 8881 8880 8897
f 8897 8889 8881
f 8902 8903 8904
f 8903 8905 8906
f 8907 8908 8909
f 8906 8905 8910
f 8912 8901 8911
f 8913 8914 8912
f 8900 8915 8914
f 8914 8901 8900
f 8917 8918 8910
f 8941 8916 8898
f 8915 8912 8914
f 8911 8913 8912
f 8901 8915 8900
f 8901 8912 8915
f 8916 8932 8898
f 8884 8895 8919
f 8919 8896 8884
f 8922 8920 8921
f 8927 8922 8923
f 8925 8924 8926
f 8928 8929 8930
f 8931 8925 8926
f 8922 8921 8923
f 8925 8931 8924
f 8934 8935 8936
f 8937 8934 8938
f 8938 8939 8937
f 8940 8937 8939
f 8920 8922 8933
f 8933 8927 8920
f 8933 8922 8927
f 8918 8942 8943
f 8943 8910 8918
f 8941 8932 8879
f 8944 8943 8937
f 8947 8945 8899
f 8945 8946 8899
f 8885 8883 8893
f 8899 8946 8947
f 8948 8949 8950
f 8950 8951 8948
f 8883 8895 8884
f 8960 8953 8954
f 8955 8956 8967
f 8957 8958 8959
f 8954 8961 8960
f 8966 8969 8962
f 8958 8957 8965
f 8967 8968 8952
f 8955 8967 8952
f 8961 8954 8953
f 8966 8962 8963
f 8968 8970 8952
f 8966 8963 8969
f 8964 8967 8956
f 8968 8967 8964
f 8970 8968 8964
f 8972 9010 8971
f 8973 8974 8975
f 8976 8977 8994
f 8994 8990 8976
f 8980 8978 8979
f 8982 8983 8979
f 8984 8983 8982
f 8986 8985 8972
f 8987 8988 8991
f 8994 8975 8974
f 8995 8996 8997
f 8995 8998 8996
f 9000 9001 8999
f 9005 9006 9004
f 8987 8992 9008
f 8986 8972 8971
f 8973 8975 8989
f 8989 8994 8977
f 8979 8978 8993
f 8978 8980 8993
f 8980 8991 8993
f 9010 8972 8985
f 8988 8987 8995
f 8976 8989 8977
f 8987 9008 8995
f 8981 9008 8992
f 8992 8991 8981
f 8975 8994 8989
f 9001 9000 8996
f 8996 9000 8999
f 9002 9003 9009
f 9011 9009 9003
f 9003 9002 9011
f 9006 9005 9007
f 9007 9005 9004
f 8974 8990 8994
f 8992 8987 8991
f 9012 9013 9014
f 9014 9015 9012
f 9018 8874 9016
f 9016 9019 9018
f 8877 9016 8874
f 9017 8733 8878
f 9023 9029 9020
f 9024 9021 9022
f 9024 9027 9026
f 9029 9023 9028
f 9032 9033 9034
f 9036 9025 9035
f 9030 9031 9035
f 9035 9025 9030
f 9038 9039 9040
f 9043 9047 9042
f 9044 9045 9042
f 9045 9046 9043
f 9043 9042 9045
f 9049 9050 9051
f 9048 9047 9049
f 9068 9044 9042
f 9041 9037 9052
f 9041 9052 9053
f 9053 9054 9041
f 9055 9056 9057
f 9057 9058 9055
f 9059 9055 9058
f 9054 9053 9061
f 9061 9060 9054
f 9062 9063 9050
f 9064 9049 9046
f 9064 9046 9045
f 9065 9066 9067
f 9060 9040 9037
f 9047 9048 9068
f 9037 9040 9069
f 9069 9052 9037
f 9047 9068 9042
f 9063 9070 9050
f 9037 9041 9054
f 9054 9060 9037
f 9043 9046 9049
f 9049 9047 9043
f 9022 9021 9071
f 9071 9021 9024
f 9071 9024 9026
f 9071 9026 9027
f 9028 9023 9020
f 9036 9030 9025
f 9072 9073 9074
f 9075 9076 9077
f 9077 9078 9075
f 9079 9080 9081
f 9081 9082 9079
f 9083 9084 9085
f 9085 9086 9083
f 9087 9088 9089
f 9090 9088 9087
f 9091 9088 9090
f 9092 9088 9091
f 9095 9096 9097
f 9099 9100 9101
f 9102 9099 9101
f 9103 9102 9101
f 9104 9103 9101
f 9105 9104 9101
f 9106 9105 9101
f 9100 9107 9101
f 9108 9106 9101
f 9099 9109 9097
f 9097 9100 9099
f 9098 9093 9110
f 9111 9112 9108
f 9110 9093 9094
f 9093 9098 9094
f 9015 9113 9114
f 9114 9012 9015
f 9116 9117 9115
f 9118 9119 9120
f 9120 9121 9118
f 9122 9123 9124
f 9125 9127 9126
f 9127 9128 9126
f 9129 9130 9128
f 9128 9127 9129
f 9129 9131 9132
f 9132 9130 9129
f 9131 9133 9132
f 9135 9136 9134
f 9134 9136 9137
f 9137 9138 9134
f 9139 9140 9141
f 9141 9142 9139
f 9073 9075 9078
f 9078 9074 9073
f 9143 9144 9145
f 9145 9146 9143
f 9147 9148 9149
f 9149 9150 9147
f 9155 9152 9160
f 9154 9153 9156
f 9158 9151 9157
f 9161 9156 9153
f 9162 9155 9160
f 9154 9161 9153
f 9162 9160 9152
f 9157 9151 9159
f 9157 9159 9158
f 9164 9013 9163
f 9165 9166 9167
f 9167 9168 9165
f 9169 9119 9118
f 9118 9170 9169
f 9169 9170 9171
f 9171 9172 9169
f 9173 9032 9027
f 9140 9174 9175
f 9175 9141 9140
f 9134 9138 9175
f 9134 9174 9019
f 9176 9135 9134
f 9134 9019 9176
f 9176 9177 9135
f 9112 9178 9179
f 9143 9079 9082
f 9082 9144 9143
f 9033 9032 9173
f 9173 9180 9033
f 8919 9181 8896
f 9181 8884 8896
f 8884 9181 8883
f 9182 9184 9183
f 9184 9185 9183
f 9185 9182 9183
f 9187 9188 9186
f 9189 9190 9191
f 9194 9195 9192
f 9193 9194 9192
f 9199 9196 9197
f 9198 9199 9197
f 9196 9198 9197
f 9201 9200 9203
f 9186 9188 9204
f 9204 9187 9186
f 9205 9189 9191
f 9191 9190 9205
f 9195 9193 9192
f 9203 9200 9202
f 9201 9203 9202
f 9207 9206 9208
f 9208 9209 9207
f 9206 9207 9209
f 9211 9213 9212
f 9212 9210 9211
f 9210 9213 9211
f 9217 9218 9219
f 9221 9222 9220
f 9223 9228 9216
f 9216 9224 9223
f 9225 9220 9222
f 9229 9230 9232
f 9235 9258 9233
f 9233 9243 9235
f 9236 9237 9256
f 9256 9237 9238
f 9240 9241 9239
f 9243 9233 9242
f 9256 9238 9228
f 9246 9247 9248
f 9249 9230 9229
f 9229 9250 9249
f 9215 9231 9214
f 9250 9229 9232
f 9237 9236 9224
f 9224 9216 9237
f 9238 9237 9216
f 9216 9228 9238
f 9241 9240 9226
f 9226 9225 9241
f 9221 9220 9225
f 9251 9252 9253
f 9253 9254 9251
f 9244 9243 9242
f 9236 9256 9255
f 9259 9215 9214
f 9252 9256 9228
f 9257 9235 9245
f 9245 9260 9257
f 9245 9244 9260
f 9214 9231 9259
f 9255 9256 9252
f 9244 9242 9260
f 9261 9262 9263
f 9263 9264 9261
f 9227 9228 9223
f 9227 9252 9228
f 9235 9257 9258
f 9235 9243 9234
f 9234 9244 9245
f 9245 9235 9234
f 9243 9244 9234
f 9223 9263 9262
f 9265 9266 9267
f 9268 9266 9269
f 9270 9266 9271
f 9267 9266 9268
f 9272 9266 9273
f 9274 9275 9276
f 9276 9275 9277
f 9278 9266 9272
f 9282 9296 9281
f 9284 9274 9285
f 9276 9277 9286
f 9286 9287 9276
f 9277 9288 9289
f 9289 9286 9277
f 9280 9279 9290
f 9291 9292 9293
f 9293 9294 9291
f 9297 9298 9283
f 9295 9303 9297
f 9297 9283 9295
f 9298 9300 9283
f 9281 9299 9282
f 9295 9283 9300
f 9300 9301 9295
f 9296 9282 9299
f 9280 9302 9279
f 9303 9295 9301
f 9290 9279 9302
f 9304 9266 9305
f 9306 9275 9307
f 9308 9275 9306
f 9271 9266 9278
f 9573 9581 9552
f 9524 9576 9552
f 9581 9490 9552
f 9552 9490 9524
f 9581 9516 9490
f 9570 9573 9576
f 9576 9573 9552
f 9570 9576 9524
f 9490 9516 9524
f 9645 9588 9587
f 9645 9638 9588
f 9647 9639 9589
f 9647 9648 9640
f 9647 9640 9639
f 9639 9640 9574
f 9589 9639 9574
f 9588 9638 9571
f 9587 9588 9571
f 9646 9595 9594
f 9646 9637 9595
f 9596 9599 9579
f 9595 9637 9575
f 9594 9595 9575
f 9641 9642 9617
f 9641 9617 9616
f 9642 9643 9619
f 9642 9619 9617
f 9616 9617 9593
f 9616 9593 9590
f 9617 9619 9592
f 9617 9592 9593
f 9648 9649 9641
f 9648 9641 9640
f 9649 9651 9642
f 9649 9642 9641
f 9651 9650 9643
f 9651 9643 9642
f 9643 9650 9618
f 9643 9618 9619
f 9619 9618 9591
f 9619 9591 9592
f 9592 9591 9572
f 9593 9592 9572
f 9590 9593 9572
f 9590 9572 9574
f 9640 9590 9574
f 9640 9616 9590
f 9640 9641 9616
f 9605 9580 9564
f 9605 9645 9636
f 9605 9636 9580
f 9645 9587 9636
f 9636 9587 9571
f 9580 9636 9571
f 9564 9580 9571
f 9554 9565 9551
f 9554 9563 9565
f 9599 9629 9601
f 9596 9644 9629
f 9596 9629 9599
f 9644 9628 9629
f 9629 9628 9597
f 9629 9597 9584
f 9601 9629 9584
f 9599 9601 9584
f 9599 9584 9579
f 9545 9542 9541
f 9545 9541 9540
f 9561 9550 9548
f 9561 9548 9559
f 9550 9547 9545
f 9550 9545 9548
f 9547 9542 9545
f 9547 9536 9542
f 9542 9536 9535
f 9542 9535 9541
f 9541 9535 9534
f 9541 9534 9540
f 9540 9534 9533
f 9540 9533 9539
f 9545 9540 9539
f 9548 9545 9539
f 9555 9548 9539
f 9557 9548 9555
f 9559 9548 9557
f 9521 9543 9538
f 9521 9538 9532
f 9543 9546 9538
f 9543 9563 9554
f 9543 9554 9546
f 9546 9554 9551
f 9546 9551 9544
f 9538 9546 9544
f 9538 9544 9537
f 9532 9538 9537
f 9511 9512 9484
f 9512 9506 9484
f 9512 9513 9506
f 9506 9513 9481
f 9506 9481 9480
f 9484 9506 9480
f 9484 9480 9479
f 9499 9501 9494
f 9499 9494 9492
f 9501 9503 9495
f 9501 9495 9494
f 9492 9494 9486
f 9492 9486 9489
f 9494 9495 9485
f 9494 9485 9486
f 9500 9504 9499
f 9500 9499 9496
f 9504 9501 9499
f 9504 9511 9503
f 9504 9503 9501
f 9511 9484 9503
f 9503 9484 9495
f 9495 9484 9485
f 9485 9484 9479
f 9485 9479 9482
f 9486 9485 9482
f 9486 9482 9483
f 9489 9486 9483
f 9493 9492 9489
f 9493 9489 9483
f 9496 9499 9492
f 9496 9492 9493
f 9531 9522 9520
f 9531 9520 9530
f 9522 9510 9508
f 9522 9508 9520
f 9530 9520 9518
f 9530 9518 9529
f 9520 9508 9505
f 9520 9505 9518
f 9547 9531 9536
f 9547 9523 9522
f 9547 9522 9531
f 9523 9510 9522
f 9510 9523 9493
f 9510 9493 9508
f 9508 9493 9491
f 9508 9491 9505
f 9505 9491 9488
f 9505 9488 9502
f 9518 9505 9502
f 9518 9502 9517
f 9529 9518 9517
f 9529 9517 9528
f 9534 9529 9528
f 9534 9528 9533
f 9535 9530 9529
f 9535 9529 9534
f 9536 9531 9530
f 9536 9530 9535
f 9515 9526 9519
f 9515 9519 9509
f 9526 9527 9519
f 9509 9519 9514
f 9509 9514 9498
f 9519 9527 9514
f 9497 9521 9515
f 9521 9526 9515
f 9521 9527 9526
f 9521 9532 9527
f 9527 9532 9537
f 9527 9537 9525
f 9514 9527 9525
f 9514 9525 9507
f 9498 9514 9507
f 9498 9507 9487
f 9497 9509 9498
f 9497 9498 9487
f 9497 9515 9509
f 9633 9625 9624
f 9633 9624 9632
f 9625 9612 9624
f 9612 9607 9624
f 9607 9598 9624
f 9624 9598 9606
f 9606 9598 9613
f 9613 9598 9600
f 9613 9600 9634
f 9634 9606 9613
f 9632 9624 9606
f 9632 9606 9634
f 9627 9626 9615
f 9635 9614 9626
f 9626 9614 9597
f 9626 9597 9615
f 9615 9597 9628
f 9644 9615 9628
f 9644 9627 9615
f 9635 9626 9627
f 9635 9627 9644
f 9622 9608 9602
f 9622 9602 9610
f 9608 9577 9568
f 9608 9568 9602
f 9610 9602 9585
f 9610 9585 9604
f 9602 9568 9566
f 9602 9566 9585
f 9633 9630 9622
f 9633 9622 9625
f 9630 9620 9608
f 9630 9608 9622
f 9620 9582 9577
f 9620 9577 9608
f 9582 9561 9559
f 9582 9559 9577
f 9577 9559 9557
f 9577 9557 9568
f 9568 9557 9555
f 9568 9555 9566
f 9566 9555 9539
f 9585 9566 9539
f 9604 9585 9539
f 9604 9539 9598
f 9607 9604 9598
f 9612 9610 9604
f 9612 9604 9607
f 9625 9622 9610
f 9625 9610 9612
f 9368 9386 9412
f 9412 9386 9478
f 9478 9386 9470
f 9388 9386 9368
f 9386 9388 9470
f 9470 9388 9450
f 9470 9450 9478
f 9322 9390 9351
f 9351 9348 9322
f 9348 9391 9322
f 9322 9391 9390
f 9318 9389 9350
f 9350 9389 9321
f 9311 9350 9321
f 9311 9321 9312
f 9311 9318 9350
f 9324 9385 9346
f 9324 9323 9385
f 9313 9323 9324
f 9313 9324 9346
f 9320 9345 9349
f 9320 9349 9317
f 9345 9371 9375
f 9345 9375 9349
f 9317 9349 9343
f 9317 9343 9319
f 9349 9375 9373
f 9349 9373 9343
f 9312 9321 9320
f 9312 9320 9310
f 9321 9345 9320
f 9321 9371 9345
f 9321 9389 9371
f 9371 9389 9387
f 9371 9387 9375
f 9375 9387 9373
f 9373 9387 9374
f 9343 9373 9374
f 9343 9374 9344
f 9319 9343 9344
f 9319 9344 9316
f 9309 9317 9319
f 9309 9319 9316
f 9310 9320 9317
f 9310 9317 9309
f 9360 9400 9378
f 9400 9405 9378
f 9378 9405 9381
f 9381 9405 9353
f 9353 9405 9372
f 9353 9372 9314
f 9314 9381 9353
f 9360 9378 9381
f 9360 9381 9314
f 9315 9369 9325
f 9369 9315 9382
f 9369 9382 9366
f 9366 9382 9347
f 9347 9382 9370
f 9347 9370 9361
f 9325 9347 9361
f 9325 9366 9347
f 9325 9369 9366
f 9414 9418 9417
f 9414 9419 9418
f 9397 9398 9409
f 9397 9409 9407
f 9398 9401 9409
f 9401 9403 9409
f 9403 9396 9409
f 9409 9396 9414
f 9414 9396 9419
f 9419 9396 9425
f 9419 9425 9424
f 9418 9419 9424
f 9418 9424 9423
f 9417 9418 9423
f 9417 9423 9422
f 9427 9417 9422
f 9427 9414 9417
f 9407 9409 9414
f 9407 9414 9427
f 9416 9420 9411
f 9416 9411 9408
f 9415 9421 9416
f 9421 9426 9420
f 9421 9420 9416
f 9408 9411 9405
f 9408 9405 9400
f 9406 9408 9400
f 9406 9400 9360
f 9406 9416 9408
f 9415 9416 9406
f 9444 9464 9443
f 9464 9477 9476
f 9464 9476 9460
f 9460 9476 9475
f 9460 9475 9457
f 9443 9460 9457
f 9443 9464 9460
f 9455 9462 9465
f 9455 9465 9454
f 9462 9468 9472
f 9462 9472 9465
f 9454 9465 9463
f 9454 9463 9452
f 9465 9472 9473
f 9465 9473 9463
f 9448 9459 9455
f 9459 9461 9462
f 9459 9462 9455
f 9461 9467 9468
f 9461 9468 9462
f 9468 9467 9472
f 9472 9467 9474
f 9472 9474 9473
f 9473 9474 9477
f 9473 9477 9464
f 9463 9473 9464
f 9452 9463 9464
f 9444 9452 9464
f 9448 9454 9452
f 9448 9452 9444
f 9448 9455 9454
f 9428 9429 9437
f 9428 9437 9435
f 9429 9430 9438
f 9429 9438 9437
f 9435 9437 9447
f 9435 9447 9445
f 9437 9438 9451
f 9437 9451 9447
f 9427 9422 9428
f 9422 9423 9429
f 9422 9429 9428
f 9423 9424 9430
f 9423 9430 9429
f 9424 9425 9431
f 9424 9431 9430
f 9430 9431 9439
f 9430 9439 9438
f 9438 9439 9453
f 9438 9453 9451
f 9451 9453 9469
f 9451 9469 9466
f 9447 9451 9466
f 9447 9466 9461
f 9445 9447 9461
f 9445 9461 9458
f 9458 9435 9445
f 9427 9428 9435
f 9427 9435 9458
f 9441 9446 9436
f 9441 9436 9433
f 9446 9456 9442
f 9446 9442 9436
f 9433 9436 9432
f 9436 9442 9432
f 9440 9441 9415
f 9440 9446 9441
f 9440 9456 9446
f 9440 9471 9456
f 9456 9471 9449
f 9456 9449 9442
f 9442 9449 9434
f 9442 9434 9432
f 9432 9434 9426
f 9432 9426 9421
f 9415 9432 9421
f 9415 9433 9432
f 9415 9441 9433
f 9337 9336 9358
f 9337 9335 9336
f 9337 9333 9335
f 9335 9333 9367
f 9336 9335 9367
f 9358 9336 9367
f 9352 9358 9367
f 9337 9358 9352
f 9326 9332 9334
f 9326 9331 9332
f 9326 9330 9331
f 9326 9325 9361
f 9326 9361 9330
f 9330 9361 9370
f 9331 9330 9370
f 9332 9331 9370
f 9334 9332 9370
f 9339 9354 9364
f 9339 9364 9356
f 9354 9362 9376
f 9354 9376 9364
f 9356 9364 9392
f 9356 9392 9383
f 9364 9376 9394
f 9364 9394 9392
f 9327 9338 9339
f 9327 9339 9328
f 9338 9352 9354
f 9338 9354 9339
f 9352 9359 9362
f 9352 9362 9354
f 9362 9359 9376
f 9376 9359 9396
f 9376 9396 9394
f 9394 9396 9403
f 9392 9394 9403
f 9392 9403 9401
f 9383 9392 9401
f 9383 9401 9398
f 9379 9383 9398
f 9379 9398 9397
f 9341 9356 9383
f 9341 9383 9379
f 9328 9339 9356
f 9328 9356 9341
f 9562 9549 9560
f 9556 9549 9553
f 9558 9549 9556
f 9560 9549 9558
f 9623 9609 9603
f 9623 9603 9611
f 9609 9578 9569
f 9609 9569 9603
f 9611 9603 9586
f 9611 9586 9553
f 9603 9569 9567
f 9603 9567 9586
f 9631 9621 9609
f 9631 9609 9623
f 9621 9583 9578
f 9621 9578 9609
f 9583 9562 9560
f 9583 9560 9578
f 9578 9560 9558
f 9578 9558 9569
f 9569 9558 9556
f 9569 9556 9567
f 9567 9556 9553
f 9586 9567 9553
f 9399 9402 9413
f 9399 9413 9410
f 9402 9404 9413
f 9404 9363 9413
f 9340 9355 9365
f 9340 9365 9357
f 9355 9363 9377
f 9355 9377 9365
f 9357 9365 9393
f 9357 9393 9384
f 9365 9377 9395
f 9365 9395 9393
f 9377 9363 9395
f 9395 9363 9404
f 9393 9395 9404
f 9393 9404 9402
f 9384 9393 9402
f 9384 9402 9399
f 9380 9384 9399
f 9380 9399 9410
f 9342 9357 9384
f 9342 9384 9380
f 9329 9340 9357
f 9329 9357 9342
f 9654 9655 9656
f 9657 9652 9658
f 9659 9660 9661
f 9662 9663 9664
f 9673 9674 9700
f 9675 9676 9677
f 9678 9677 9679
f 9672 9679 9680
f 9670 9669 9681
f 9682 9669 9683
f 9690 9653 9689
f 9674 9690 9700
f 9653 9690 9674
f 9691 9688 9686
f 9692 9693 9694
f 9695 9696 9697
f 9657 9698 9652
f 9659 9699 9660
f 9662 9656 9663
f 9665 9667 9666
f 9666 9667 9668
f 9665 9666 9668
f 9671 9669 9670
f 9685 9671 9670
f 9673 9653 9674
f 9681 9669 9682
f 9685 9670 9681
f 9683 9669 9684
f 9683 9684 9685
f 9685 9682 9683
f 9685 9681 9682
f 9686 9688 9687
f 9700 9690 9689
f 9687 9691 9686
f 9702 9703 9704
f 9705 9706 9707
f 9709 9710 9711
f 9712 9711 9713
f 9714 9715 9716
f 9714 9717 9718
f 9719 9715 9714
f 9704 9720 9721
f 9722 9723 9724
f 9715 9725 9726
f 9730 9731 9727
f 9735 9739 9734
f 9734 9741 9760
f 9760 9741 9742
f 9736 9742 9740
f 9737 9738 9745
f 9701 9737 9745
f 9747 9748 9749
f 9702 9704 9750
f 9751 9752 9753
f 9705 9707 9754
f 9755 9756 9757
f 9709 9711 9712
f 9724 9710 9709
f 9714 9716 9717
f 9714 9718 9720
f 9758 9715 9719
f 9719 9714 9703
f 9703 9720 9704
f 9722 9724 9759
f 9715 9726 9716
f 9731 9728 9727
f 9727 9728 9730
f 9730 9729 9732
f 9729 9733 9732
f 9730 9733 9729
f 9736 9735 9734
f 9708 9737 9701
f 9708 9738 9737
f 9739 9740 9734
f 9740 9741 9734
f 9736 9739 9735
f 9742 9741 9740
f 9736 9740 9739
f 9746 9743 9744
f 9744 9743 9701
f 9738 9701 9745
f 9746 9744 9701
f 9761 9767 9772
f 9770 9763 9764
f 9762 9765 9775
f 9769 9768 9763
f 9763 9770 9769
f 9769 9771 9768
f 9774 9767 9766
f 9770 9771 9769
f 9764 9771 9770
f 9767 9774 9772
f 9762 9775 9777
f 9781 9784 9780
f 9776 9784 9781
f 9775 9765 9777
f 9778 9784 9776
f 9784 9778 9773
f 9786 9785 9783
f 9784 9779 9782
f 9784 9773 9779
f 9773 9785 9786
f 9773 9778 9785
f 9766 9792 9774
f 9787 9783 9788
f 9779 9773 9787
f 9773 9786 9787
f 9787 9786 9783
f 9781 9780 9790
f 9791 9767 9761
f 9780 9789 9790
f 9780 9784 9782
f 9780 9782 9789
f 9767 9792 9766
f 9792 9767 9791
f 9782 9779 9788
f 9782 9788 9789
f 9779 9787 9788
f 9794 9804 9793
f 9793 9804 9806
f 9796 9799 9801
f 9797 9798 9793
f 9799 9800 9798
f 9807 9796 9801
f 9802 9799 9796
f 9799 9803 9800
f 9800 9804 9794
f 9808 9817 9810
f 9812 9811 9793
f 9813 9815 9811
f 9823 9812 9806
f 9823 9814 9812
f 9816 9801 9815
f 9811 9801 9795
f 9821 9823 9806
f 9817 9818 9810
f 9806 9822 9821
f 9825 9826 9824
f 9826 9828 9824
f 9825 9829 9826
f 9827 9853 9830
f 9833 9832 9831
f 9838 9839 9835
f 9840 9841 9842
f 9843 9844 9841
f 9844 9847 9832
f 9843 9847 9844
f 9845 9848 9846
f 9824 9834 9845
f 9833 9842 9832
f 9832 9847 9849
f 9838 9852 9851
f 9801 9799 9795
f 9797 9799 9798
f 9807 9802 9796
f 9800 9803 9804
f 9798 9800 9794
f 9793 9798 9794
f 9805 9797 9793
f 9801 9816 9807
f 9820 9808 9810
f 9817 9808 9809
f 9812 9814 9811
f 9793 9806 9812
f 9813 9816 9815
f 9811 9815 9801
f 9793 9811 9805
f 9809 9818 9817
f 9818 9819 9810
f 9810 9819 9820
f 9806 9804 9822
f 9821 9822 9823
f 9846 9825 9824
f 9831 9832 9827
f 9826 9829 9828
f 9831 9827 9830
f 9827 9832 9853
f 9828 9834 9824
f 9835 9837 9836
f 9835 9839 9837
f 9850 9839 9838
f 9840 9843 9841
f 9832 9842 9841
f 9841 9844 9832
f 9845 9834 9848
f 9824 9845 9846
f 9833 9840 9842
f 9850 9838 9851
f 9838 9835 9852
f 9836 9852 9835
f 9832 9849 9853
f 9857 9858 9859
f 9855 9877 9858
f 9858 9860 9859
f 9861 9854 9858
f 9856 9857 9862
f 9860 9867 9863
f 9866 9869 9865
f 9864 9866 9865
f 9876 9877 9855
f 9878 9874 9879
f 9880 9876 9868
f 9885 9886 9887
f 9888 9889 9886
f 9890 9901 9889
f 9881 9890 9888
f 9881 9888 9885
f 9882 9885 9891
f 9883 9894 9893
f 9882 9896 9881
f 9897 9898 9899
f 9857 9855 9858
f 9858 9854 9860
f 9856 9855 9857
f 9860 9854 9867
f 9859 9860 9863
f 9862 9857 9859
f 9856 9868 9855
f 9864 9869 9866
f 9854 9870 9867
f 9861 9878 9854
f 9854 9878 9879
f 9854 9879 9870
f 9875 9871 9872
f 9872 9873 9875
f 9872 9871 9873
f 9876 9880 9877
f 9878 9861 9874
f 9868 9876 9855
f 9884 9883 9893
f 9885 9888 9886
f 9888 9890 9889
f 9895 9892 9902
f 9881 9896 9890
f 9882 9881 9885
f 9891 9885 9887
f 9883 9884 9894
f 9890 9896 9901
f 9895 9902 9903
f 9882 9905 9896
f 9897 9900 9898
f 9900 9899 9898
f 9896 9904 9901
f 9892 9903 9902
f 9896 9905 9904
f 9913 9906 9907
f 9908 9909 9911
f 9907 9911 9912
f 9914 9915 9917
f 9920 9918 9927
f 9921 9922 9918
f 9926 9920 9927
f 9929 9930 9931
f 9932 9933 9934
f 9935 9936 9937
f 9938 9939 9935
f 9940 9932 9938
f 9941 9942 9940
f 9943 9933 9942
f 9945 9946 9947
f 9946 9948 9949
f 9948 9950 9951
f 9949 9951 9952
f 9953 9954 9955
f 9957 9958 9959
f 9960 9961 9962
f 9963 9964 9965
f 9965 9966 9961
f 9967 9968 9950
f 9969 9943 9941
f 9970 9971 9969
f 9971 9972 9943
f 9973 9974 9975
f 9976 9977 9974
f 9978 9979 9977
f 9977 9980 9981
f 9982 9983 9984
f 9966 9984 9985
f 9986 9975 9964
f 9991 9992 9993
f 9919 9997 9998
f 9999 9956 9997
f 9997 10000 9998
f 10001 9956 9999
f 10006 10003 10004
f 10006 10005 10003
f 10006 10007 10005
f 10003 10023 10008
f 10004 10008 10009
f 9911 10009 9910
f 9909 10004 9911
f 10013 10014 10078
f 9936 10015 10016
f 10017 10018 10019
f 10020 10023 10018
f 10019 10021 10022
f 10018 10023 10021
f 9910 10017 9911
f 10009 10020 10017
f 10008 10023 10020
f 9911 10022 9924
f 10025 10026 10027
f 10028 10029 10026
f 10027 9928 10030
f 10012 10028 10025
f 10031 9928 10029
f 9928 10002 10001
f 10030 10001 9919
f 9922 10030 9919
f 10012 10027 9922
f 10032 10033 10034
f 10035 10036 10037
f 10039 10040 10041
f 10042 10043 10040
f 10044 10045 10046
f 10047 10048 10049
f 10050 10051 10052
f 10053 10054 10055
f 10049 10053 10056
f 10048 10057 10053
f 10058 10059 10060
f 10061 10062 10058
f 10062 10063 10059
f 10064 10065 10062
f 10066 10061 10067
f 10068 10064 10061
f 10069 10070 10064
f 10065 10071 10072
f 10073 10074 10036
f 10076 10075 10077
f 10079 10080 10081
f 10082 10083 10084
f 10084 9970 9969
f 10085 9969 9941
f 10086 10084 10085
f 10088 9941 9940
f 10089 9940 9938
f 10089 9935 10090
f 10091 10092 10093
f 10094 10095 10091
f 10095 10096 10092
f 10097 10098 10095
f 10099 10094 10091
f 10100 10101 10094
f 10102 10103 10097
f 10104 10105 10103
f 10103 10106 10098
f 10108 10109 10105
f 10110 10111 10112
f 10112 10113 10114
f 10116 10117 10118
f 10119 10120 10117
f 10117 10121 10122
f 10123 10124 10125
f 10125 10126 10120
f 10120 10127 10121
f 10127 10100 10121
f 10121 10099 10122
f 10114 10128 10129
f 10129 10130 10131
f 10131 10132 10133
f 10132 10134 10133
f 10135 10136 10137
f 10140 10141 10142
f 10143 10144 10123
f 10145 10146 10147
f 10148 10149 10146
f 10150 10142 10149
f 10151 10152 10153
f 10153 10154 10155
f 10152 10156 10154
f 10144 10151 10124
f 10157 10158 10151
f 10159 10160 10158
f 10160 10161 10162
f 10154 10163 10155
f 10126 10155 10127
f 10124 10153 10126
f 10164 10165 10166
f 10167 10168 10101
f 10163 10169 10168
f 10165 10108 10104
f 10166 10104 10102
f 10168 10102 10101
f 10170 10171 10140
f 10172 10173 10170
f 10174 10175 10176
f 10177 10178 10179
f 10178 10180 10181
f 10182 10179 10183
f 10184 10177 10179
f 10185 10186 10177
f 10187 10170 10180
f 10180 10140 10150
f 10181 10150 10148
f 10183 10148 10145
f 10188 10189 10190
f 10191 10192 10189
f 10193 10191 10188
f 10194 10195 10191
f 10196 10197 10195
f 10198 10185 10199
f 10200 10182 10201
f 10201 10202 10132
f 10130 10201 10132
f 10128 10190 10130
f 10204 10205 10108
f 10206 10194 10193
f 10111 10193 10113
f 10207 10206 10111
f 10208 10207 10205
f 10209 10210 10211
f 10214 10215 10216
f 10217 10218 10219
f 10220 10221 10218
f 10222 10186 10223
f 10224 10217 10225
f 10226 10227 10228
f 10229 10230 10227
f 10218 10231 10232
f 10234 10235 10233
f 10236 10237 10238
f 10239 10240 10237
f 10237 10241 10242
f 10244 10245 10246
f 10248 10249 10250
f 10251 10252 10253
f 10243 10254 10255
f 10241 10256 10243
f 10256 10226 10254
f 10257 10258 10240
f 10240 10247 10241
f 10259 10260 10261
f 10262 10263 10264
f 10265 10250 10262
f 10250 10213 10263
f 10266 10267 10245
f 9913 9911 9906
f 9908 10006 9909
f 9907 9906 9911
f 9912 9913 9907
f 9914 9923 9915
f 9915 9923 9917
f 9916 9923 9914
f 9916 9914 9917
f 9918 10012 9921
f 9921 10012 9922
f 9918 9922 9919
f 10269 10270 10268
f 9925 10271 10270
f 10078 10014 10271
f 9926 9918 9920
f 9939 9932 9934
f 9932 9942 9933
f 9935 9939 9936
f 9938 9932 9939
f 9940 9942 9932
f 9941 9943 9942
f 9943 9972 9933
f 9945 10272 9946
f 9946 10273 9948
f 10274 10275 10276
f 9949 9948 9951
f 9957 10277 9958
f 10277 9985 10278
f 9960 9965 9961
f 10279 10280 10281
f 9963 9986 9964
f 9965 9964 9966
f 10283 10284 10285
f 9970 10283 9971
f 10286 10287 10282
f 9971 10285 9972
f 9973 9976 9974
f 9976 9978 9977
f 9966 9982 9984
f 9964 9975 9982
f 9986 9973 9975
f 9988 10288 9989
f 9988 9990 10288
f 9990 9988 9989
f 9993 9992 10038
f 10289 10290 9994
f 9995 9996 10115
f 9919 9999 9997
f 9997 9956 10000
f 9919 10001 9999
f 10001 10002 9956
f 10002 9928 9956
f 10005 10007 10023
f 10003 10005 10023
f 10004 10003 10008
f 9911 10004 10009
f 9909 10006 10004
f 10293 10011 10010
f 10016 10015 10011
f 10013 10294 10014
f 9936 9944 10015
f 10017 10020 10018
f 10019 10018 10021
f 9910 10009 10017
f 10009 10008 10020
f 10021 10023 10024
f 10022 10021 10024
f 9924 10022 10024
f 9911 10019 10022
f 9911 10017 10019
f 10025 10028 10026
f 10028 10031 10029
f 10027 10026 9928
f 10026 10029 9928
f 10012 10031 10028
f 10030 9928 10001
f 9922 10027 10030
f 10012 10025 10027
f 10032 10295 10033
f 10039 10042 10040
f 10296 10297 10298
f 10052 10051 10299
f 10299 10300 10301
f 10302 9987 10052
f 10050 10303 10051
f 10053 10057 10054
f 10304 10055 10305
f 10048 10306 10057
f 10058 10062 10059
f 10061 10064 10062
f 10062 10065 10063
f 10064 10070 10065
f 10307 10058 10060
f 10066 10068 10061
f 10069 10308 10070
f 10063 10065 10072
f 10073 10063 10074
f 10059 10063 10073
f 10309 10310 10311
f 10312 10313 10310
f 10082 10314 10083
f 10086 10082 10084
f 10315 10316 10082
f 10317 10087 10318
f 10087 10089 10090
f 10319 10086 10085
f 10089 10088 9940
f 10089 9938 9935
f 10090 9935 9937
f 10091 10095 10092
f 10094 10097 10095
f 10095 10098 10096
f 10097 10103 10098
f 10099 10100 10094
f 10100 10167 10101
f 10101 10102 10097
f 10104 10108 10105
f 10103 10105 10106
f 10098 10106 10320
f 10105 10109 10321
f 10110 10207 10111
f 10112 10111 10113
f 10115 10107 9995
f 9996 10107 10115
f 10116 10119 10117
f 10119 10125 10120
f 10117 10120 10121
f 10123 10144 10124
f 10125 10124 10126
f 10120 10126 10127
f 10127 10167 10100
f 10121 10100 10099
f 10322 10116 10118
f 10323 10324 10325
f 10114 10113 10128
f 10131 10130 10132
f 10291 10139 10138
f 10138 10139 10292
f 10326 10174 10176
f 10291 10138 10292
f 10327 10134 10147
f 10148 10150 10149
f 10150 10140 10142
f 10158 10160 10162
f 10153 10152 10154
f 10144 10157 10151
f 10159 10328 10160
f 10156 10329 10330
f 10155 10163 10167
f 10126 10153 10155
f 10169 10164 10166
f 10331 10332 10333
f 10167 10163 10168
f 10163 10330 10169
f 10165 10204 10108
f 10166 10165 10104
f 10175 10334 10159
f 10176 10175 10157
f 10174 10335 10175
f 10173 10335 10174
f 10179 10178 10181
f 10177 10336 10178
f 10178 10187 10180
f 10202 10182 10183
f 10182 10184 10179
f 10184 10185 10177
f 10232 10231 10337
f 10187 10172 10170
f 10180 10170 10140
f 10181 10180 10150
f 10183 10181 10148
f 10188 10191 10189
f 10191 10195 10192
f 10190 10189 10200
f 10113 10193 10188
f 10193 10194 10191
f 10194 10196 10195
f 10198 10223 10185
f 10199 10185 10184
f 10200 10184 10182
f 10201 10182 10202
f 10130 10190 10201
f 10128 10188 10190
f 10338 10339 10208
f 10203 10340 10196
f 10206 10203 10194
f 10111 10206 10193
f 10207 10341 10206
f 10208 10341 10207
f 10342 10343 10344
f 10345 10346 10210
f 10264 10263 10212
f 10263 10213 10342
f 10213 10347 10343
f 10348 10228 10220
f 10220 10349 10221
f 10222 10219 10186
f 10225 10217 10219
f 10227 10230 10350
f 10349 10350 10351
f 10218 10221 10231
f 10238 10237 10242
f 10352 10234 10233
f 10234 10242 10235
f 10236 10239 10237
f 10239 10257 10240
f 10237 10240 10241
f 10242 10241 10243
f 10235 10243 10255
f 10353 10246 10354
f 10355 10244 10246
f 10244 10266 10245
f 10356 10262 10264
f 10243 10256 10254
f 10241 10247 10256
f 10257 10357 10258
f 10240 10258 10247
f 10259 10347 10260
f 10261 10260 10358
f 10262 10250 10263
f 10250 10249 10213
f 10266 10359 10267
f 10360 10361 10362
f 10363 10364 10365
f 10366 10367 10363
f 10368 10369 10370
f 10371 10372 10373
f 10374 10375 10371
f 10377 10378 10379
f 10380 10381 10377
f 10385 10386 10387
f 10388 10389 10385
f 10390 10391 10392
f 10394 10395 10393
f 10395 10397 10520
f 10394 10397 10395
f 10398 10399 10400
f 10401 10402 10398
f 10403 10404 10405
f 10406 10407 10408
f 10407 10409 10410
f 10411 10412 10409
f 10413 10408 10414
f 10415 10416 10412
f 10417 10418 10419
f 10421 10422 10423
f 10418 10423 10424
f 10419 10424 10425
f 10427 10428 10426
f 10429 10430 10428
f 10431 10432 10433
f 10434 10435 10436
f 10437 10438 10439
f 10441 10442 10443
f 10439 10444 10442
f 10446 10447 10448
f 10448 10449 10450
f 10451 10452 10453
f 10559 10463 10460
f 10459 10464 10463
f 10465 10467 10466
f 10471 10469 10470
f 10475 10477 10474
f 10471 10475 10473
f 10470 10477 10475
f 10431 10479 10480
f 10481 10482 10483
f 10484 10485 10486
f 10485 10396 10487
f 10488 10489 10490
f 10491 10492 10493
f 10489 10494 10495
f 10495 10496 10497
f 10498 10499 10567
f 10500 10501 10502
f 10367 10506 10507
f 10507 10506 10368
f 10363 10367 10364
f 10508 10509 10510
f 10371 10375 10372
f 10375 10511 10512
f 10513 10514 10515
f 10516 10513 10517
f 10376 10518 10519
f 10379 10378 10517
f 10377 10381 10378
f 10382 10518 10376
f 10382 10376 10519
f 10504 10505 10383
f 10504 10383 10384
f 10383 10505 10384
f 10394 10393 10520
f 10393 10395 10520
f 10521 10522 10523
f 10398 10402 10399
f 10511 10403 10405
f 10403 10524 10404
f 10525 10526 10527
f 10407 10411 10409
f 10509 10407 10410
f 10408 10407 10509
f 10417 10528 10418
f 10528 10529 10421
f 10530 10420 10529
f 10531 10419 10425
f 10450 10532 10417
f 10529 10533 10534
f 10421 10534 10422
f 10419 10418 10424
f 10535 10536 10537
f 10538 10539 10540
f 10426 10428 10541
f 10432 10426 10542
f 10431 10543 10432
f 10534 10544 10545
f 10434 10546 10435
f 10441 10439 10442
f 10542 10437 10439
f 10547 10548 10440
f 10548 10549 10550
f 10549 10551 10552
f 10439 10438 10444
f 10553 10448 10450
f 10500 10554 10555
f 10456 10457 10458
f 10559 10454 10455
f 10462 10457 10456
f 10457 10462 10458
f 10455 10454 10459
f 10559 10455 10459
f 10556 10557 10558
f 10559 10459 10463
f 10459 10454 10464
f 10463 10464 10460
f 10472 10467 10465
f 10472 10465 10466
f 10471 10468 10469
f 10473 10475 10474
f 10474 10477 10476
f 10478 10471 10473
f 10471 10470 10475
f 10470 10469 10477
f 10469 10468 10477
f 10476 10477 10461
f 10476 10461 10478
f 10478 10474 10476
f 10478 10473 10474
f 10480 10479 10560
f 10431 10561 10479
f 10481 10562 10482
f 10486 10485 10562
f 10535 10560 10483
f 10484 10563 10485
f 10436 10483 10482
f 10564 10493 10488
f 10445 10565 10566
f 10498 10503 10499
f 10499 10503 10567
f 10568 10569 10491
f 10571 10572 10573
f 10575 10576 10577
f 10578 10579 10580
f 10582 10583 10584
f 10585 10586 10587
f 10584 10588 10589
f 10590 10591 10592
f 10593 10594 10590
f 10595 10596 10594
f 10597 10598 10599
f 10601 10607 10604
f 10609 10608 10610
f 10690 10608 10609
f 10612 10613 10614
f 10589 10617 10615
f 10623 10624 10625
f 10625 10626 10616
f 10624 10608 10626
f 10610 10623 10627
f 10608 10616 10626
f 10616 10703 10628
f 10629 10616 10628
f 10627 10625 10616
f 10632 10633 10635
f 10620 10634 10633
f 10634 10570 10635
f 10636 10637 10631
f 10574 10638 10575
f 10578 10640 10579
f 10587 10586 10582
f 10586 10641 10581
f 10582 10642 10583
f 10581 10643 10642
f 10593 10595 10594
f 10599 10598 10600
f 10602 10603 10601
f 10604 10605 10606
f 10604 10607 10605
f 10601 10604 10606
f 10601 10603 10607
f 10603 10602 10607
f 10644 10615 10612
f 10615 10617 10619
f 10619 10618 10622
f 10611 10614 10645
f 10623 10608 10624
f 10625 10624 10626
f 10610 10608 10623
f 10627 10623 10625
f 10637 10630 10639
f 10630 10635 10639
f 10632 10620 10633
f 10633 10634 10635
f 10620 10632 10646
f 10634 10620 10570
f 10637 10635 10630
f 10646 10632 10635
f 10648 10647 10649
f 10651 10652 10653
f 10654 10653 10655
f 10653 10656 10657
f 10658 10659 10660
f 10662 10663 10664
f 10665 10666 10667
f 10668 10669 10670
f 10669 10671 10672
f 10673 10674 10675
f 10676 10677 10678
f 10679 10676 10680
f 10681 10682 10683
f 10678 10684 10685
f 10609 10610 10693
f 10690 10609 10693
f 10694 10695 10696
f 10697 10694 10698
f 10696 10645 10700
f 10693 10701 10702
f 10701 10703 10704
f 10702 10704 10699
f 10610 10627 10693
f 10704 10703 10699
f 10629 10628 10703
f 10627 10616 10701
f 10650 10708 10709
f 10650 10621 10620
f 10636 10631 10707
f 10637 10636 10707
f 10620 10635 10707
f 10647 10711 10649
f 10653 10657 10655
f 10713 10661 10714
f 10662 10664 10671
f 10673 10675 10715
f 10674 10692 10675
f 10676 10678 10680
f 10656 10716 10657
f 10682 10717 10683
f 10678 10685 10718
f 10687 10686 10689
f 10687 10689 10688
f 10687 10688 10686
f 10694 10696 10698
f 10697 10698 10719
f 10695 10645 10696
f 10693 10702 10691
f 10701 10704 10702
f 10702 10699 10691
f 10616 10703 10701
f 10627 10701 10693
f 10710 10705 10706
f 10706 10705 10712
f 10707 10708 10650
f 10707 10712 10708
f 10708 10712 10709
f 10709 10712 10650
f 10710 10706 10712
f 10722 10723 10724
f 10721 10779 10720
f 10727 10728 10729
f 10731 10732 10733
f 10734 10735 10736
f 10737 10738 10739
f 10740 10736 10737
f 10741 10742 10743
f 10744 10739 10745
f 10749 10750 10751
f 10752 10753 10749
f 10752 10754 10755
f 10757 10758 10759
f 10726 10760 10765
f 10767 10768 10769
f 10767 10770 10768
f 10768 10772 10771
f 10774 10771 10775
f 10776 10769 10774
f 10777 10778 10794
f 10779 10780 10778
f 10780 10725 10794
f 10784 10781 10783
f 10782 10721 10720
f 10785 10786 10787
f 10788 10729 10789
f 10729 10728 10730
f 10790 10724 10791
f 10737 10736 10738
f 10740 10734 10736
f 10741 10787 10742
f 10744 10737 10739
f 10747 10748 10792
f 10747 10746 10748
f 10746 10747 10792
f 10749 10753 10750
f 10752 10755 10753
f 10752 10756 10754
f 10757 10793 10758
f 10761 10760 10726
f 10765 10761 10726
f 10765 10764 10763
f 10765 10763 10766
f 10763 10764 10766
f 10769 10768 10771
f 10768 10773 10772
f 10774 10769 10771
f 10776 10767 10769
f 10777 10779 10778
f 10778 10780 10794
f 10782 10777 10762
f 10782 10779 10777
f 10782 10720 10779
f 10780 10779 10725
f 10783 10781 10794
f 10784 10794 10781
f 10762 10777 10794
f 10796 10797 10795
f 10797 10796 10798
f 10798 10799 10797
f 10799 10798 10800
f 10800 10801 10799
f 10801 10800 10802
f 10803 10804 10805
f 10804 10803 10806
f 10807 10805 10808
f 10805 10807 10803
f 10809 10806 10803
f 10806 10809 10810
f 10811 10803 10807
f 10803 10811 10809
f 10804 10812 10813
f 10812 10804 10814
f 10805 10813 10815
f 10813 10805 10804
f 10808 10815 10816
f 10815 10808 10805
f 10817 10816 10818
f 10816 10817 10808
f 10819 10808 10817
f 10808 10819 10807
f 10819 10820 10807
f 10811 10807 10820
f 10821 10811 10820
f 10821 10809 10811
f 10809 10821 10822
f 10822 10810 10809
f 10822 10823 10810
f 10810 10824 10806
f 10824 10810 10823
f 10806 10814 10804
f 10814 10806 10824
f 10825 10826 10827
f 10826 10825 10828
f 10829 10827 10830
f 10827 10829 10825
f 10831 10828 10825
f 10828 10831 10832
f 10833 10825 10829
f 10825 10833 10831
f 10826 10834 10835
f 10834 10826 10836
f 10827 10835 10837
f 10835 10827 10826
f 10830 10837 10838
f 10837 10830 10827
f 10839 10838 10840
f 10838 10839 10830
f 10841 10830 10839
f 10830 10841 10829
f 10842 10829 10841
f 10829 10842 10833
f 10843 10833 10842
f 10843 10831 10833
f 10843 10832 10831
f 10832 10843 10844
f 10832 10845 10846
f 10845 10832 10844
f 10832 10847 10828
f 10847 10832 10846
f 10826 10847 10836
f 10847 10826 10828
f 10848 10849 10850
f 10849 10848 10851
f 10852 10851 10848
f 10851 10852 10853
f 10854 10849 10851
f 10849 10854 10855
f 10856 10851 10853
f 10851 10856 10854
f 10850 10840 10857
f 10840 10850 10839
f 10848 10857 10858
f 10857 10848 10850
f 10852 10858 10859
f 10858 10852 10848
f 10814 10859 10812
f 10859 10814 10852
f 10814 10853 10852
f 10853 10814 10824
f 10823 10853 10824
f 10853 10823 10856
f 10822 10856 10823
f 10856 10822 10854
f 10854 10822 10855
f 10855 10843 10842
f 10843 10855 10822
f 10855 10841 10849
f 10841 10855 10842
f 10849 10839 10850
f 10839 10849 10841
f 10860 10861 10862
f 10861 10860 10863
f 10864 10863 10860
f 10863 10864 10865
f 10863 10866 10861
f 10866 10863 10867
f 10865 10867 10863
f 10867 10865 10868
f 10869 10870 10871
f 10870 10869 10862
f 10872 10862 10869
f 10862 10872 10860
f 10873 10860 10872
f 10860 10873 10864
f 10834 10864 10873
f 10864 10834 10836
f 10836 10865 10864
f 10865 10836 10847
f 10847 10868 10865
f 10868 10847 10846
f 10846 10874 10868
f 10874 10846 10845
f 10868 10875 10867
f 10875 10868 10874
f 10876 10867 10875
f 10867 10876 10866
f 10877 10878 10866
f 10879 10861 10866
f 10866 10878 10879
f 10862 10879 10870
f 10862 10861 10879
f 10880 10881 10882
f 10880 10882 10883
f 10884 10880 10883
f 10884 10883 10885
f 10886 10887 10881
f 10886 10881 10880
f 10888 10886 10880
f 10888 10880 10884
f 10882 10813 10812
f 10882 10812 10889
f 10883 10882 10889
f 10883 10889 10890
f 10885 10883 10890
f 10885 10890 10891
f 10892 10885 10891
f 10892 10891 10893
f 10894 10884 10885
f 10894 10885 10892
f 10895 10888 10884
f 10884 10894 10895
f 10896 10897 10888
f 10888 10895 10896
f 10897 10898 10886
f 10886 10888 10897
f 10898 10899 10887
f 10887 10886 10898
f 10899 10818 10816
f 10899 10816 10887
f 10887 10816 10815
f 10887 10815 10881
f 10881 10815 10813
f 10881 10813 10882
f 10900 10901 10902
f 10900 10902 10903
f 10904 10900 10903
f 10904 10903 10905
f 10906 10907 10901
f 10906 10901 10900
f 10908 10906 10900
f 10908 10900 10904
f 10835 10909 10902
f 10909 10835 10834
f 10903 10902 10909
f 10903 10909 10910
f 10905 10903 10910
f 10905 10910 10911
f 10941 10905 10911
f 10904 10905 10941
f 10908 10904 10941
f 10912 10908 10941
f 10912 10913 10906
f 10912 10906 10908
f 10913 10914 10907
f 10913 10907 10906
f 10914 10840 10838
f 10914 10838 10907
f 10907 10838 10837
f 10907 10837 10901
f 10901 10837 10835
f 10901 10835 10902
f 10915 10916 10917
f 10915 10917 10918
f 10915 10919 10920
f 10919 10915 10918
f 10921 10922 10916
f 10921 10916 10915
f 10921 10920 10923
f 10920 10921 10915
f 10917 10857 10840
f 10917 10840 10914
f 10918 10917 10914
f 10918 10914 10913
f 10919 10918 10913
f 10919 10913 10912
f 10919 10941 10924
f 10941 10919 10912
f 10920 10924 10925
f 10924 10920 10919
f 10923 10925 10926
f 10925 10923 10920
f 10893 10891 10923
f 10893 10923 10926
f 10890 10923 10891
f 10923 10890 10921
f 10890 10889 10922
f 10890 10922 10921
f 10889 10812 10859
f 10889 10859 10922
f 10922 10859 10858
f 10922 10858 10916
f 10916 10858 10857
f 10916 10857 10917
f 10927 10928 10929
f 10928 10927 10930
f 10929 10931 10932
f 10931 10929 10928
f 10933 10929 10934
f 10929 10933 10927
f 10934 10932 10935
f 10932 10934 10929
f 10869 10936 10930
f 10936 10869 10871
f 10928 10930 10937
f 10936 10937 10930
f 10931 10928 10938
f 10938 10939 10931
f 10932 10939 10940
f 10939 10932 10931
f 10935 10940 10941
f 10940 10935 10932
f 10941 10911 10935
f 10910 10935 10911
f 10935 10910 10934
f 10909 10934 10910
f 10934 10909 10933
f 10834 10933 10909
f 10933 10834 10873
f 10873 10927 10933
f 10927 10873 10872
f 10872 10930 10927
f 10930 10872 10869
f 10942 10943 10951
f 10943 10944 10951
f 10944 10942 10951
f 10945 10946 10952
f 10946 10947 10952
f 10947 10945 10952
f 10948 10949 10953
f 10949 10950 10953
f 10950 10948 10953
f 10954 10955 10963
f 10955 10956 10963
f 10956 10954 10963
f 10957 10958 10964
f 10958 10959 10964
f 10959 10957 10964
f 10960 10961 10965
f 10961 10962 10965
f 10962 10960 10965
f 10966 10967 10975
f 10967 10968 10975
f 10968 10966 10975
f 10969 10970 10976
f 10970 10971 10976
f 10971 10969 10976
f 10972 10973 10977
f 10973 10974 10977
f 10974 10972 10977
f 10978 10979 10987
f 10979 10980 10987
f 10980 10978 10987
f 10981 10982 10988
f 10982 10983 10988
f 10983 10981 10988
f 10984 10985 10989
f 10985 10986 10989
f 10986 10984 10989
f 11025 10993 11040
f 10990 10991 10996
f 10993 10994 11044
f 10996 10995 11046
f 10997 10996 10991
f 10997 10991 10990
f 10999 11006 10998
f 11001 11000 11008
f 11000 11001 11002
f 11004 11000 11002
f 11002 11005 11004
f 11000 11004 11008
f 11014 11006 11013
f 11006 10999 11007
f 11007 11013 11006
f 11004 11009 11010
f 11004 11005 11011
f 11012 11023 11003
f 11007 11014 11013
f 11010 11009 11015
f 11016 11018 11017
f 11018 11016 11020
f 11017 11019 11016
f 11016 11019 11020
f 11022 11026 11021
f 11024 11022 11021
f 11024 11026 11022
f 11027 11028 11029
f 11031 11032 11030
f 11033 11035 11031
f 11031 11034 11033
f 11031 11035 11032
f 11030 11036 11031
f 11041 11025 11040
f 11037 11038 11019
f 10996 11039 10995
f 11006 11014 10998
f 11023 11012 11003
f 11041 11040 10993
f 11044 11045 10993
f 11042 10992 11043
f 11045 11044 10994
f 10992 11047 11043
f 11074 11046 10995
f 11047 11042 11043
f 11051 11049 11048
f 11052 11053 11050
f 11052 11050 11054
f 11052 11055 11053
f 11055 11052 11054
f 11057 11055 11054
f 11055 11057 11058
f 11054 11050 11057
f 11048 11059 11051
f 11059 11048 11061
f 11061 11064 11059
f 11065 11057 11050
f 11057 11062 11058
f 11056 11075 11063
f 11061 11060 11064
f 11066 11065 11067
f 11067 11020 11066
f 11065 11066 11068
f 11066 11020 11068
f 11070 11069 11071
f 11024 11069 11070
f 11024 11070 11071
f 11073 11030 11032
f 11034 11072 11033
f 11033 11073 11035
f 11073 11033 11072
f 11073 11032 11035
f 11030 11073 11036
f 11074 10995 11039
f 11061 11049 11060
f 11049 11061 11048
f 11063 11075 11056
f 11076 11077 11078
f 11079 11080 11081
f 11078 11077 11082
f 11083 11084 11085
f 11086 11087 11088
f 11078 11089 11083
f 11090 11091 11092
f 11093 11094 11095
f 11092 11096 11079
f 11088 11097 11098
f 11087 11097 11088
f 11086 11085 11099
f 11099 11085 11084
f 11084 11083 11100
f 11100 11083 11089
f 11089 11078 11101
f 11095 11102 11093
f 11092 11103 11096
f 11104 11094 11093
f 11091 11090 11105
f 11105 11090 11102
f 11103 11092 11091
f 11106 11079 11096
f 11107 11079 11106
f 11080 11079 11107
f 11108 11109 11110
f 11111 11112 11113
f 11114 11115 11116
f 11115 11117 11116
f 11113 11118 11111
f 11108 11119 11109
f 11119 11120 11121
f 11122 11123 11117
f 11110 11109 11118
f 11124 11115 11114
f 11125 11126 11118
f 11112 11127 11128
f 11118 11126 11111
f 11124 11129 11130
f 11127 11124 11128
f 11131 11126 11125
f 11130 11129 11132
f 11133 11134 11135
f 11135 11134 11136
f 11136 11134 11131
f 11137 11138 11139
f 11139 11138 11140
f 11132 11138 11137
f 11127 11129 11124
f 11141 11142 11133
f 11143 11142 11144
f 11144 11142 11141
f 11133 11142 11134
f 11140 11145 11146
f 11146 11145 11147
f 11147 11145 11148
f 11145 11140 11138
f 11138 11132 11129
f 11126 11131 11134
f 11149 11150 11151
f 11151 11152 11149
f 11153 11154 11150
f 11150 11149 11153
f 11155 11156 11157
f 11157 11158 11155
f 11152 11151 11156
f 11156 11155 11152
f 11185 11160 11159
f 11161 11162 11201
f 11161 11163 11162
f 11164 11165 11163
f 11163 11161 11164
f 11167 11168 11166
f 11169 11167 11186
f 11240 11179 11170
f 11173 11171 11172
f 11172 11171 11174
f 11174 11175 11172
f 11166 11176 11177
f 11177 11167 11166
f 11173 11192 11180
f 11181 11182 11183
f 11184 11172 11175
f 11172 11184 11173
f 11175 11173 11184
f 11187 11197 11173
f 11173 11175 11187
f 11159 11160 11189
f 11189 11190 11159
f 11191 11165 11164
f 11190 11188 11185
f 11197 11187 11193
f 11190 11185 11159
f 11196 11195 11198
f 11197 11193 11192
f 11167 11199 11168
f 11199 11167 11169
f 11169 11200 11199
f 11167 11194 11186
f 11163 11202 11162
f 11165 11203 11202
f 11202 11163 11165
f 11191 11204 11203
f 11203 11165 11191
f 11205 11198 11195
f 11160 11185 11207
f 11207 11206 11160
f 11189 11160 11206
f 11201 11162 11208
f 11162 11202 11208
f 11202 11203 11209
f 11209 11208 11202
f 11204 11209 11203
f 11188 11207 11185
f 11211 11212 11213
f 11213 11212 11215
f 11216 11217 11218
f 11218 11214 11216
f 11219 11216 11214
f 11214 11220 11219
f 11221 11219 11220
f 11217 11222 11223
f 11223 11218 11217
f 11224 11225 11215
f 11215 11212 11224
f 11226 11230 11210
f 11227 11210 11230
f 11228 11231 11229
f 11214 11228 11229
f 11231 11214 11229
f 11210 11227 11226
f 11205 11196 11198
f 11192 11173 11197
f 11176 11170 11232
f 11232 11177 11176
f 11177 11232 11194
f 11194 11167 11177
f 11178 11173 11180
f 11233 11234 11235
f 11235 11236 11233
f 11237 11178 11180
f 11200 11233 11236
f 11236 11238 11200
f 11166 11168 11239
f 11171 11173 11237
f 11237 11234 11171
f 11174 11171 11234
f 11176 11166 11239
f 11239 11241 11176
f 11178 11237 11173
f 11168 11199 11242
f 11242 11239 11168
f 11200 11242 11199
f 11170 11176 11241
f 11243 11244 11245
f 11245 11244 11246
f 11247 11244 11248
f 11248 11244 11249
f 11249 11244 11250
f 11180 11251 11252
f 11253 11254 11255
f 11256 11254 11253
f 11257 11254 11258
f 11259 11254 11260
f 11260 11254 11257
f 11262 11263 11264
f 11265 11264 11263
f 11263 11266 11270
f 11277 11269 11261
f 11267 11268 11279
f 11268 11267 11270
f 11272 11273 11274
f 11274 11275 11272
f 11261 11271 11277
f 11271 11261 11269
f 11278 11270 11266
f 11266 11263 11278
f 11268 11276 11279
f 11276 11268 11270
f 11283 11295 11297
f 11284 11292 11285
f 11285 11286 11284
f 11287 11281 11288
f 11288 11285 11287
f 11280 11288 11281
f 11290 11294 11289
f 11292 11290 11289
f 11294 11290 11293
f 11287 11291 11281
f 11290 11292 11284
f 11284 11293 11290
f 11296 11280 11281
f 11299 11298 11296
f 11299 11296 11281
f 11300 11297 11295
f 11299 11281 11291
f 11300 11295 11283
f 11302 11294 11293
f 11293 11303 11302
f 11303 11293 11284
f 11284 11286 11303
f 11301 11282 11304
f 11305 11306 11307
f 11307 11308 11305
f 11304 11308 11301
f 11282 11301 11308
f 11309 11310 11280
f 11280 11296 11309
f 11286 11285 11311
f 11285 11288 11310
f 11288 11280 11310
f 11296 11298 11309
f 11302 11303 11311
f 11303 11286 11311
f 11306 11312 11313
f 11314 11317 11315
f 11315 11316 11314
f 11316 11315 11307
f 11305 11318 11306
f 11319 11318 11305
f 11320 11321 11322
f 11322 11323 11320
f 11325 11326 11324
f 11332 11330 11327
f 11334 11331 11337
f 11336 11333 11335
f 11330 11338 11327
f 11338 11332 11327
f 11328 11337 11331
f 11334 11328 11331
f 11329 11335 11333
f 11336 11329 11333
f 11339 11340 11344
f 11345 11346 11347
f 11348 11341 11349
f 11343 11349 11341
f 11341 11342 11343
f 11350 11339 11344
f 11351 11342 11341
f 11341 11348 11351
f 11343 11342 11351
f 11340 11339 11350
f 11352 11353 11354
f 11354 11355 11352
f 11367 11369 11360
f 11357 11360 11369
f 11367 11360 11363
f 11364 11356 11358
f 11365 11363 11368
f 11363 11365 11367
f 11361 11366 11362
f 11359 11360 11357
f 11368 11363 11360
f 11360 11359 11368
f 11370 11371 11362
f 11372 11369 11367
f 11373 11374 11375
f 11376 11374 11377
f 11378 11374 11379
f 11380 11374 11381
f 11377 11374 11382
f 11381 11374 11378
f 11383 11374 11384
f 11354 11353 11367
f 11366 11370 11362
f 11356 11364 11385
f 11358 11356 11385
f 11359 11357 11386
f 11357 11369 11372
f 11372 11386 11357
f 11362 11371 11361
f 11388 11389 11387
f 11392 11393 11394
f 11395 11394 11393
f 11396 11397 11394
f 11399 11391 11398
f 11397 11392 11394
f 11389 11396 11394
f 11394 11387 11389
f 11398 11390 11399
f 11400 11388 11406
f 11401 11402 11403
f 11404 11405 11398
f 11398 11391 11404
f 11388 11400 11389
f 11398 11405 11390
f 11399 11404 11391
f 11393 11392 11403
f 11395 11393 11403
f 11397 11396 11407
f 11407 11403 11392
f 11392 11397 11407
f 11400 11407 11396
f 11396 11389 11400
f 11388 11387 11406
f 11409 11410 11411
f 11412 11409 11411
f 11410 11413 11411
f 11413 11410 11414
f 11416 11417 11415
f 11415 11408 11416
f 11410 11409 11418
f 11409 11412 11418
f 11419 11418 11412
f 11412 11411 11419
f 11414 11410 11418
f 11417 11420 11421
f 11408 11415 11417
f 11422 11423 11424
f 11424 11425 11422
f 11427 11428 11426
f 11452 11426 11428
f 11429 11427 11426
f 11435 11430 11431
f 11432 11431 11430
f 11428 11427 11433
f 11452 11428 11433
f 11427 11429 11434
f 11434 11433 11427
f 11432 11435 11431
f 11436 11443 11446
f 11437 11438 11439
f 11439 11440 11437
f 11447 11437 11440
f 11438 11441 11442
f 11442 11439 11438
f 11443 11436 11444
f 11444 11445 11443
f 11445 11444 11432
f 11445 11453 11448
f 11439 11442 11440
f 11441 11440 11442
f 11443 11445 11448
f 11448 11446 11443
f 11449 11450 11451
f 11453 11445 11432
f 11440 11441 11447
f 11457 11454 11456
f 11454 11457 11455
f 11456 11454 11455
f 11459 11460 11461
f 11463 11464 11465
f 11465 11461 11463
f 11475 11466 11474
f 11467 11462 11458
f 11468 11474 11466
f 11466 11464 11468
f 11469 11470 11471
f 11471 11472 11469
f 11477 11472 11478
f 11472 11471 11478
f 11479 11464 11480
f 11480 11484 11479
f 11472 11477 11486
f 11486 11482 11472
f 11473 11484 11483
f 11483 11481 11473
f 11472 11482 11469
f 11473 11481 11474
f 11475 11474 11481
f 11484 11480 11483
f 11484 11473 11474
f 11471 11470 11485
f 11462 11467 11476
f 11458 11462 11476
f 11477 11478 11485
f 11485 11486 11477
f 11478 11471 11485
f 11464 11479 11468
f 11479 11484 11468
f 11474 11468 11484
f 11489 11490 11491
f 11492 11493 11494
f 11495 11496 11488
f 11488 11496 11487
f 11488 11487 11495
f 11497 11498 11499
f 11499 11498 11500
f 11500 11498 11489
f 11503 11504 11505
f 11506 11505 11504
f 11507 11503 11505
f 11509 11510 11508
f 11508 11518 11509
f 11512 11513 11502
f 11511 11514 11510
f 11518 11508 11501
f 11501 11514 11515
f 11504 11503 11516
f 11506 11504 11516
f 11507 11516 11503
f 11508 11510 11514
f 11510 11509 11511
f 11501 11508 11514
f 11513 11512 11517
f 11513 11517 11502
f 11515 11518 11501
f 11531 11519 11520
f 11527 11519 11531
f 11520 11519 11522
f 11527 11522 11519
f 11526 11524 11523
f 11523 11524 11525
f 11523 11521 11522
f 11522 11526 11523
f 11522 11521 11520
f 11531 11520 11528
f 11521 11528 11520
f 11529 11521 11523
f 11532 11531 11528
f 11537 11532 11528
f 11533 11531 11532
f 11533 11532 11535
f 11535 11534 11533
f 11532 11537 11536
f 11535 11532 11536
f 11534 11535 11536
f 11525 11530 11529
f 11529 11523 11525
f 11530 11537 11529
f 11537 11521 11529
f 11528 11521 11537
f 11533 11527 11531
f 11540 11542 11541
f 11540 11541 11539
f 11538 11545 11544
f 11544 11658 11538
f 11545 11543 11544
f 11543 11545 11542
f 11542 11540 11543
f 11549 11547 11548
f 11547 11550 11548
f 11550 11547 11551
f 11551 11552 11550
f 11549 11551 11547
f 11562 11546 11553
f 11552 11551 11554
f 11554 11555 11552
f 11549 11554 11551
f 11562 11553 11556
f 11555 11554 11557
f 11557 11558 11555
f 11549 11557 11554
f 11558 11557 11559
f 11559 11560 11558
f 11549 11559 11557
f 11549 11560 11559
f 11546 11562 11561
f 11561 11553 11546
f 11561 11556 11553
f 11556 11561 11562
f 11566 11564 11565
f 11564 11567 11565
f 11567 11564 11568
f 11568 11569 11567
f 11566 11568 11564
f 11579 11563 11570
f 11569 11568 11571
f 11571 11572 11569
f 11566 11571 11568
f 11579 11570 11573
f 11572 11571 11574
f 11574 11575 11572
f 11566 11574 11571
f 11575 11574 11576
f 11576 11577 11575
f 11566 11576 11574
f 11566 11577 11576
f 11563 11579 11578
f 11578 11570 11563
f 11578 11573 11570
f 11573 11578 11579
f 11581 11580 11582
f 11585 11580 11581
f 11585 11581 11582
f 11585 11582 11580
f 11587 11586 11588
f 11590 11586 11587
f 11590 11587 11588
f 11590 11588 11586
f 11584 11591 11583
f 11584 11593 11591
f 11595 11596 11589
f 11589 11597 11594
f 11596 11598 11589
f 11589 11599 11600
f 11605 11603 11604
f 11608 11606 11607
f 11610 11611 11603
f 11610 11603 11605
f 11606 11612 11607
f 11613 11609 11602
f 11613 11602 11601
f 11609 11601 11602
f 11610 11614 11611
f 11603 11611 11614
f 11614 11615 11603
f 11615 11613 11603
f 11604 11603 11613
f 11605 11604 11613
f 11606 11616 11612
f 11616 11617 11612
f 11607 11612 11617
f 11608 11607 11617
f 11617 11618 11608
f 11606 11608 11618
f 11623 11619 11620
f 11623 11621 11619
f 11625 11619 11621
f 11625 11620 11619
f 11620 11625 11622
f 11620 11622 11623
f 11621 11624 11625
f 11626 11623 11622
f 11626 11622 11625
f 11625 11624 11626
f 11631 11627 11628
f 11631 11629 11627
f 11633 11627 11629
f 11633 11628 11627
f 11628 11633 11630
f 11628 11630 11631
f 11629 11632 11633
f 11634 11631 11630
f 11634 11630 11633
f 11633 11632 11634
f 11638 11636 11637
f 11637 11635 11638
f 11639 11638 11635
f 11635 11637 11639
f 11636 11639 11637
f 11643 11641 11640
f 11640 11642 11643
f 11642 11640 11641
f 11643 11646 11641
f 11644 11641 11646
f 11646 11643 11645
f 11646 11645 11644
f 11647 11641 11644
f 11641 11647 11642
f 11648 11649 11650
f 11648 11650 11651
f 11648 11651 11652
f 11656 11653 11654
f 11655 11654 11653
f 11657 11656 11654
f 11654 11655 11657
f 11653 11657 11655
f 11544 11543 11658
f 11543 11540 11658
f 11540 11539 11658
f 11583 11592 11584
f 11584 11592 11593
f 11589 11600 11597
f 11594 11595 11589
f 11598 11599 11589
f 11666 11665 11659
f 11664 11668 11662
f 11669 11667 11663
f 11659 11670 11666
f 11660 11663 11667
f 11663 11660 11669
f 11659 11665 11670
f 11661 11664 11662
f 11668 11661 11662
f 11672 11671 11699
f 11673 11739 11674
f 11674 11675 11673
f 11675 11697 11676
f 11676 11673 11675
f 11697 11677 11676
f 11697 11706 11677
f 11681 11682 11683
f 11685 11686 11684
f 11749 11687 11679
f 11679 11680 11749
f 11749 11680 11678
f 11749 11678 11689
f 11675 11674 11692
f 11697 11675 11693
f 11705 11691 11699
f 11695 11696 11694
f 11698 11694 11696
f 11704 11707 11701
f 11704 11702 11703
f 11703 11700 11704
f 11707 11704 11700
f 11700 11708 11707
f 11709 11710 11711
f 11712 11710 11709
f 11713 11712 11709
f 11741 11714 11715
f 11716 11717 11715
f 11716 11718 11719
f 11719 11717 11716
f 11720 11721 11719
f 11719 11718 11720
f 11713 11678 11680
f 11680 11712 11713
f 11722 11723 11724
f 11724 11725 11722
f 11726 11727 11728
f 11696 11695 11729
f 11698 11696 11729
f 11706 11697 11693
f 11710 11679 11687
f 11687 11711 11710
f 11712 11680 11679
f 11679 11710 11712
f 11688 11684 11686
f 11691 11690 11730
f 11730 11731 11691
f 11691 11731 11672
f 11672 11699 11691
f 11737 11736 11709
f 11732 11733 11734
f 11734 11735 11732
f 11672 11743 11738
f 11738 11671 11672
f 11673 11740 11739
f 11740 11673 11676
f 11740 11676 11677
f 11736 11713 11709
f 11741 11715 11717
f 11719 11742 11741
f 11741 11717 11719
f 11719 11721 11742
f 11737 11709 11711
f 11743 11731 11730
f 11743 11672 11731
f 11677 11706 11744
f 11699 11671 11745
f 11745 11705 11699
f 11689 11736 11735
f 11746 11747 11720
f 11720 11707 11746
f 11747 11721 11720
f 11689 11748 11749
f 11750 11671 11738
f 11735 11736 11737
f 11744 11740 11677
f 11671 11750 11745
f 11721 11747 11734
f 11734 11742 11721
f 11751 11752 11753
f 11753 11754 11751
f 11685 11684 11688
f 11689 11735 11748
f 11708 11746 11707
f 11736 11689 11678
f 11678 11713 11736
f 11701 11707 11720
f 11720 11718 11701
f 11716 11704 11701
f 11701 11718 11716
f 11702 11704 11716
f 11716 11715 11702
f 11714 11703 11702
f 11702 11715 11714
f 11755 11754 11753
f 11756 11757 11758
f 11759 11760 11758
f 11757 11759 11758
f 11761 11762 11758
f 11763 11764 11765
f 11764 11766 11765
f 11766 11767 11765
f 11768 11769 11765
f 11770 11761 11758
f 11773 11774 11775
f 11776 11777 11778
f 11778 11779 11776
f 11780 11766 11764
f 11774 11773 11777
f 11784 11785 11786
f 11789 11790 11791
f 11791 11792 11789
f 11791 11788 11782
f 11788 11771 11782
f 11793 11772 11783
f 11781 11797 11794
f 11787 11781 11794
f 11794 11795 11787
f 11781 11796 11797
f 11799 11783 11772
f 11787 11798 11796
f 11796 11781 11787
f 11799 11772 11793
f 11798 11787 11795
f 11771 11791 11782
f 11800 11770 11758
f 11817 11816 11802
f 11808 11818 11806
f 11813 11801 11809
f 11809 11803 11813
f 11802 11807 11805
f 11804 11806 11818
f 11809 11801 11808
f 11802 11810 11817
f 11814 11802 11811
f 11811 11812 11814
f 11815 11813 11803
f 11806 11809 11808
f 11805 11807 11819
f 11817 11810 11816
f 11815 11801 11813
f 11818 11808 11804
f 11812 11811 11805
f 11805 11819 11812
f 11802 11805 11811
f 11815 11808 11801
f 11815 11804 11808
f 11821 11822 11823
f 11823 11822 11824
f 11824 11822 11825
f 11826 11822 11827
f 11827 11822 11828
f 11829 11822 11830
f 11830 11822 11831
f 11820 11832 11835
f 11834 11840 11833
f 11836 11835 11832
f 11837 11838 11836
f 11834 11833 11839
f 11839 11840 11834
f 11832 11820 11836
f 11841 11845 11842
f 11842 11843 11841
f 11846 11844 11845
f 11849 11850 11851
f 11851 11852 11849
f 11860 11846 11841
f 11855 11859 11862
f 11868 11891 11857
f 11864 11865 11863
f 11858 11868 11857
f 11864 11867 11866
f 11866 11865 11864
f 11862 11849 11852
f 11891 11868 11870
f 11870 11853 11891
f 11861 11846 11860
f 11865 11871 11872
f 11872 11863 11865
f 11873 11866 11874
f 11874 11875 11873
f 11865 11866 11873
f 11873 11871 11865
f 11841 11846 11845
f 11852 11851 11856
f 11856 11855 11852
f 11876 11861 11860
f 11860 11843 11876
f 11843 11860 11841
f 11862 11852 11855
f 11893 11902 11869
f 11878 11879 11882
f 11879 11880 11882
f 11881 11846 11882
f 11855 11854 11888
f 11883 11884 11881
f 11881 11880 11883
f 11877 11885 11848
f 11886 11887 11879
f 11879 11878 11886
f 11859 11855 11888
f 11882 11880 11881
f 11847 11877 11848
f 11880 11879 11887
f 11887 11883 11880
f 11889 11888 11854
f 11889 11854 11856
f 11856 11851 11889
f 11855 11856 11854
f 11884 11883 11890
f 11850 11889 11851
f 11887 11886 11890
f 11842 11845 11890
f 11883 11887 11890
f 11844 11884 11890
f 11845 11844 11890
f 11866 11867 11874
f 11881 11884 11844
f 11844 11846 11881
f 11858 11857 11891
f 11891 11853 11858
f 11910 11892 11897
f 11846 11861 11882
f 11894 11896 11909
f 11894 11895 11896
f 11896 11895 11875
f 11898 11899 11897
f 11898 11900 11901
f 11901 11899 11898
f 11911 11902 11893
f 11892 11900 11898
f 11898 11897 11892
f 11895 11873 11875
f 11895 11871 11873
f 11871 11895 11894
f 11894 11872 11871
f 11903 11904 11905
f 11906 11905 11904
f 11904 11907 11906
f 11837 11906 11907
f 11907 11908 11837
f 11838 11837 11908
f 11896 11875 11909
f 11903 11910 11897
f 11897 11899 11903
f 11907 11903 11899
f 11899 11901 11907
f 11869 11911 11893
f 11848 11885 11847
f 11912 11913 11914
f 11916 11915 11920
f 11917 11914 11913
f 11917 11913 11918
f 11916 11919 11915
f 11915 11919 11920
f 11918 11912 11914
f 11914 11917 11918
f 11921 11922 12202
f 11923 12202 11922
f 12343 12345 11924
f 11927 11925 11926
f 11939 11929 11967
f 11956 11959 11966
f 12563 11963 11962
f 11967 11968 11933
f 11973 11974 11979
f 11975 11995 11973
f 12279 11976 12205
f 11970 12238 12279
f 11995 12124 11974
f 11974 12124 11978
f 11981 11982 11980
f 11983 11984 11981
f 11985 12004 11987
f 11987 11988 11989
f 11988 11994 11977
f 11986 11977 11975
f 11978 12124 11991
f 11991 12124 11992
f 12124 11995 11993
f 12000 12003 12001
f 12002 12004 12000
f 11999 12004 12002
f 12299 12578 12006
f 11969 11929 12584
f 12013 12014 12015
f 12020 12019 12018
f 12021 12022 12019
f 12026 12023 12028
f 12023 12034 12028
f 12031 12030 12032
f 12024 12032 12025
f 12034 12521 12500
f 12035 12036 12037
f 12038 12039 12043
f 12036 13280 12016
f 12041 12040 12206
f 12052 12053 12051
f 12595 12598 12080
f 12080 12598 12056
f 12076 12049 12077
f 12077 12049 12070
f 12056 12598 12724
f 12070 12049 12057
f 12059 12063 12060
f 12061 12062 12063
f 12064 12059 12053
f 12065 12061 12059
f 12066 12067 12061
f 12068 12069 12067
f 12069 12073 12062
f 12063 12057 12060
f 12054 12060 12602
f 12069 12074 12073
f 12076 12077 12074
f 12079 12080 12056
f 12082 12593 12083
f 12083 12050 12081
f 12086 12087 12088
f 12086 12091 12089
f 11996 11971 12004
f 12090 11955 12091
f 12093 12092 12094
f 12087 12093 12095
f 12088 12095 12096
f 12097 12098 12099
f 12100 12101 12097
f 12101 12102 12098
f 12103 12104 12101
f 12002 12099 11999
f 12000 12097 12002
f 12001 12100 12000
f 12106 12103 12100
f 12103 12107 12108
f 12108 12109 12110
f 12104 12110 12111
f 12102 12111 12112
f 12113 12112 12114
f 12115 12102 12113
f 12099 12115 12130
f 12181 12859 12176
f 12109 12116 12117
f 12118 12119 12116
f 12120 12121 12119
f 12122 12123 12121
f 12125 12126 12127
f 12128 12129 12125
f 11999 12105 12124
f 12115 12131 12128
f 12113 12132 12131
f 12131 12133 12129
f 12129 12134 12126
f 12126 12135 12136
f 12127 12136 12137
f 12124 12138 12169
f 12139 12140 12141
f 12142 12143 12139
f 12140 12144 12145
f 12143 12146 12144
f 12003 12106 12001
f 12004 12141 12003
f 12096 12147 12142
f 12095 12146 12147
f 12146 12094 12122
f 12144 12122 12120
f 12145 12120 12118
f 12107 12118 12109
f 12148 12145 12107
f 12141 12148 12106
f 12094 12150 12123
f 12092 12151 12150
f 12152 12153 12154
f 12155 12156 12152
f 12157 12158 12155
f 12159 12160 12157
f 12156 12161 12153
f 12165 12168 12167
f 12137 12170 12166
f 12136 12182 12170
f 12170 12171 12166
f 12173 12172 12159
f 12174 12167 12173
f 12114 12177 12178
f 12112 12179 12177
f 12111 12180 12179
f 12110 12117 12180
f 12134 12183 12182
f 12133 12184 12183
f 12132 12178 12184
f 12185 12186 12187
f 12188 12159 12157
f 12186 12157 12155
f 12187 12155 12152
f 12189 12152 12154
f 12190 12187 12189
f 11963 12192 12195
f 12233 11961 11960
f 12550 12552 12232
f 12206 12040 12026
f 12207 12208 12025
f 12210 12209 12207
f 12211 12019 12043
f 12207 12018 12211
f 12299 12260 12250
f 12339 12213 12337
f 12216 12217 12218
f 12217 12219 12218
f 12220 12221 12216
f 12222 12541 12219
f 12324 12540 12229
f 12230 12224 12213
f 12536 12323 12231
f 11966 12198 12233
f 11996 12227 12234
f 12235 12338 12239
f 12329 12577 12240
f 12329 12240 12241
f 12246 12045 12247
f 12248 12251 12249
f 12250 12252 12248
f 12254 12250 12249
f 12250 12260 12252
f 12252 12255 12251
f 12258 12256 12257
f 12253 12249 12258
f 12260 12269 12259
f 12256 12261 12257
f 12252 12259 12255
f 12262 12297 12261
f 12262 12261 12263
f 12259 12263 12261
f 12264 12265 12266
f 12267 12268 12297
f 12264 12270 12265
f 12271 12270 12272
f 12266 12271 12273
f 12274 12273 12268
f 12276 12277 12275
f 12280 12281 12282
f 12283 12284 12276
f 12285 12286 12284
f 12284 12287 12277
f 12288 12272 12334
f 12241 12334 12329
f 12288 12241 12240
f 12290 12268 12289
f 12289 12273 12292
f 12271 12293 12292
f 12261 12296 12295
f 12297 12291 12296
f 12300 12302 12299
f 12250 12300 12299
f 12254 12285 12302
f 12302 12283 12303
f 12303 12280 12304
f 12304 12282 12305
f 12306 12307 12308
f 12258 12310 12307
f 12286 12308 12287
f 12253 12306 12286
f 12253 12258 12306
f 12309 12298 12295
f 12279 12278 11970
f 12301 12312 12311
f 12299 12314 12301
f 12305 12315 12314
f 12314 12316 12247
f 12247 12317 12246
f 12318 12245 12319
f 12322 12228 12005
f 12323 12536 12542
f 12325 11970 12278
f 12577 12215 12236
f 12005 12331 12006
f 12334 12264 12329
f 12226 12335 12213
f 12224 12225 12226
f 12226 12336 12335
f 12347 12348 12349
f 12350 12351 12348
f 12349 12352 12353
f 12348 12354 12352
f 12154 12347 12355
f 12153 12350 12347
f 12161 12356 12350
f 12357 13282 12356
f 12356 12358 12351
f 12351 12359 12354
f 12354 12360 12361
f 12352 12361 12362
f 12353 12362 12363
f 12364 12363 12365
f 12366 12353 12364
f 12355 12349 12366
f 12367 12368 12369
f 12370 12371 12368
f 12369 12372 12373
f 12368 12374 12372
f 12190 12367 12375
f 12189 12370 12190
f 12189 12355 12376
f 12376 12366 12371
f 12371 12364 12374
f 12374 12365 12377
f 12372 12377 12378
f 12373 12378 12379
f 12380 12379 12528
f 12381 12373 12380
f 12367 12381 12382
f 12385 12386 12384
f 12365 12383 12387
f 12363 12385 12383
f 12362 12388 12385
f 12361 12389 12388
f 12388 12390 12386
f 12386 12391 12527
f 12530 12393 12394
f 12530 12394 12395
f 12530 12395 12396
f 12033 12403 12400
f 12033 12243 12403
f 12403 12404 12400
f 12405 12406 12404
f 12407 12408 12405
f 12409 12407 12403
f 12410 12411 12407
f 12400 12046 12244
f 12401 12413 12412
f 12401 12414 12242
f 12412 12413 12415
f 12412 12415 12414
f 12416 12417 12418
f 12419 12420 12416
f 12420 12421 12417
f 12422 12423 12420
f 12242 12416 12243
f 12414 12422 12419
f 12415 12424 12422
f 12417 12425 12410
f 12418 12410 12409
f 12243 12427 12426
f 12426 12428 12401
f 12429 12430 12431
f 12432 12433 12430
f 12431 12434 12435
f 12430 12436 12434
f 12393 12429 12437
f 12438 12432 12429
f 12439 12440 12432
f 12441 12440 12529
f 12440 12442 12433
f 12433 12443 12436
f 12436 12444 12445
f 12434 12445 12446
f 12435 12446 12447
f 12448 12447 12449
f 12450 12435 12448
f 12437 12431 12450
f 12451 12452 12453
f 12454 12455 12452
f 12453 12456 12457
f 12452 12458 12456
f 12396 12459 12397
f 12396 12454 12451
f 12395 12460 12454
f 12394 12437 12460
f 12460 12450 12455
f 12455 12448 12458
f 12458 12449 12461
f 12456 12461 12462
f 12463 12462 12482
f 12464 12457 12463
f 12459 12453 12464
f 12399 12483 12466
f 12467 12468 12469
f 12467 12469 12470
f 12471 12467 12470
f 12447 12473 12472
f 12446 12476 12473
f 12445 12477 12476
f 12476 12478 12474
f 12474 12479 12475
f 12472 12474 12481
f 12465 13167 12483
f 12484 12485 12486
f 12486 12488 12489
f 12485 12490 12488
f 12516 12484 12491
f 12516 12487 12484
f 12492 12499 12487
f 12487 12499 12490
f 12490 12501 12493
f 12488 12493 12494
f 12489 12494 12495
f 12496 12495 12497
f 12498 12489 12496
f 12491 12486 12498
f 12499 12533 12501
f 12505 12506 12507
f 12508 12509 12506
f 12507 12510 12511
f 12506 12512 12510
f 12502 12505 12503
f 12513 12508 12505
f 12514 12515 12508
f 12516 12491 12515
f 12515 12498 12509
f 12509 12496 12512
f 12512 12497 12517
f 12510 12517 12518
f 12511 12518 12519
f 12521 12499 12500
f 12520 12525 12522
f 12525 12524 12522
f 12387 12384 12527
f 12528 12527 12397
f 12527 12531 12392
f 12392 12532 12529
f 12530 12439 12438
f 12530 12438 12393
f 12027 12523 12521
f 12536 13284 12321
f 12538 12540 12223
f 12321 12535 12534
f 12542 12320 12535
f 12544 12543 12546
f 12548 12547 12549
f 12553 12554 12555
f 12556 12557 12553
f 11965 12195 12198
f 12197 12559 12556
f 12558 12232 12149
f 12555 12560 12199
f 12562 11962 12561
f 11962 11964 12561
f 11959 11964 11965
f 12561 11964 11959
f 12564 11937 11948
f 11939 11933 12565
f 12569 12571 12547
f 12570 12569 12548
f 12019 12572 12279
f 12319 12317 12575
f 12575 12316 12576
f 12576 12315 12573
f 12573 12282 12281
f 12574 12281 12275
f 11931 12090 11972
f 12591 12592 12590
f 12595 12084 12594
f 12593 12596 12597
f 12593 12597 12050
f 12599 12598 12595
f 12057 12058 12602
f 12602 12058 12600
f 12608 12604 12603
f 12610 12611 12612
f 12610 11925 12611
f 12611 11927 12612
f 12618 13259 12617
f 12622 12632 12633
f 12854 12638 12812
f 12648 12647 12618
f 12686 12652 12650
f 12653 12679 12652
f 12663 12664 12659
f 12660 12877 12661
f 12870 13009 12665
f 12673 12666 12664
f 12870 12665 12666
f 12673 12668 12667
f 12673 12662 12668
f 12698 12661 12656
f 12679 12678 12646
f 12870 12681 12682
f 12870 12674 12683
f 12870 12683 12684
f 12870 12684 12681
f 12879 12685 12651
f 12685 12677 12653
f 12870 12682 12688
f 12870 12688 12689
f 12870 12689 12687
f 12645 12695 12647
f 12657 12658 12694
f 12699 12700 12701
f 12703 12704 12705
f 12707 12708 12706
f 12875 13204 12654
f 12711 12712 12715
f 12714 12702 12713
f 12700 12654 12667
f 13246 12716 12618
f 12710 12716 13246
f 12987 12717 12718
f 12720 13273 12722
f 12732 12740 12727
f 12732 12727 12729
f 12598 12743 12724
f 12598 12726 12743
f 12732 12733 12731
f 12732 12729 12733
f 12734 12733 12741
f 12723 12735 12736
f 12722 12731 12734
f 12738 12739 12737
f 12736 12734 12738
f 12741 12727 12750
f 12726 12744 12743
f 12743 12749 12724
f 12750 12740 12730
f 12751 12752 12753
f 12752 12759 12655
f 12754 12753 12755
f 12756 12751 12754
f 12756 12757 12758
f 12761 12762 12763
f 12764 12765 12761
f 12765 12766 12762
f 12767 12768 12765
f 12769 12683 12674
f 12770 12763 12769
f 12770 12764 12761
f 12771 12772 12764
f 12764 12773 12767
f 12767 12774 12775
f 12775 12776 12777
f 12768 12777 12778
f 12768 12779 12766
f 12766 12682 12681
f 12762 12681 12684
f 12763 12684 12683
f 12776 12780 12781
f 12782 12163 12855
f 12783 12784 12785
f 12786 12787 12783
f 12781 12788 12786
f 12837 12789 12673
f 12790 12791 12792
f 12837 12793 12789
f 12794 12795 12791
f 12837 12673 12675
f 12796 12792 12797
f 12798 12790 12796
f 12799 12794 12790
f 12800 12801 12794
f 12802 12771 12801
f 12801 12770 12795
f 12793 12674 12673
f 12803 12804 12805
f 12803 12806 12807
f 12807 12808 12804
f 12807 12809 12810
f 12779 12688 12682
f 12778 12805 12779
f 12778 12811 12803
f 12777 12781 12811
f 12811 12786 12806
f 12806 12783 12809
f 12809 12785 12756
f 12809 12754 12810
f 12810 12755 12808
f 12755 12690 12687
f 12804 12687 12689
f 12805 12689 12688
f 12785 12813 12757
f 12759 13288 12812
f 12757 12814 12759
f 12815 12816 12817
f 12818 12819 12815
f 12820 12821 12822
f 12823 12822 12824
f 12819 12824 12816
f 12163 12859 12162
f 12826 12829 12828
f 12830 12831 12827
f 12832 12833 12831
f 12831 12834 12827
f 12796 12836 12798
f 12797 12828 12796
f 12838 12839 12772
f 12774 12840 12776
f 12773 12841 12774
f 12772 12842 12773
f 12798 12843 12799
f 12802 12844 12838
f 12800 12845 12802
f 12799 12846 12800
f 12673 12849 12675
f 12850 12851 12848
f 12852 12816 12851
f 12851 12824 12847
f 12847 12822 12853
f 12853 12821 12832
f 12162 13237 12855
f 12642 12861 12640
f 12862 12232 12552
f 12865 12742 12078
f 12670 12869 12669
f 12874 12705 12873
f 12927 12938 12680
f 12882 12690 12906
f 12692 12868 12867
f 12888 12889 12890
f 12891 12889 12892
f 12893 12894 12891
f 12883 12994 12884
f 12900 12901 12886
f 12906 12676 12905
f 12676 12760 12905
f 12914 12619 12912
f 12915 12987 12993
f 12988 12987 12915
f 12917 12918 12919
f 12921 12927 12918
f 12922 12917 12923
f 12983 12924 12917
f 12925 12935 12924
f 12933 12935 12925
f 12926 12921 12920
f 12929 12927 12928
f 12923 12919 12929
f 12932 12937 12931
f 12934 12935 12933
f 12936 12937 12932
f 12937 12927 12930
f 12931 12930 12926
f 12939 12940 12941
f 12943 12944 12934
f 12945 12946 12943
f 12947 12941 12945
f 12947 12948 12939
f 12948 12949 12939
f 12880 12938 12942
f 13006 12999 12948
f 13002 13006 12951
f 12953 12952 12954
f 12955 12956 12957
f 12955 13290 12953
f 12954 12958 12959
f 12960 12959 12922
f 12961 12954 12960
f 12956 12953 12961
f 12963 13002 12962
f 13002 12951 12964
f 12964 12951 12965
f 12965 12947 12968
f 12966 12945 12943
f 12969 12943 12934
f 12972 12973 12971
f 12973 12928 12971
f 12974 12975 12973
f 12957 12972 12976
f 12956 12974 12972
f 12961 12977 12974
f 12960 12923 12977
f 12977 12929 12975
f 12980 12981 12982
f 12925 12983 12980
f 12661 12911 12978
f 12979 12933 12925
f 12981 12922 12959
f 12982 12959 12958
f 12879 13092 12984
f 12987 12988 12989
f 12989 12990 12991
f 12986 12991 12992
f 12976 12992 12957
f 12971 12986 12976
f 13066 12916 12915
f 12994 12883 13001
f 12883 12694 12881
f 12882 12900 12690
f 12900 12886 12690
f 13010 12607 12609
f 12607 13012 12609
f 13014 13015 13016
f 13017 13018 13015
f 13016 13019 13020
f 13015 13021 13019
f 12817 13014 12815
f 13022 13017 13014
f 13023 13024 13017
f 13025 13026 13024
f 13024 13027 13018
f 13018 13028 13021
f 13021 13029 13030
f 13019 13030 13031
f 13020 13031 13032
f 12818 13020 13033
f 12815 13016 12818
f 13034 13035 13036
f 13037 13038 13035
f 13036 13039 13040
f 13035 13041 13039
f 13042 13034 13043
f 13042 13044 13037
f 13045 13046 13044
f 13044 13047 13038
f 13038 13048 13041
f 13041 13049 13025
f 13039 13025 13023
f 13040 13023 13022
f 12852 13022 12817
f 13036 12852 12850
f 13034 12850 13050
f 13051 13052 13053
f 13053 13054 13055
f 13052 13210 13054
f 13049 13051 13026
f 13056 13052 13051
f 13054 13057 13058
f 13055 13058 13059
f 13028 13059 13029
f 13027 13055 13028
f 13026 13053 13027
f 13061 13060 13210
f 13060 13063 13215
f 13065 13096 13076
f 13076 13096 12993
f 13069 13076 12993
f 13070 13071 13069
f 13072 13073 13071
f 13074 13075 13073
f 13080 13067 13077
f 13078 13077 12909
f 13079 13077 13078
f 13080 13077 13079
f 13083 13084 13085
f 13086 13087 13083
f 13087 13088 13084
f 13089 13090 13087
f 13075 13085 13076
f 13091 13083 13075
f 13068 13253 13092
f 13093 13079 13090
f 13090 13078 13088
f 13084 12909 13065
f 13065 12910 13095
f 13095 13082 13096
f 13094 13096 13065
f 13097 13098 13099
f 13100 13101 13098
f 13099 13102 13103
f 13098 13104 13102
f 13064 13097 13105
f 13106 13100 13097
f 13107 13108 13100
f 13109 13110 13108
f 13108 13111 13101
f 13101 13112 13104
f 13104 13113 13114
f 13102 13114 13115
f 13103 13115 13116
f 13103 13117 13214
f 13118 13103 13214
f 13105 13099 13118
f 13119 13120 13121
f 13122 13123 13120
f 13121 13124 13125
f 13120 13126 13124
f 13127 13128 13061
f 13127 13122 13119
f 13129 13130 13122
f 13131 13132 13130
f 13130 13132 13123
f 13123 13133 13126
f 13126 13134 13109
f 13124 13109 13107
f 13125 13107 13106
f 13063 13106 13064
f 13062 13125 13063
f 13128 13121 13062
f 13135 12398 12835
f 13136 13137 13138
f 13139 13140 13137
f 13138 13141 13142
f 13137 13143 13141
f 13144 13136 13145
f 13146 13139 13136
f 13147 13148 13139
f 13148 13150 13140
f 13140 13151 13143
f 13143 13152 13153
f 13141 13153 13154
f 13142 13154 13155
f 13156 13142 13155
f 13145 13138 13156
f 13157 13159 13158
f 13158 13159 13160
f 13134 13157 13110
f 13159 13165 13162
f 13160 13162 13163
f 13112 13163 13113
f 13111 13160 13112
f 13110 13158 13111
f 13131 13157 13132
f 13164 13161 13157
f 13133 13157 13134
f 13132 13157 13133
f 13166 13167 12398
f 13168 13169 13172
f 13170 13171 13169
f 13169 13173 13172
f 13174 13170 13168
f 13175 13176 13170
f 13177 13178 13176
f 13176 13179 13171
f 13171 13180 13173
f 13173 13181 13183
f 13182 13172 13185
f 13190 13191 13192
f 13193 13194 13191
f 13192 13195 13196
f 13191 13197 13195
f 13189 13190 13198
f 13186 13193 13190
f 13186 13199 13193
f 13186 13188 13199
f 13199 13200 13194
f 13194 13201 13197
f 13197 13202 13177
f 13195 13177 13175
f 13196 13175 13174
f 13203 13196 13182
f 13198 13192 13203
f 13183 13184 13204
f 13211 13056 13046
f 13212 13210 13056
f 13048 13056 13049
f 13047 13056 13048
f 13046 13056 13047
f 13210 13215 13213
f 13215 13118 13214
f 13214 13216 13213
f 13213 13216 13217
f 13210 13217 13057
f 13221 12903 12696
f 13229 13231 13228
f 13228 13232 13230
f 13234 13235 13236
f 13238 13239 13235
f 12862 12857 13237
f 12640 12861 12643
f 13240 13236 12860
f 13241 12856 13239
f 13243 12643 12563
f 12987 12718 12993
f 13227 13228 13247
f 13248 13249 13250
f 13248 12955 13249
f 13249 12957 12992
f 13250 12992 12991
f 13251 12991 12990
f 13252 12990 12916
f 12686 13068 12879
f 13263 13264 13265
f 13267 13270 13271
f 13268 13266 12721
f 13269 13266 13268
f 12748 13274 13266
f 13270 12725 13271
f 13272 12731 13273
f 12747 13274 12748
f 13275 13276 13277
f 11921 11923 11922
f 13278 11926 11925
f 11939 11928 11929
f 11972 11930 11931
f 12009 11932 12007
f 11939 11967 11933
f 11935 11944 11934
f 11941 11943 11936
f 11941 11936 11938
f 12564 11942 11937
f 11938 11943 11941
f 11940 11945 12583
f 11947 11935 11934
f 11944 11947 11934
f 11937 11942 11948
f 12588 11949 11954
f 11950 11951 11952
f 11961 11956 11966
f 11955 11958 11957
f 11957 11958 12200
f 11961 11966 11960
f 11964 11962 11963
f 11966 11959 11965
f 11959 11956 12561
f 11956 12562 12561
f 11967 11969 11968
f 11967 11929 11969
f 12578 12299 12047
f 11996 12234 11971
f 11973 11995 11974
f 12279 12238 11976
f 11975 11977 11995
f 11977 11994 11995
f 11979 11974 11978
f 11981 11984 11982
f 11986 11989 11988
f 11987 12004 11988
f 11986 11988 11977
f 12205 11976 11990
f 11979 11978 11991
f 12041 11992 12124
f 11988 12004 11993
f 11993 11995 11994
f 12004 12124 11993
f 11993 11994 11988
f 11996 12004 12337
f 12204 11997 11998
f 11997 12203 11998
f 12000 12004 12003
f 12010 12005 12006
f 12007 11932 12008
f 12008 12009 12007
f 12578 12010 12006
f 12328 12011 12229
f 12006 12331 12012
f 12013 13279 12014
f 12043 12016 12013
f 12211 12013 12017
f 12211 12043 12013
f 12020 12021 12019
f 12023 12124 12027
f 12025 12208 12024
f 12026 12124 12023
f 12023 12027 12034
f 12031 12029 12030
f 12024 12031 12032
f 12318 12033 12400
f 12034 12027 12521
f 12035 13280 12036
f 12124 12040 12041
f 12016 13280 12042
f 12043 12039 12016
f 12205 12038 12043
f 12205 11990 12038
f 12044 11933 11968
f 12045 12244 12046
f 12076 12071 12049
f 12601 12054 12602
f 12052 12064 12053
f 12601 12602 12600
f 12201 12742 12866
f 12074 12077 12070
f 12076 12055 12071
f 12048 12056 12724
f 12057 12049 12058
f 12059 12061 12063
f 12061 12069 12062
f 12063 12062 12070
f 12064 12065 12059
f 12065 12066 12061
f 12066 12068 12067
f 12062 12073 12070
f 12063 12070 12057
f 12054 12059 12060
f 12085 12055 12076
f 12055 12085 12071
f 12069 12072 12074
f 12072 12076 12074
f 12073 12074 12070
f 12866 12075 12201
f 12079 12084 12080
f 12719 12079 12056
f 12081 12082 12083
f 12082 12596 12593
f 12083 12593 12050
f 12072 12085 12076
f 12086 12089 12087
f 12086 12090 12091
f 12089 12091 12092
f 12093 12089 12092
f 12087 12089 12093
f 12088 12087 12095
f 12097 12101 12098
f 12100 12103 12101
f 12101 12104 12102
f 12103 12108 12104
f 11999 12099 12105
f 12002 12097 12099
f 12000 12100 12097
f 12001 12106 12100
f 12106 12148 12103
f 12103 12148 12107
f 12108 12107 12109
f 12104 12108 12110
f 12102 12104 12111
f 12113 12102 12112
f 12115 12098 12102
f 12099 12098 12115
f 12109 12118 12116
f 12118 12120 12119
f 12120 12122 12121
f 12122 12094 12123
f 12125 12129 12126
f 12128 12131 12129
f 12130 12115 12128
f 12115 12113 12131
f 12113 12114 12132
f 12131 12132 12133
f 12129 12133 12134
f 12126 12134 12135
f 12127 12126 12136
f 12124 12105 12138
f 12139 12143 12140
f 12142 12147 12143
f 12140 12143 12144
f 12143 12147 12146
f 12003 12141 12106
f 12004 12139 12141
f 12004 11971 12139
f 12096 12095 12147
f 12095 12093 12146
f 12146 12093 12094
f 12144 12146 12122
f 12145 12144 12120
f 12107 12145 12118
f 12148 12140 12145
f 12141 12140 12148
f 12094 12092 12150
f 12092 12091 12151
f 12091 11957 12151
f 12181 12149 12859
f 12152 12156 12153
f 12155 12158 12156
f 12157 12160 12158
f 12159 12172 12160
f 12156 13281 12161
f 12176 12859 12163
f 12165 12166 12164
f 12165 12164 12168
f 12164 12166 12168
f 12137 12136 12170
f 12136 12135 12182
f 12170 12182 12171
f 12167 12168 12172
f 12173 12167 12172
f 12174 12165 12167
f 12169 12138 12175
f 12466 12181 12176
f 12114 12112 12177
f 12112 12111 12179
f 12111 12110 12180
f 12110 12109 12117
f 12135 12134 12182
f 12134 12133 12183
f 12133 12132 12184
f 12132 12114 12178
f 12188 12174 12173
f 12188 12173 12159
f 12186 12188 12157
f 12187 12186 12155
f 12189 12187 12152
f 12190 12185 12187
f 12091 11955 11957
f 11963 12563 12192
f 12551 12552 12550
f 12193 12194 12191
f 11964 11963 12195
f 12194 12193 12196
f 12196 12193 12191
f 12558 12551 12550
f 12149 12232 12859
f 11966 11965 12198
f 11954 11949 12200
f 11955 11954 11958
f 12090 11954 11955
f 12075 12078 12201
f 12004 11999 12124
f 12043 12019 12205
f 12279 12205 12019
f 12026 12040 12124
f 12207 12209 12208
f 12017 12212 12211
f 12212 12207 12211
f 12207 12020 12018
f 12211 12018 12019
f 12299 12006 12260
f 12215 12536 12231
f 12204 11998 12203
f 12339 12214 12213
f 12216 12221 12217
f 12217 12222 12219
f 12324 12223 12540
f 12213 12224 12226
f 12224 12230 12225
f 12337 12335 12227
f 12335 12336 12227
f 12322 12010 12228
f 12214 12230 12213
f 11960 11966 12233
f 12236 12327 12235
f 12236 12215 12327
f 12235 12327 12338
f 11970 12326 12238
f 12237 12236 12235
f 12239 12237 12235
f 12577 12236 12240
f 12245 12244 12045
f 12246 12245 12045
f 12249 12250 12248
f 12248 12252 12251
f 12253 12254 12249
f 12254 12300 12250
f 12258 12249 12256
f 12260 12006 12269
f 12256 12259 12261
f 12252 12260 12259
f 12262 12267 12297
f 12259 12262 12263
f 12267 12274 12268
f 12006 12012 12269
f 12271 12265 12270
f 12266 12265 12271
f 12274 12266 12273
f 12334 12272 12270
f 12334 12270 12264
f 12276 12284 12277
f 12280 12276 12281
f 12280 12283 12276
f 12283 12285 12284
f 12285 12253 12286
f 12284 12286 12287
f 12572 12278 12279
f 12281 12276 12275
f 12288 12293 12272
f 12241 12288 12334
f 12289 12292 12294
f 12290 12294 12291
f 12290 12289 12294
f 12290 12297 12268
f 12289 12268 12273
f 12273 12271 12292
f 12271 12272 12293
f 12292 12293 12294
f 12295 12257 12261
f 12261 12297 12296
f 12295 12298 12257
f 12297 12290 12291
f 12300 12254 12302
f 12254 12253 12285
f 12302 12285 12283
f 12303 12283 12280
f 12304 12280 12282
f 12306 12258 12307
f 12307 12310 12309
f 12258 12257 12310
f 12286 12306 12308
f 12310 12257 12298
f 12309 12310 12298
f 12299 12301 12311
f 12301 12314 12312
f 12299 12311 12313
f 12299 12302 12314
f 12305 12282 12315
f 12314 12315 12316
f 12247 12316 12317
f 12317 12245 12246
f 12318 12400 12244
f 12318 12244 12245
f 12005 12010 12322
f 12320 12321 12534
f 12586 12536 12329
f 12536 12321 12320
f 12536 12215 12329
f 12011 12324 12229
f 11970 12325 12326
f 12215 12338 12327
f 12229 12585 12328
f 12332 12330 12264
f 12005 12228 12331
f 12264 12333 12332
f 12333 12330 12332
f 12215 12577 12329
f 12227 11996 12337
f 12213 12335 12337
f 12226 12225 12336
f 12231 12338 12215
f 12337 12004 12339
f 12004 11985 12339
f 12341 12606 12340
f 12613 12346 12342
f 11924 12344 12343
f 12343 12344 12345
f 12613 13011 12346
f 12347 12350 12348
f 12350 12356 12351
f 12349 12348 12352
f 12348 12351 12354
f 12154 12153 12347
f 12153 12161 12350
f 12161 12357 12356
f 12356 13282 12358
f 12351 12358 12359
f 12354 12359 12360
f 12352 12354 12361
f 12353 12352 12362
f 12364 12353 12363
f 12366 12349 12353
f 12355 12347 12349
f 12367 12370 12368
f 12370 12376 12371
f 12369 12368 12372
f 12368 12371 12374
f 12190 12370 12367
f 12189 12376 12370
f 12189 12154 12355
f 12376 12355 12366
f 12371 12366 12364
f 12374 12364 12365
f 12372 12374 12377
f 12373 12372 12378
f 12380 12373 12379
f 12381 12369 12373
f 12367 12369 12381
f 12383 12385 12384
f 12385 12388 12386
f 12384 12386 12527
f 12365 12363 12383
f 12363 12362 12385
f 12362 12361 12388
f 12361 12360 12389
f 12388 12389 12390
f 12386 12390 12391
f 12387 12383 12384
f 12530 12396 12397
f 12397 12392 12530
f 12398 12399 12466
f 12176 12398 12466
f 12033 12427 12243
f 12401 12428 12402
f 12403 12405 12404
f 12403 12407 12405
f 12405 12408 12406
f 12407 12411 12408
f 12243 12409 12403
f 12409 12410 12407
f 12410 12425 12411
f 12400 12404 12046
f 12401 12402 12413
f 12401 12412 12414
f 12047 13068 12650
f 12416 12420 12417
f 12419 12422 12420
f 12420 12423 12421
f 12422 12424 12423
f 12243 12418 12409
f 12243 12416 12418
f 12242 12419 12416
f 12242 12414 12419
f 12414 12415 12422
f 12415 12413 12424
f 12417 12421 12425
f 12418 12417 12410
f 12426 12427 12428
f 12242 12426 12401
f 12243 12426 12242
f 12429 12432 12430
f 12432 12440 12433
f 12431 12430 12434
f 12430 12433 12436
f 12393 12438 12429
f 12438 12439 12432
f 12439 12529 12440
f 12441 13283 12440
f 12440 13283 12442
f 12433 12442 12443
f 12436 12443 12444
f 12434 12436 12445
f 12435 12434 12446
f 12448 12435 12447
f 12450 12431 12435
f 12437 12429 12431
f 12451 12454 12452
f 12454 12460 12455
f 12453 12452 12456
f 12452 12455 12458
f 12396 12451 12459
f 12396 12395 12454
f 12395 12394 12460
f 12394 12393 12437
f 12460 12437 12450
f 12455 12450 12448
f 12458 12448 12449
f 12456 12458 12461
f 12457 12456 12462
f 12463 12457 12462
f 12464 12453 12457
f 12459 12451 12453
f 12398 12465 12399
f 12399 12465 12483
f 12467 12471 12468
f 12472 12473 12474
f 12473 12476 12474
f 12449 12447 12472
f 12447 12446 12473
f 12446 12445 12476
f 12445 12444 12477
f 12476 12477 12478
f 12474 12478 12479
f 12475 12479 12480
f 12474 12475 12480
f 12481 12474 12480
f 12482 12462 12472
f 12462 12461 12472
f 12461 12449 12472
f 12482 12481 12480
f 12482 12472 12481
f 12465 12398 13167
f 12484 12487 12485
f 12486 12485 12488
f 12485 12487 12490
f 12516 12492 12487
f 12490 12499 12501
f 12488 12490 12493
f 12489 12488 12494
f 12496 12489 12495
f 12498 12486 12489
f 12491 12484 12486
f 12492 12500 12499
f 12504 12502 12503
f 12504 12503 12519
f 12505 12508 12506
f 12508 12515 12509
f 12507 12506 12510
f 12506 12509 12512
f 12502 12513 12505
f 12513 12514 12508
f 12514 12516 12515
f 12515 12491 12498
f 12509 12498 12496
f 12512 12496 12497
f 12510 12512 12517
f 12511 12510 12518
f 12503 12511 12519
f 12503 12507 12511
f 12503 12505 12507
f 12499 12521 12533
f 12567 12523 12124
f 12525 12520 12524
f 12566 12175 12526
f 12175 12124 12169
f 12175 12566 12124
f 12528 12379 12387
f 12379 12378 12387
f 12378 12377 12387
f 12377 12365 12387
f 12397 12527 12392
f 12528 12387 12527
f 12527 12391 12531
f 12392 12531 12532
f 12532 12441 12529
f 12530 12529 12439
f 12392 12529 12530
f 12027 12124 12523
f 12521 12523 12533
f 12586 12537 12536
f 12320 12534 12535
f 12321 13284 12535
f 12537 13284 12536
f 12538 12229 12540
f 12229 12538 12539
f 12542 12536 12320
f 12543 12544 12545
f 12570 12546 12543
f 12545 12569 12543
f 12570 12543 12569
f 12548 12569 12547
f 12549 12547 12571
f 12553 12557 12554
f 12556 12559 12557
f 11965 11964 12195
f 12558 12550 12232
f 12555 12554 12560
f 12562 12563 11962
f 11958 11954 12200
f 11933 12044 12565
f 12567 12124 12566
f 12047 12313 12568
f 12526 12567 12566
f 12569 12545 12571
f 12019 12022 12572
f 12022 12021 12572
f 12574 12576 12573
f 12319 12245 12317
f 12575 12317 12316
f 12576 12316 12315
f 12573 12315 12282
f 12574 12573 12281
f 13068 12047 12568
f 12047 12650 12578
f 12047 12299 12313
f 12579 12580 12581
f 12579 11946 12580
f 12581 11946 12579
f 11945 11940 12582
f 11945 12582 12583
f 11928 12584 11929
f 12229 12539 12585
f 12264 12586 12329
f 11931 11954 12090
f 11950 11952 12587
f 11952 11951 12587
f 12589 12590 12592
f 11930 11954 11931
f 12589 12591 12590
f 11930 12588 11954
f 12599 12595 12594
f 12595 12080 12084
f 12600 12058 12601
f 12594 12598 12599
f 12060 12057 12602
f 12056 12048 12719
f 12604 12605 12603
f 12606 12341 13013
f 12608 12605 12604
f 12610 13278 11925
f 12611 11925 11927
f 13259 12647 12695
f 13259 12618 12647
f 12628 12621 12622
f 12630 13258 12626
f 12627 12623 12624
f 13245 12623 12627
f 12625 12621 12628
f 12625 12628 12629
f 12622 12629 12628
f 12630 12626 12620
f 12632 12622 12631
f 12632 12631 12633
f 12864 12634 11953
f 12634 12635 11953
f 13261 12638 13262
f 13243 12641 12640
f 12812 12638 13261
f 13244 13285 12636
f 13244 12636 12637
f 12854 13285 12638
f 12638 13285 13244
f 12641 12639 12642
f 13246 12618 12617
f 12648 12644 12647
f 12647 12644 12645
f 12646 12938 12694
f 12649 12648 12618
f 12686 12651 12652
f 12651 12653 12652
f 12653 12677 12679
f 13261 12655 12812
f 12662 12663 12659
f 12673 12663 12662
f 12663 12673 12664
f 12673 12870 12666
f 12667 12654 12673
f 12668 12662 12659
f 12698 12660 12661
f 12669 12869 12671
f 12669 12671 12672
f 12674 12870 12673
f 12878 12680 12678
f 12646 12678 12680
f 12679 12677 12678
f 12646 12680 12938
f 12879 12678 12685
f 12686 12879 12651
f 12879 12878 12678
f 12685 12678 12677
f 12651 12685 12653
f 12690 12870 12687
f 12676 12690 12760
f 12884 13286 12883
f 12672 12670 12669
f 12672 12691 12670
f 12670 12691 12692
f 12645 12693 12695
f 12694 12658 12646
f 13224 12697 12696
f 12656 12876 12698
f 12699 13287 12700
f 12700 12875 12654
f 12703 12706 12704
f 12706 12708 12704
f 12707 12709 12708
f 12875 13185 13204
f 12711 12713 12712
f 12711 12714 12713
f 12716 12649 12618
f 12718 12717 12993
f 12048 12749 12719
f 12740 12732 12730
f 12598 12725 12726
f 12734 12731 12733
f 12722 13273 12731
f 12741 12733 12729
f 12738 12734 12739
f 12736 12735 12734
f 12741 12729 12727
f 12865 12728 12742
f 12750 12727 12740
f 12078 12742 12201
f 12726 12745 12744
f 12726 13267 12745
f 12748 13269 12746
f 12748 12746 12747
f 12743 12744 12749
f 12751 12758 12752
f 12752 12758 12759
f 12754 12751 12753
f 12756 12758 12751
f 12756 12785 12757
f 12757 12759 12758
f 12655 12759 12812
f 12690 12755 12760
f 12761 12765 12762
f 12764 12767 12765
f 12765 12768 12766
f 12767 12775 12768
f 12769 12763 12683
f 12770 12761 12763
f 12770 12771 12764
f 12771 12838 12772
f 12764 12772 12773
f 12767 12773 12774
f 12775 12774 12776
f 12768 12775 12777
f 12768 12778 12779
f 12766 12779 12682
f 12762 12766 12681
f 12763 12762 12684
f 12776 12840 12780
f 12855 12163 12162
f 12783 12787 12784
f 12786 12788 12787
f 12781 12780 12788
f 12790 12794 12791
f 12794 12801 12795
f 12796 12790 12792
f 12798 12799 12790
f 12799 12800 12794
f 12800 12802 12801
f 12802 12838 12771
f 12801 12771 12770
f 12795 12770 12769
f 12793 12769 12674
f 12789 12793 12673
f 12803 12807 12804
f 12803 12811 12806
f 12807 12810 12808
f 12807 12806 12809
f 12779 12805 12688
f 12778 12803 12805
f 12778 12777 12811
f 12777 12776 12781
f 12811 12781 12786
f 12806 12786 12783
f 12809 12783 12785
f 12809 12756 12754
f 12810 12754 12755
f 12804 12755 12687
f 12805 12804 12689
f 12785 12784 12813
f 12814 13288 12759
f 12757 12813 12814
f 12815 12819 12816
f 12818 13289 12819
f 12820 12833 12821
f 12823 12820 12822
f 12819 12823 12824
f 12826 12827 12825
f 12826 12825 12829
f 12825 12827 12829
f 12830 12832 12831
f 12832 12821 12833
f 12831 12833 12834
f 12828 12829 12836
f 12796 12828 12836
f 12797 12826 12828
f 12675 12849 12837
f 12838 12844 12839
f 12774 12841 12840
f 12773 12842 12841
f 12772 12839 12842
f 12798 12836 12843
f 12782 12835 12163
f 12802 12845 12844
f 12800 12846 12845
f 12799 12843 12846
f 12848 12851 12847
f 12673 13208 12849
f 12850 12852 12851
f 12852 12817 12816
f 12851 12816 12824
f 12847 12824 12822
f 12853 12822 12821
f 12830 12853 12832
f 12812 13288 12854
f 12858 12563 12643
f 12863 13233 12857
f 12643 13242 12858
f 12162 12859 13237
f 12642 12639 12861
f 12863 12862 12552
f 12635 12864 11953
f 13262 12638 13244
f 12742 12728 12866
f 12670 12692 12867
f 12867 12868 12670
f 12670 12868 12869
f 12871 12872 12873
f 12872 12874 12873
f 12874 12703 12705
f 12656 12978 12876
f 12878 12927 12680
f 12938 12927 12937
f 12985 12971 12879
f 12879 12971 12878
f 12971 12928 12927
f 12971 12927 12878
f 12950 12881 12880
f 12694 12938 12880
f 12690 12886 12887
f 12886 12904 12887
f 12908 12885 12907
f 12888 12892 12889
f 12891 12894 12889
f 12996 12895 12995
f 12896 12888 12890
f 12902 12898 12897
f 12898 12899 12897
f 12900 13008 12901
f 12897 12899 12902
f 12886 12901 12904
f 12885 12995 12907
f 12906 12690 12676
f 12862 12859 12232
f 12641 12642 12640
f 12913 12908 12907
f 12660 12911 12877
f 12912 12913 12914
f 13002 12912 12619
f 12962 12913 12912
f 13065 12909 12910
f 12909 13077 12910
f 12916 12988 12915
f 12917 12920 12918
f 12920 12921 12918
f 12919 12918 12927
f 12921 12930 12927
f 12922 12983 12917
f 12983 12925 12924
f 12926 12930 12921
f 12929 12919 12927
f 12923 12917 12919
f 12931 12937 12930
f 12934 12944 12935
f 12936 12942 12937
f 12942 12938 12937
f 12936 12940 12942
f 12939 12949 12940
f 12940 12880 12942
f 12940 12950 12880
f 12943 12946 12944
f 12945 12941 12946
f 12947 12939 12941
f 12947 12951 12948
f 12948 12999 12949
f 12951 13006 12948
f 12953 13290 12952
f 12955 12953 12956
f 12954 12952 12958
f 12960 12954 12959
f 12961 12953 12954
f 12963 12912 13002
f 12962 13002 12964
f 12912 12963 12962
f 12967 12968 12966
f 12967 12965 12968
f 12965 12951 12947
f 12968 12947 12945
f 12966 12968 12945
f 12969 12966 12943
f 12967 12966 12969
f 12970 12967 12969
f 12970 12934 12933
f 12661 12877 12911
f 12970 12969 12934
f 12979 12970 12933
f 12972 12974 12973
f 12973 12975 12928
f 12974 12977 12975
f 12976 12972 12971
f 12957 12956 12972
f 12956 12961 12974
f 12961 12960 12977
f 12960 12922 12923
f 12977 12923 12929
f 12975 12929 12928
f 12979 12925 12980
f 12980 12983 12981
f 12981 12983 12922
f 12982 12981 12959
f 12985 12879 12984
f 12879 13068 13092
f 12985 12984 12986
f 12988 12916 12990
f 12989 12988 12990
f 12986 12989 12991
f 12976 12986 12992
f 12971 12985 12986
f 13066 13252 12916
f 12993 13066 12915
f 12907 12995 12614
f 12996 12995 12885
f 12696 12903 13224
f 12614 12619 12907
f 12913 12907 12619
f 12883 12657 12694
f 12881 12694 12880
f 12614 13223 12997
f 12997 12998 12614
f 13005 13000 13003
f 12999 12998 13007
f 12881 13001 12883
f 12619 12614 13002
f 13003 13000 13004
f 13003 13004 13005
f 13002 12614 12998
f 13006 12998 12999
f 13002 12998 13006
f 12998 12997 13007
f 12882 13008 12900
f 12887 13009 12690
f 13009 12870 12690
f 12342 13011 12613
f 13010 13012 12607
f 12341 12340 13013
f 13014 13017 13015
f 13017 13024 13018
f 13016 13015 13019
f 13015 13018 13021
f 12817 13022 13014
f 13022 13023 13017
f 13023 13025 13024
f 13025 13049 13026
f 13024 13026 13027
f 13018 13027 13028
f 13021 13028 13029
f 13019 13021 13030
f 13020 13019 13031
f 13033 13020 13032
f 12818 13016 13020
f 12815 13014 13016
f 12835 12176 12163
f 12835 12398 12176
f 13034 13037 13035
f 13037 13044 13038
f 13036 13035 13039
f 13035 13038 13041
f 13042 13037 13034
f 13042 13045 13044
f 13045 13211 13046
f 13044 13046 13047
f 13038 13047 13048
f 13041 13048 13049
f 13039 13041 13025
f 13040 13039 13023
f 12852 13040 13022
f 13036 13040 12852
f 13034 13036 12850
f 13053 13052 13054
f 13049 13056 13051
f 13054 13210 13057
f 13055 13054 13058
f 13028 13055 13059
f 13027 13053 13055
f 13026 13051 13053
f 13210 13060 13215
f 13061 13128 13060
f 13060 13128 13062
f 13060 13062 13063
f 13215 13063 13064
f 12993 13096 13066
f 12910 13067 13082
f 13069 13071 13076
f 13070 13072 13071
f 13071 13073 13076
f 13072 13074 13073
f 12717 13069 12993
f 13074 13091 13075
f 13073 13075 13076
f 13080 13081 13067
f 13067 13081 13082
f 13077 13067 12910
f 13083 13087 13084
f 13086 13089 13087
f 13087 13090 13088
f 13089 13093 13090
f 13076 13085 13065
f 13075 13083 13085
f 13091 13086 13083
f 13093 13080 13079
f 13090 13079 13078
f 13088 13078 12909
f 13084 13088 12909
f 13085 13084 13065
f 13094 13065 13095
f 13095 12910 13082
f 13094 13095 13096
f 13097 13100 13098
f 13100 13108 13101
f 13099 13098 13102
f 13098 13101 13104
f 13064 13106 13097
f 13106 13107 13100
f 13107 13109 13108
f 13109 13134 13110
f 13108 13110 13111
f 13101 13111 13112
f 13104 13112 13113
f 13102 13104 13114
f 13103 13102 13115
f 13103 13116 13117
f 13118 13099 13103
f 13105 13097 13099
f 13119 13122 13120
f 13122 13130 13123
f 13121 13120 13124
f 13120 13123 13126
f 13127 13119 13128
f 13127 13129 13122
f 13129 13131 13130
f 13123 13132 13133
f 13126 13133 13134
f 13124 13126 13109
f 13125 13124 13107
f 13063 13125 13106
f 13062 13121 13125
f 13128 13119 13121
f 13136 13139 13137
f 13139 13148 13140
f 13138 13137 13141
f 13137 13140 13143
f 13144 13146 13136
f 13146 13147 13139
f 13147 13149 13148
f 13148 13149 13150
f 13140 13150 13151
f 13143 13151 13152
f 13141 13143 13153
f 13142 13141 13154
f 13156 13138 13142
f 13145 13136 13138
f 13157 13161 13159
f 13159 13161 13165
f 13160 13159 13162
f 13112 13160 13163
f 13111 13158 13160
f 13110 13157 13158
f 13131 13164 13157
f 13161 13164 13165
f 13135 13166 12398
f 13166 13135 13167
f 13168 13170 13169
f 13170 13176 13171
f 13169 13171 13173
f 13182 13174 13168
f 13174 13175 13170
f 13175 13177 13176
f 13177 13202 13178
f 13176 13178 13179
f 13171 13179 13180
f 13173 13180 13181
f 13172 13173 13183
f 13185 13172 13183
f 13182 13168 13172
f 13183 13181 13184
f 13185 13183 13204
f 13189 13187 13186
f 13186 13187 13188
f 13190 13193 13191
f 13193 13199 13194
f 13192 13191 13195
f 13191 13194 13197
f 13189 13186 13190
f 13199 13188 13200
f 13194 13200 13201
f 13197 13201 13202
f 13195 13197 13177
f 13196 13195 13175
f 13182 13196 13174
f 13203 13192 13196
f 13198 13190 13192
f 13218 13206 13205
f 13205 13206 13207
f 12673 13209 13208
f 13211 13212 13056
f 13212 13061 13210
f 13056 13210 13052
f 13213 13215 13214
f 13215 13064 13105
f 13215 13105 13118
f 13214 13117 13216
f 13210 13213 13217
f 12654 13204 12673
f 13207 13218 13205
f 12995 13222 13219
f 13260 13221 12696
f 12995 12895 13220
f 12995 13220 13222
f 12614 12995 13223
f 12995 13219 13223
f 12903 13221 13224
f 13230 13225 13226
f 13247 13226 13227
f 13225 13227 13226
f 13228 13231 13232
f 13229 13232 13231
f 12552 13233 12863
f 13234 13238 13235
f 12859 12862 13237
f 13238 13241 13239
f 13240 13234 13236
f 12862 12863 12857
f 12643 12861 13242
f 13243 12640 12643
f 12637 13262 13244
f 12624 13245 12627
f 12617 12710 13246
f 13184 13208 13209
f 13204 13209 12673
f 13184 13209 13204
f 13227 13229 13228
f 13247 13228 13230
f 13226 13247 13230
f 12656 12661 12978
f 13248 13290 12955
f 13249 12955 12957
f 13250 13249 12992
f 13251 13250 12991
f 13252 13251 12990
f 12619 12914 12913
f 13068 12568 13253
f 12686 12650 13068
f 13256 13254 13255
f 13254 13257 13255
f 13255 13257 13256
f 13258 12620 12626
f 12695 12693 13259
f 12697 13260 12696
f 13286 12657 12883
f 13262 12615 13261
f 12658 12657 13286
f 12616 13265 13264
f 12616 13263 13265
f 13262 12637 12615
f 13267 12726 13270
f 13269 12748 13266
f 13266 13274 12721
f 13273 12720 13272
f 13270 12726 12725
f 13272 12732 12731
f 12048 12724 12749
f 13275 13291 13276
f 13292 13294 13293
f 13295 13294 13292
f 13293 13295 13292
f 13296 13297 13298
f 13307 13308 13309
f 13299 13308 13302
f 13310 13311 13312
f 13301 13313 13300
f 13314 13315 13312
f 13312 13311 13314
f 13314 13316 13317
f 13317 13315 13314
f 13303 13300 13313
f 13299 13302 13305
f 13303 13301 13300
f 13319 13304 13318
f 13304 13306 13318
f 13308 13305 13302
f 13306 13319 13318
f 13320 13321 13322
f 13322 13323 13320
f 13329 13325 13324
f 13329 13324 13328
f 13330 13328 13324
f 13324 13325 13330
f 13331 13354 13347
f 13332 13327 13345
f 13326 13334 13333
f 13335 13336 13337
f 13337 13336 13338
f 13339 13336 13340
f 13340 13336 13341
f 13322 13336 13323
f 13342 13343 13344
f 13344 13327 13342
f 13344 13345 13327
f 13331 13347 13326
f 13326 13333 13331
f 13327 13346 13342
f 13354 13331 13333
f 13348 13328 13330
f 13330 13349 13348
f 13350 13329 13328
f 13328 13348 13350
f 13351 13327 13332
f 13332 13350 13351
f 13327 13352 13346
f 13327 13351 13352
f 13334 13353 13333
f 13355 13356 13354
f 13355 13354 13353
f 13343 13342 13357
f 13342 13346 13360
f 13360 13357 13342
f 13354 13356 13347
f 13348 13349 13358
f 13350 13348 13358
f 13351 13350 13359
f 13346 13352 13360
f 13352 13351 13359
f 13359 13360 13352
f 13353 13354 13333
f 13366 13365 13363
f 13362 13370 13364
f 13361 13375 13367
f 13367 13368 13361
f 13363 13371 13377
f 13377 13366 13363
f 13361 13368 13369
f 13371 13363 13365
f 13372 13373 13374
f 13373 13370 13362
f 13368 13367 13379
f 13362 13364 13373
f 13376 13379 13367
f 13367 13375 13376
f 13369 13368 13379
f 13371 13365 13377
f 13375 13361 13378
f 13378 13376 13375
f 13389 13390 13391
f 13391 13385 13389
f 13392 13391 13390
f 13383 13385 13393
f 13382 13384 13399
f 13396 13399 13384
f 13388 13398 13397
f 13393 13394 13383
f 13384 13382 13401
f 13386 13401 13382
f 13402 13403 13404
f 13403 13405 13404
f 13406 13407 13404
f 13408 13409 13404
f 13401 13396 13384
f 13411 13412 13410
f 13401 13413 13414
f 13414 13415 13401
f 13396 13401 13415
f 13415 13410 13396
f 13395 13387 13416
f 13396 13410 13399
f 13381 13397 13398
f 13416 13387 13399
f 13385 13383 13394
f 13394 13380 13385
f 13381 13417 13400
f 13388 13381 13400
f 13381 13388 13397
f 13398 13417 13381
f 13382 13387 13395
f 13395 13386 13382
f 13387 13382 13399
f 13410 13416 13399
f 13420 13418 13435
f 13420 13435 13419
f 13421 13422 13423
f 13423 13418 13421
f 13446 13450 13424
f 13424 13425 13446
f 13426 13427 13428
f 13428 13429 13426
f 13430 13431 13429
f 13429 13428 13430
f 13432 13433 13434
f 13437 13430 13428
f 13428 13438 13437
f 13433 13439 13434
f 13419 13435 13436
f 13418 13423 13436
f 13425 13424 13439
f 13440 13431 13430
f 13430 13441 13440
f 13442 13432 13443
f 13444 13433 13432
f 13432 13442 13444
f 13418 13420 13421
f 13423 13422 13445
f 13433 13444 13446
f 13450 13446 13449
f 13420 13419 13448
f 13422 13421 13447
f 13440 13441 13451
f 13443 13449 13442
f 13444 13442 13449
f 13420 13447 13421
f 13445 13422 13447
f 13435 13418 13436
f 13448 13447 13420
f 13433 13425 13439
f 13425 13433 13446
f 13446 13444 13449
f 13453 13452 13454
f 13454 13456 13453
f 13456 13454 13455
f 13456 13455 13457
f 13457 13459 13456
f 13459 13457 13458
f 13459 13458 13460
f 13460 13462 13459
f 13462 13460 13461
f 13462 13461 13463
f 13463 13465 13462
f 13465 13463 13464
f 13465 13464 13466
f 13466 13467 13465
f 13467 13466 13468
f 13472 13469 13470
f 13472 13470 13471
f 13471 13475 13472
f 13475 13471 13473
f 13475 13473 13474
f 13474 13478 13475
f 13478 13474 13476
f 13478 13476 13477
f 13477 13481 13478
f 13481 13477 13479
f 13481 13479 13480
f 13453 13481 13480
f 13480 13452 13453
f 13456 13468 13453
f 13459 13468 13456
f 13462 13468 13459
f 13465 13468 13462
f 13468 13465 13467
f 13468 13469 13472
f 13468 13472 13475
f 13478 13468 13475
f 13481 13468 13478
f 13453 13468 13481
f 13483 13484 13482
f 13482 13484 13485
f 13487 13488 13486
f 13490 13489 13488
f 13487 13486 13491
f 13485 13493 13482
f 13494 13495 13485
f 13491 13486 13496
f 13488 13496 13486
f 13488 13489 13492
f 13492 13489 13490
f 13483 13482 13493
f 13499 13498 13500
f 13498 13497 13500
f 13509 13504 13503
f 13507 13506 13503
f 13507 13504 13506
f 13506 13501 13502
f 13504 13501 13506
f 13503 13506 13505
f 13503 13504 13507
f 13505 13508 13503
f 13503 13508 13509
f 13506 13502 13505
f 13509 13501 13504
f 13510 13511 13512
f 13514 13511 13510
f 13518 13517 13522
f 13510 13519 13514
f 13521 13515 13520
f 13516 13515 13521
f 13516 13520 13515
f 13525 13518 13522
f 13522 13517 13523
f 13525 13522 13523
f 13513 13514 13519
f 13514 13513 13512
f 13512 13511 13514
f 13517 13524 13523
f 13527 13528 13526
f 13530 13531 13529
f 13532 13533 13534
f 13534 13533 13540
f 13530 13529 13535
f 13527 13526 13536
f 13539 13538 13537
f 13536 13526 13528
f 13535 13529 13531
f 13540 13533 13532
f 13541 13539 13537
f 13537 13538 13541
f 13518 13524 13517
f 13544 13542 13543
f 13546 13547 13549
f 13551 13552 13550
f 13553 13550 13552
f 13547 13546 13557
f 13549 13557 13546
f 13551 13561 13552
f 13561 13553 13552
f 13562 13559 13560
f 13554 13559 13563
f 13555 13558 13564
f 13566 13567 13568
f 13558 13554 13566
f 13570 13571 13569
f 13570 13548 13571
f 13572 13573 13574
f 13565 13556 13555
f 13562 13563 13559
f 13544 13543 13545
f 13542 13544 13545
f 13571 13548 13569
f 13559 13554 13558
f 13558 13560 13559
f 13563 13566 13554
f 13558 13555 13556
f 13564 13565 13555
f 13499 13500 13497
f 13575 13576 13577
f 13577 13578 13575
f 13579 13580 13581
f 13580 13582 13583
f 13583 13581 13580
f 13584 13585 13586
f 13585 13587 13588
f 13588 13586 13585
f 13589 13588 13587
f 13590 13591 13592
f 13593 13594 13591
f 13591 13590 13593
f 13595 13596 13520
f 13596 13597 13598
f 13598 13520 13596
f 13599 13600 13601
f 13601 13602 13599
f 13600 13603 13604
f 13607 13628 13606
f 13611 13610 13608
f 13612 13613 13611
f 13614 13617 13609
f 13623 13611 13613
f 13619 13620 13618
f 13605 13622 13621
f 13633 13611 13608
f 13613 13612 13623
f 13625 13620 13619
f 13626 13620 13625
f 13626 13618 13620
f 13624 13621 13622
f 13624 13605 13621
f 13652 13615 13627
f 13629 13630 13631
f 13636 13627 13615
f 13614 13634 13617
f 13629 13631 13632
f 13633 13608 13610
f 13614 13609 13634
f 13615 13652 13641
f 13615 13639 13636
f 13616 13637 13640
f 13639 13615 13616
f 13616 13640 13639
f 13638 13637 13616
f 13616 13652 13638
f 13642 13607 13606
f 13607 13642 13628
f 13627 13631 13630
f 13627 13632 13631
f 13627 13630 13629
f 13615 13641 13616
f 13641 13652 13616
f 13627 13629 13652
f 13644 13645 13646
f 13643 13653 13647
f 13643 13647 13648
f 13649 13650 13651
f 13652 13654 13635
f 13648 13653 13643
f 13635 13638 13652
f 13652 13629 13654
f 13655 13656 13657
f 13658 13659 13660
f 13660 13661 13658
f 13662 13663 13664
f 13665 13666 13667
f 13669 13671 13670
f 13668 13669 13670
f 13671 13668 13670
f 13669 13668 13675
f 13671 13669 13672
f 13668 13671 13673
f 13678 13681 13676
f 13679 13682 13677
f 13683 13678 13676
f 13676 13681 13683
f 13684 13685 13686
f 13680 13679 13677
f 13682 13680 13677
f 13675 13672 13669
f 13674 13673 13671
f 13672 13674 13671
f 13673 13675 13668
f 13687 13688 13689
f 13688 13690 13689
f 13690 13691 13689
f 13691 13692 13689
f 13692 13693 13689
f 13693 13694 13689
f 13694 13695 13689
f 13695 13696 13689
f 13696 13697 13689
f 13697 13687 13689
f 13698 13700 13699
f 13700 13701 13699
f 13701 13702 13699
f 13702 13703 13699
f 13703 13704 13699
f 13704 13705 13699
f 13705 13698 13699
f 13706 13707 13708
f 13707 13709 13708
f 13709 13706 13708
f 13710 13712 13711
f 13712 13713 13711
f 13713 13714 13711
f 13714 13715 13711
f 13715 13710 13711
f 13716 13718 13717
f 13718 13719 13717
f 13719 13716 13717
f 13720 13722 13721
f 13722 13723 13721
f 13723 13720 13721
f 13724 13726 13725
f 13726 13727 13725
f 13727 13724 13725
f 13728 13730 13729
f 13730 13731 13729
f 13731 13728 13729
f 13733 13734 13732
f 13735 13754 13736
f 13740 13738 13739
f 13739 13738 13737
f 13739 13737 13740
f 13742 13741 13743
f 13743 13755 13742
f 13746 13744 13745
f 13747 13746 13745
f 13745 13744 13747
f 13749 13748 13751
f 13732 13734 13752
f 13752 13733 13732
f 13753 13735 13736
f 13736 13754 13753
f 13743 13741 13755
f 13751 13748 13750
f 13749 13751 13750
